ISO-10303-21;
HEADER;
FILE_DESCRIPTION(('Open CASCADE Model'),'2;1');
FILE_NAME('Open CASCADE Shape Model','2025-11-29T15:33:14',('Author'),(
    'Open CASCADE'),'Open CASCADE STEP processor 7.8','Open CASCADE 7.8'
  ,'Unknown');
FILE_SCHEMA(('AUTOMOTIVE_DESIGN { 1 0 10303 214 1 1 1 1 }'));
ENDSEC;
DATA;
#1 = APPLICATION_PROTOCOL_DEFINITION('international standard',
  'automotive_design',2000,#2);
#2 = APPLICATION_CONTEXT(
  'core data for automotive mechanical design processes');
#3 = SHAPE_DEFINITION_REPRESENTATION(#4,#10);
#4 = PRODUCT_DEFINITION_SHAPE('','',#5);
#5 = PRODUCT_DEFINITION('design','',#6,#9);
#6 = PRODUCT_DEFINITION_FORMATION('','',#7);
#7 = PRODUCT('Open CASCADE STEP translator 7.8 1',
  'Open CASCADE STEP translator 7.8 1','',(#8));
#8 = PRODUCT_CONTEXT('',#2,'mechanical');
#9 = PRODUCT_DEFINITION_CONTEXT('part definition',#2,'design');
#10 = ADVANCED_BREP_SHAPE_REPRESENTATION('',(#11,#15),#5545);
#11 = AXIS2_PLACEMENT_3D('',#12,#13,#14);
#12 = CARTESIAN_POINT('',(0.,0.,0.));
#13 = DIRECTION('',(0.,0.,1.));
#14 = DIRECTION('',(1.,0.,-0.));
#15 = MANIFOLD_SOLID_BREP('',#16);
#16 = CLOSED_SHELL('',(#17,#243,#319,#366,#1391,#1440,#2318,#2367,#2416,
    #2443,#2472,#2519,#2546,#2573,#2600,#2627,#2654,#2679,#2813,#2862,
    #2977,#3002,#3136,#3185,#3300,#3325,#3459,#3508,#3623,#3648,#3782,
    #3831,#3946,#3971,#4105,#4154,#4269,#4294,#4428,#4477,#4592,#4617,
    #4751,#4800,#4915,#4922,#4929,#4956,#4983,#5010,#5037,#5064,#5091,
    #5118,#5145,#5172,#5179,#5206,#5233,#5240,#5267,#5294,#5301,#5328,
    #5355,#5362,#5389,#5416,#5423,#5450,#5477,#5484,#5511,#5538));
#17 = ADVANCED_FACE('',(#18),#32,.F.);
#18 = FACE_BOUND('',#19,.F.);
#19 = EDGE_LOOP('',(#20,#55,#83,#111,#139,#165,#191,#217));
#20 = ORIENTED_EDGE('',*,*,#21,.F.);
#21 = EDGE_CURVE('',#22,#24,#26,.T.);
#22 = VERTEX_POINT('',#23);
#23 = CARTESIAN_POINT('',(-4.645,-10.55,10.));
#24 = VERTEX_POINT('',#25);
#25 = CARTESIAN_POINT('',(-4.645,-10.25,10.));
#26 = SURFACE_CURVE('',#27,(#31,#43),.PCURVE_S1.);
#27 = LINE('',#28,#29);
#28 = CARTESIAN_POINT('',(-4.645,-10.55,10.));
#29 = VECTOR('',#30,1.);
#30 = DIRECTION('',(0.,1.,0.));
#31 = PCURVE('',#32,#37);
#32 = PLANE('',#33);
#33 = AXIS2_PLACEMENT_3D('',#34,#35,#36);
#34 = CARTESIAN_POINT('',(-4.645,-10.55,0.));
#35 = DIRECTION('',(1.,0.,0.));
#36 = DIRECTION('',(0.,0.,1.));
#37 = DEFINITIONAL_REPRESENTATION('',(#38),#42);
#38 = LINE('',#39,#40);
#39 = CARTESIAN_POINT('',(10.,0.));
#40 = VECTOR('',#41,1.);
#41 = DIRECTION('',(0.,-1.));
#42 = ( GEOMETRIC_REPRESENTATION_CONTEXT(2) 
PARAMETRIC_REPRESENTATION_CONTEXT() REPRESENTATION_CONTEXT('2D SPACE',''
  ) );
#43 = PCURVE('',#44,#49);
#44 = PLANE('',#45);
#45 = AXIS2_PLACEMENT_3D('',#46,#47,#48);
#46 = CARTESIAN_POINT('',(-4.645,-10.55,10.));
#47 = DIRECTION('',(0.,0.,1.));
#48 = DIRECTION('',(1.,0.,0.));
#49 = DEFINITIONAL_REPRESENTATION('',(#50),#54);
#50 = LINE('',#51,#52);
#51 = CARTESIAN_POINT('',(0.,0.));
#52 = VECTOR('',#53,1.);
#53 = DIRECTION('',(0.,1.));
#54 = ( GEOMETRIC_REPRESENTATION_CONTEXT(2) 
PARAMETRIC_REPRESENTATION_CONTEXT() REPRESENTATION_CONTEXT('2D SPACE',''
  ) );
#55 = ORIENTED_EDGE('',*,*,#56,.F.);
#56 = EDGE_CURVE('',#57,#22,#59,.T.);
#57 = VERTEX_POINT('',#58);
#58 = CARTESIAN_POINT('',(-4.645,-10.55,0.));
#59 = SURFACE_CURVE('',#60,(#64,#71),.PCURVE_S1.);
#60 = LINE('',#61,#62);
#61 = CARTESIAN_POINT('',(-4.645,-10.55,0.));
#62 = VECTOR('',#63,1.);
#63 = DIRECTION('',(0.,0.,1.));
#64 = PCURVE('',#32,#65);
#65 = DEFINITIONAL_REPRESENTATION('',(#66),#70);
#66 = LINE('',#67,#68);
#67 = CARTESIAN_POINT('',(0.,0.));
#68 = VECTOR('',#69,1.);
#69 = DIRECTION('',(1.,0.));
#70 = ( GEOMETRIC_REPRESENTATION_CONTEXT(2) 
PARAMETRIC_REPRESENTATION_CONTEXT() REPRESENTATION_CONTEXT('2D SPACE',''
  ) );
#71 = PCURVE('',#72,#77);
#72 = PLANE('',#73);
#73 = AXIS2_PLACEMENT_3D('',#74,#75,#76);
#74 = CARTESIAN_POINT('',(-4.645,-10.55,0.));
#75 = DIRECTION('',(0.,1.,0.));
#76 = DIRECTION('',(0.,0.,1.));
#77 = DEFINITIONAL_REPRESENTATION('',(#78),#82);
#78 = LINE('',#79,#80);
#79 = CARTESIAN_POINT('',(0.,0.));
#80 = VECTOR('',#81,1.);
#81 = DIRECTION('',(1.,0.));
#82 = ( GEOMETRIC_REPRESENTATION_CONTEXT(2) 
PARAMETRIC_REPRESENTATION_CONTEXT() REPRESENTATION_CONTEXT('2D SPACE',''
  ) );
#83 = ORIENTED_EDGE('',*,*,#84,.T.);
#84 = EDGE_CURVE('',#57,#85,#87,.T.);
#85 = VERTEX_POINT('',#86);
#86 = CARTESIAN_POINT('',(-4.645,-10.25,0.));
#87 = SURFACE_CURVE('',#88,(#92,#99),.PCURVE_S1.);
#88 = LINE('',#89,#90);
#89 = CARTESIAN_POINT('',(-4.645,-10.55,0.));
#90 = VECTOR('',#91,1.);
#91 = DIRECTION('',(0.,1.,0.));
#92 = PCURVE('',#32,#93);
#93 = DEFINITIONAL_REPRESENTATION('',(#94),#98);
#94 = LINE('',#95,#96);
#95 = CARTESIAN_POINT('',(0.,0.));
#96 = VECTOR('',#97,1.);
#97 = DIRECTION('',(0.,-1.));
#98 = ( GEOMETRIC_REPRESENTATION_CONTEXT(2) 
PARAMETRIC_REPRESENTATION_CONTEXT() REPRESENTATION_CONTEXT('2D SPACE',''
  ) );
#99 = PCURVE('',#100,#105);
#100 = PLANE('',#101);
#101 = AXIS2_PLACEMENT_3D('',#102,#103,#104);
#102 = CARTESIAN_POINT('',(-4.645,-10.55,0.));
#103 = DIRECTION('',(0.,0.,1.));
#104 = DIRECTION('',(1.,0.,0.));
#105 = DEFINITIONAL_REPRESENTATION('',(#106),#110);
#106 = LINE('',#107,#108);
#107 = CARTESIAN_POINT('',(0.,0.));
#108 = VECTOR('',#109,1.);
#109 = DIRECTION('',(0.,1.));
#110 = ( GEOMETRIC_REPRESENTATION_CONTEXT(2) 
PARAMETRIC_REPRESENTATION_CONTEXT() REPRESENTATION_CONTEXT('2D SPACE',''
  ) );
#111 = ORIENTED_EDGE('',*,*,#112,.T.);
#112 = EDGE_CURVE('',#85,#113,#115,.T.);
#113 = VERTEX_POINT('',#114);
#114 = CARTESIAN_POINT('',(-4.645,-10.25,7.));
#115 = SURFACE_CURVE('',#116,(#120,#127),.PCURVE_S1.);
#116 = LINE('',#117,#118);
#117 = CARTESIAN_POINT('',(-4.645,-10.25,0.));
#118 = VECTOR('',#119,1.);
#119 = DIRECTION('',(0.,0.,1.));
#120 = PCURVE('',#32,#121);
#121 = DEFINITIONAL_REPRESENTATION('',(#122),#126);
#122 = LINE('',#123,#124);
#123 = CARTESIAN_POINT('',(0.,-0.3));
#124 = VECTOR('',#125,1.);
#125 = DIRECTION('',(1.,0.));
#126 = ( GEOMETRIC_REPRESENTATION_CONTEXT(2) 
PARAMETRIC_REPRESENTATION_CONTEXT() REPRESENTATION_CONTEXT('2D SPACE',''
  ) );
#127 = PCURVE('',#128,#133);
#128 = PLANE('',#129);
#129 = AXIS2_PLACEMENT_3D('',#130,#131,#132);
#130 = CARTESIAN_POINT('',(-4.645,-10.25,0.));
#131 = DIRECTION('',(0.,1.,0.));
#132 = DIRECTION('',(0.,0.,1.));
#133 = DEFINITIONAL_REPRESENTATION('',(#134),#138);
#134 = LINE('',#135,#136);
#135 = CARTESIAN_POINT('',(0.,0.));
#136 = VECTOR('',#137,1.);
#137 = DIRECTION('',(1.,0.));
#138 = ( GEOMETRIC_REPRESENTATION_CONTEXT(2) 
PARAMETRIC_REPRESENTATION_CONTEXT() REPRESENTATION_CONTEXT('2D SPACE',''
  ) );
#139 = ORIENTED_EDGE('',*,*,#140,.T.);
#140 = EDGE_CURVE('',#113,#141,#143,.T.);
#141 = VERTEX_POINT('',#142);
#142 = CARTESIAN_POINT('',(-4.645,-10.4,7.));
#143 = SURFACE_CURVE('',#144,(#148,#154),.PCURVE_S1.);
#144 = LINE('',#145,#146);
#145 = CARTESIAN_POINT('',(-4.645,-10.475,7.));
#146 = VECTOR('',#147,1.);
#147 = DIRECTION('',(0.,-1.,0.));
#148 = PCURVE('',#32,#149);
#149 = DEFINITIONAL_REPRESENTATION('',(#150),#153);
#150 = B_SPLINE_CURVE_WITH_KNOTS('',1,(#151,#152),.UNSPECIFIED.,.F.,.F.,
  (2,2),(-0.225,-7.5E-02),.PIECEWISE_BEZIER_KNOTS.);
#151 = CARTESIAN_POINT('',(7.,-0.3));
#152 = CARTESIAN_POINT('',(7.,-0.15));
#153 = ( GEOMETRIC_REPRESENTATION_CONTEXT(2) 
PARAMETRIC_REPRESENTATION_CONTEXT() REPRESENTATION_CONTEXT('2D SPACE',''
  ) );
#154 = PCURVE('',#155,#160);
#155 = PLANE('',#156);
#156 = AXIS2_PLACEMENT_3D('',#157,#158,#159);
#157 = CARTESIAN_POINT('',(-27.29,-10.4,7.));
#158 = DIRECTION('',(0.,0.,1.));
#159 = DIRECTION('',(1.,0.,0.));
#160 = DEFINITIONAL_REPRESENTATION('',(#161),#164);
#161 = B_SPLINE_CURVE_WITH_KNOTS('',1,(#162,#163),.UNSPECIFIED.,.F.,.F.,
  (2,2),(-0.225,-7.5E-02),.PIECEWISE_BEZIER_KNOTS.);
#162 = CARTESIAN_POINT('',(22.645,0.15));
#163 = CARTESIAN_POINT('',(22.645,0.));
#164 = ( GEOMETRIC_REPRESENTATION_CONTEXT(2) 
PARAMETRIC_REPRESENTATION_CONTEXT() REPRESENTATION_CONTEXT('2D SPACE',''
  ) );
#165 = ORIENTED_EDGE('',*,*,#166,.T.);
#166 = EDGE_CURVE('',#141,#167,#169,.T.);
#167 = VERTEX_POINT('',#168);
#168 = CARTESIAN_POINT('',(-4.645,-10.4,8.1));
#169 = SURFACE_CURVE('',#170,(#174,#180),.PCURVE_S1.);
#170 = LINE('',#171,#172);
#171 = CARTESIAN_POINT('',(-4.645,-10.4,3.5));
#172 = VECTOR('',#173,1.);
#173 = DIRECTION('',(0.,0.,1.));
#174 = PCURVE('',#32,#175);
#175 = DEFINITIONAL_REPRESENTATION('',(#176),#179);
#176 = B_SPLINE_CURVE_WITH_KNOTS('',1,(#177,#178),.UNSPECIFIED.,.F.,.F.,
  (2,2),(3.5,4.6),.PIECEWISE_BEZIER_KNOTS.);
#177 = CARTESIAN_POINT('',(7.,-0.15));
#178 = CARTESIAN_POINT('',(8.1,-0.15));
#179 = ( GEOMETRIC_REPRESENTATION_CONTEXT(2) 
PARAMETRIC_REPRESENTATION_CONTEXT() REPRESENTATION_CONTEXT('2D SPACE',''
  ) );
#180 = PCURVE('',#181,#186);
#181 = PLANE('',#182);
#182 = AXIS2_PLACEMENT_3D('',#183,#184,#185);
#183 = CARTESIAN_POINT('',(-27.29,-10.4,7.));
#184 = DIRECTION('',(0.,1.,0.));
#185 = DIRECTION('',(0.,0.,1.));
#186 = DEFINITIONAL_REPRESENTATION('',(#187),#190);
#187 = B_SPLINE_CURVE_WITH_KNOTS('',1,(#188,#189),.UNSPECIFIED.,.F.,.F.,
  (2,2),(3.5,4.6),.PIECEWISE_BEZIER_KNOTS.);
#188 = CARTESIAN_POINT('',(-1.7763568394E-15,22.645));
#189 = CARTESIAN_POINT('',(1.1,22.645));
#190 = ( GEOMETRIC_REPRESENTATION_CONTEXT(2) 
PARAMETRIC_REPRESENTATION_CONTEXT() REPRESENTATION_CONTEXT('2D SPACE',''
  ) );
#191 = ORIENTED_EDGE('',*,*,#192,.F.);
#192 = EDGE_CURVE('',#193,#167,#195,.T.);
#193 = VERTEX_POINT('',#194);
#194 = CARTESIAN_POINT('',(-4.645,-10.25,8.1));
#195 = SURFACE_CURVE('',#196,(#200,#206),.PCURVE_S1.);
#196 = LINE('',#197,#198);
#197 = CARTESIAN_POINT('',(-4.645,-10.475,8.1));
#198 = VECTOR('',#199,1.);
#199 = DIRECTION('',(0.,-1.,0.));
#200 = PCURVE('',#32,#201);
#201 = DEFINITIONAL_REPRESENTATION('',(#202),#205);
#202 = B_SPLINE_CURVE_WITH_KNOTS('',1,(#203,#204),.UNSPECIFIED.,.F.,.F.,
  (2,2),(-0.225,-7.5E-02),.PIECEWISE_BEZIER_KNOTS.);
#203 = CARTESIAN_POINT('',(8.1,-0.3));
#204 = CARTESIAN_POINT('',(8.1,-0.15));
#205 = ( GEOMETRIC_REPRESENTATION_CONTEXT(2) 
PARAMETRIC_REPRESENTATION_CONTEXT() REPRESENTATION_CONTEXT('2D SPACE',''
  ) );
#206 = PCURVE('',#207,#212);
#207 = PLANE('',#208);
#208 = AXIS2_PLACEMENT_3D('',#209,#210,#211);
#209 = CARTESIAN_POINT('',(-27.29,-10.4,8.1));
#210 = DIRECTION('',(0.,0.,1.));
#211 = DIRECTION('',(1.,0.,0.));
#212 = DEFINITIONAL_REPRESENTATION('',(#213),#216);
#213 = B_SPLINE_CURVE_WITH_KNOTS('',1,(#214,#215),.UNSPECIFIED.,.F.,.F.,
  (2,2),(-0.225,-7.5E-02),.PIECEWISE_BEZIER_KNOTS.);
#214 = CARTESIAN_POINT('',(22.645,0.15));
#215 = CARTESIAN_POINT('',(22.645,0.));
#216 = ( GEOMETRIC_REPRESENTATION_CONTEXT(2) 
PARAMETRIC_REPRESENTATION_CONTEXT() REPRESENTATION_CONTEXT('2D SPACE',''
  ) );
#217 = ORIENTED_EDGE('',*,*,#218,.T.);
#218 = EDGE_CURVE('',#193,#24,#219,.T.);
#219 = SURFACE_CURVE('',#220,(#224,#231),.PCURVE_S1.);
#220 = LINE('',#221,#222);
#221 = CARTESIAN_POINT('',(-4.645,-10.25,0.));
#222 = VECTOR('',#223,1.);
#223 = DIRECTION('',(0.,0.,1.));
#224 = PCURVE('',#32,#225);
#225 = DEFINITIONAL_REPRESENTATION('',(#226),#230);
#226 = LINE('',#227,#228);
#227 = CARTESIAN_POINT('',(0.,-0.3));
#228 = VECTOR('',#229,1.);
#229 = DIRECTION('',(1.,0.));
#230 = ( GEOMETRIC_REPRESENTATION_CONTEXT(2) 
PARAMETRIC_REPRESENTATION_CONTEXT() REPRESENTATION_CONTEXT('2D SPACE',''
  ) );
#231 = PCURVE('',#232,#237);
#232 = PLANE('',#233);
#233 = AXIS2_PLACEMENT_3D('',#234,#235,#236);
#234 = CARTESIAN_POINT('',(-4.645,-10.25,0.));
#235 = DIRECTION('',(0.,1.,0.));
#236 = DIRECTION('',(0.,0.,1.));
#237 = DEFINITIONAL_REPRESENTATION('',(#238),#242);
#238 = LINE('',#239,#240);
#239 = CARTESIAN_POINT('',(0.,0.));
#240 = VECTOR('',#241,1.);
#241 = DIRECTION('',(1.,0.));
#242 = ( GEOMETRIC_REPRESENTATION_CONTEXT(2) 
PARAMETRIC_REPRESENTATION_CONTEXT() REPRESENTATION_CONTEXT('2D SPACE',''
  ) );
#243 = ADVANCED_FACE('',(#244),#44,.T.);
#244 = FACE_BOUND('',#245,.T.);
#245 = EDGE_LOOP('',(#246,#247,#270,#298));
#246 = ORIENTED_EDGE('',*,*,#21,.F.);
#247 = ORIENTED_EDGE('',*,*,#248,.T.);
#248 = EDGE_CURVE('',#22,#249,#251,.T.);
#249 = VERTEX_POINT('',#250);
#250 = CARTESIAN_POINT('',(-4.245,-10.55,10.));
#251 = SURFACE_CURVE('',#252,(#256,#263),.PCURVE_S1.);
#252 = LINE('',#253,#254);
#253 = CARTESIAN_POINT('',(-4.645,-10.55,10.));
#254 = VECTOR('',#255,1.);
#255 = DIRECTION('',(1.,0.,0.));
#256 = PCURVE('',#44,#257);
#257 = DEFINITIONAL_REPRESENTATION('',(#258),#262);
#258 = LINE('',#259,#260);
#259 = CARTESIAN_POINT('',(0.,0.));
#260 = VECTOR('',#261,1.);
#261 = DIRECTION('',(1.,0.));
#262 = ( GEOMETRIC_REPRESENTATION_CONTEXT(2) 
PARAMETRIC_REPRESENTATION_CONTEXT() REPRESENTATION_CONTEXT('2D SPACE',''
  ) );
#263 = PCURVE('',#72,#264);
#264 = DEFINITIONAL_REPRESENTATION('',(#265),#269);
#265 = LINE('',#266,#267);
#266 = CARTESIAN_POINT('',(10.,0.));
#267 = VECTOR('',#268,1.);
#268 = DIRECTION('',(0.,1.));
#269 = ( GEOMETRIC_REPRESENTATION_CONTEXT(2) 
PARAMETRIC_REPRESENTATION_CONTEXT() REPRESENTATION_CONTEXT('2D SPACE',''
  ) );
#270 = ORIENTED_EDGE('',*,*,#271,.T.);
#271 = EDGE_CURVE('',#249,#272,#274,.T.);
#272 = VERTEX_POINT('',#273);
#273 = CARTESIAN_POINT('',(-4.245,-10.25,10.));
#274 = SURFACE_CURVE('',#275,(#279,#286),.PCURVE_S1.);
#275 = LINE('',#276,#277);
#276 = CARTESIAN_POINT('',(-4.245,-10.55,10.));
#277 = VECTOR('',#278,1.);
#278 = DIRECTION('',(0.,1.,0.));
#279 = PCURVE('',#44,#280);
#280 = DEFINITIONAL_REPRESENTATION('',(#281),#285);
#281 = LINE('',#282,#283);
#282 = CARTESIAN_POINT('',(0.4,0.));
#283 = VECTOR('',#284,1.);
#284 = DIRECTION('',(0.,1.));
#285 = ( GEOMETRIC_REPRESENTATION_CONTEXT(2) 
PARAMETRIC_REPRESENTATION_CONTEXT() REPRESENTATION_CONTEXT('2D SPACE',''
  ) );
#286 = PCURVE('',#287,#292);
#287 = PLANE('',#288);
#288 = AXIS2_PLACEMENT_3D('',#289,#290,#291);
#289 = CARTESIAN_POINT('',(-4.245,-10.55,0.));
#290 = DIRECTION('',(1.,0.,0.));
#291 = DIRECTION('',(0.,0.,1.));
#292 = DEFINITIONAL_REPRESENTATION('',(#293),#297);
#293 = LINE('',#294,#295);
#294 = CARTESIAN_POINT('',(10.,0.));
#295 = VECTOR('',#296,1.);
#296 = DIRECTION('',(0.,-1.));
#297 = ( GEOMETRIC_REPRESENTATION_CONTEXT(2) 
PARAMETRIC_REPRESENTATION_CONTEXT() REPRESENTATION_CONTEXT('2D SPACE',''
  ) );
#298 = ORIENTED_EDGE('',*,*,#299,.F.);
#299 = EDGE_CURVE('',#24,#272,#300,.T.);
#300 = SURFACE_CURVE('',#301,(#305,#312),.PCURVE_S1.);
#301 = LINE('',#302,#303);
#302 = CARTESIAN_POINT('',(-4.645,-10.25,10.));
#303 = VECTOR('',#304,1.);
#304 = DIRECTION('',(1.,0.,0.));
#305 = PCURVE('',#44,#306);
#306 = DEFINITIONAL_REPRESENTATION('',(#307),#311);
#307 = LINE('',#308,#309);
#308 = CARTESIAN_POINT('',(0.,0.3));
#309 = VECTOR('',#310,1.);
#310 = DIRECTION('',(1.,0.));
#311 = ( GEOMETRIC_REPRESENTATION_CONTEXT(2) 
PARAMETRIC_REPRESENTATION_CONTEXT() REPRESENTATION_CONTEXT('2D SPACE',''
  ) );
#312 = PCURVE('',#232,#313);
#313 = DEFINITIONAL_REPRESENTATION('',(#314),#318);
#314 = LINE('',#315,#316);
#315 = CARTESIAN_POINT('',(10.,0.));
#316 = VECTOR('',#317,1.);
#317 = DIRECTION('',(0.,1.));
#318 = ( GEOMETRIC_REPRESENTATION_CONTEXT(2) 
PARAMETRIC_REPRESENTATION_CONTEXT() REPRESENTATION_CONTEXT('2D SPACE',''
  ) );
#319 = ADVANCED_FACE('',(#320),#232,.T.);
#320 = FACE_BOUND('',#321,.T.);
#321 = EDGE_LOOP('',(#322,#345,#364,#365));
#322 = ORIENTED_EDGE('',*,*,#323,.F.);
#323 = EDGE_CURVE('',#324,#272,#326,.T.);
#324 = VERTEX_POINT('',#325);
#325 = CARTESIAN_POINT('',(-4.245,-10.25,8.1));
#326 = SURFACE_CURVE('',#327,(#331,#338),.PCURVE_S1.);
#327 = LINE('',#328,#329);
#328 = CARTESIAN_POINT('',(-4.245,-10.25,0.));
#329 = VECTOR('',#330,1.);
#330 = DIRECTION('',(0.,0.,1.));
#331 = PCURVE('',#232,#332);
#332 = DEFINITIONAL_REPRESENTATION('',(#333),#337);
#333 = LINE('',#334,#335);
#334 = CARTESIAN_POINT('',(0.,0.4));
#335 = VECTOR('',#336,1.);
#336 = DIRECTION('',(1.,0.));
#337 = ( GEOMETRIC_REPRESENTATION_CONTEXT(2) 
PARAMETRIC_REPRESENTATION_CONTEXT() REPRESENTATION_CONTEXT('2D SPACE',''
  ) );
#338 = PCURVE('',#287,#339);
#339 = DEFINITIONAL_REPRESENTATION('',(#340),#344);
#340 = LINE('',#341,#342);
#341 = CARTESIAN_POINT('',(0.,-0.3));
#342 = VECTOR('',#343,1.);
#343 = DIRECTION('',(1.,0.));
#344 = ( GEOMETRIC_REPRESENTATION_CONTEXT(2) 
PARAMETRIC_REPRESENTATION_CONTEXT() REPRESENTATION_CONTEXT('2D SPACE',''
  ) );
#345 = ORIENTED_EDGE('',*,*,#346,.F.);
#346 = EDGE_CURVE('',#193,#324,#347,.T.);
#347 = SURFACE_CURVE('',#348,(#352,#358),.PCURVE_S1.);
#348 = LINE('',#349,#350);
#349 = CARTESIAN_POINT('',(-15.9675,-10.25,8.1));
#350 = VECTOR('',#351,1.);
#351 = DIRECTION('',(1.,0.,0.));
#352 = PCURVE('',#232,#353);
#353 = DEFINITIONAL_REPRESENTATION('',(#354),#357);
#354 = B_SPLINE_CURVE_WITH_KNOTS('',1,(#355,#356),.UNSPECIFIED.,.F.,.F.,
  (2,2),(11.3225,11.7225),.PIECEWISE_BEZIER_KNOTS.);
#355 = CARTESIAN_POINT('',(8.1,0.));
#356 = CARTESIAN_POINT('',(8.1,0.4));
#357 = ( GEOMETRIC_REPRESENTATION_CONTEXT(2) 
PARAMETRIC_REPRESENTATION_CONTEXT() REPRESENTATION_CONTEXT('2D SPACE',''
  ) );
#358 = PCURVE('',#207,#359);
#359 = DEFINITIONAL_REPRESENTATION('',(#360),#363);
#360 = B_SPLINE_CURVE_WITH_KNOTS('',1,(#361,#362),.UNSPECIFIED.,.F.,.F.,
  (2,2),(11.3225,11.7225),.PIECEWISE_BEZIER_KNOTS.);
#361 = CARTESIAN_POINT('',(22.645,0.15));
#362 = CARTESIAN_POINT('',(23.045,0.15));
#363 = ( GEOMETRIC_REPRESENTATION_CONTEXT(2) 
PARAMETRIC_REPRESENTATION_CONTEXT() REPRESENTATION_CONTEXT('2D SPACE',''
  ) );
#364 = ORIENTED_EDGE('',*,*,#218,.T.);
#365 = ORIENTED_EDGE('',*,*,#299,.T.);
#366 = ADVANCED_FACE('',(#367),#207,.T.);
#367 = FACE_BOUND('',#368,.T.);
#368 = EDGE_LOOP('',(#369,#399,#428,#449,#450,#451,#472,#500,#526,#552,
    #578,#606,#632,#658,#684,#712,#738,#764,#790,#818,#844,#870,#896,
    #924,#950,#976,#1002,#1030,#1056,#1082,#1108,#1136,#1162,#1188,#1214
    ,#1242,#1275,#1303,#1332,#1360));
#369 = ORIENTED_EDGE('',*,*,#370,.F.);
#370 = EDGE_CURVE('',#371,#373,#375,.T.);
#371 = VERTEX_POINT('',#372);
#372 = CARTESIAN_POINT('',(-27.29,-9.9,8.1));
#373 = VERTEX_POINT('',#374);
#374 = CARTESIAN_POINT('',(-27.29,9.9,8.1));
#375 = SURFACE_CURVE('',#376,(#380,#387),.PCURVE_S1.);
#376 = LINE('',#377,#378);
#377 = CARTESIAN_POINT('',(-27.29,-10.4,8.1));
#378 = VECTOR('',#379,1.);
#379 = DIRECTION('',(0.,1.,0.));
#380 = PCURVE('',#207,#381);
#381 = DEFINITIONAL_REPRESENTATION('',(#382),#386);
#382 = LINE('',#383,#384);
#383 = CARTESIAN_POINT('',(0.,0.));
#384 = VECTOR('',#385,1.);
#385 = DIRECTION('',(0.,1.));
#386 = ( GEOMETRIC_REPRESENTATION_CONTEXT(2) 
PARAMETRIC_REPRESENTATION_CONTEXT() REPRESENTATION_CONTEXT('2D SPACE',''
  ) );
#387 = PCURVE('',#388,#393);
#388 = PLANE('',#389);
#389 = AXIS2_PLACEMENT_3D('',#390,#391,#392);
#390 = CARTESIAN_POINT('',(-27.29,-10.4,7.));
#391 = DIRECTION('',(1.,0.,0.));
#392 = DIRECTION('',(0.,0.,1.));
#393 = DEFINITIONAL_REPRESENTATION('',(#394),#398);
#394 = LINE('',#395,#396);
#395 = CARTESIAN_POINT('',(1.1,0.));
#396 = VECTOR('',#397,1.);
#397 = DIRECTION('',(0.,-1.));
#398 = ( GEOMETRIC_REPRESENTATION_CONTEXT(2) 
PARAMETRIC_REPRESENTATION_CONTEXT() REPRESENTATION_CONTEXT('2D SPACE',''
  ) );
#399 = ORIENTED_EDGE('',*,*,#400,.T.);
#400 = EDGE_CURVE('',#371,#401,#403,.T.);
#401 = VERTEX_POINT('',#402);
#402 = CARTESIAN_POINT('',(-26.79,-10.4,8.1));
#403 = SURFACE_CURVE('',#404,(#409,#416),.PCURVE_S1.);
#404 = CIRCLE('',#405,0.5);
#405 = AXIS2_PLACEMENT_3D('',#406,#407,#408);
#406 = CARTESIAN_POINT('',(-26.79,-9.9,8.1));
#407 = DIRECTION('',(0.,0.,1.));
#408 = DIRECTION('',(0.,-1.,0.));
#409 = PCURVE('',#207,#410);
#410 = DEFINITIONAL_REPRESENTATION('',(#411),#415);
#411 = CIRCLE('',#412,0.5);
#412 = AXIS2_PLACEMENT_2D('',#413,#414);
#413 = CARTESIAN_POINT('',(0.5,0.5));
#414 = DIRECTION('',(0.,-1.));
#415 = ( GEOMETRIC_REPRESENTATION_CONTEXT(2) 
PARAMETRIC_REPRESENTATION_CONTEXT() REPRESENTATION_CONTEXT('2D SPACE',''
  ) );
#416 = PCURVE('',#417,#422);
#417 = CYLINDRICAL_SURFACE('',#418,0.5);
#418 = AXIS2_PLACEMENT_3D('',#419,#420,#421);
#419 = CARTESIAN_POINT('',(-26.79,-9.9,7.));
#420 = DIRECTION('',(0.,0.,1.));
#421 = DIRECTION('',(-1.,-0.,0.));
#422 = DEFINITIONAL_REPRESENTATION('',(#423),#427);
#423 = LINE('',#424,#425);
#424 = CARTESIAN_POINT('',(-4.712388980385,1.1));
#425 = VECTOR('',#426,1.);
#426 = DIRECTION('',(1.,0.));
#427 = ( GEOMETRIC_REPRESENTATION_CONTEXT(2) 
PARAMETRIC_REPRESENTATION_CONTEXT() REPRESENTATION_CONTEXT('2D SPACE',''
  ) );
#428 = ORIENTED_EDGE('',*,*,#429,.T.);
#429 = EDGE_CURVE('',#401,#167,#430,.T.);
#430 = SURFACE_CURVE('',#431,(#435,#442),.PCURVE_S1.);
#431 = LINE('',#432,#433);
#432 = CARTESIAN_POINT('',(-27.29,-10.4,8.1));
#433 = VECTOR('',#434,1.);
#434 = DIRECTION('',(1.,0.,0.));
#435 = PCURVE('',#207,#436);
#436 = DEFINITIONAL_REPRESENTATION('',(#437),#441);
#437 = LINE('',#438,#439);
#438 = CARTESIAN_POINT('',(0.,0.));
#439 = VECTOR('',#440,1.);
#440 = DIRECTION('',(1.,0.));
#441 = ( GEOMETRIC_REPRESENTATION_CONTEXT(2) 
PARAMETRIC_REPRESENTATION_CONTEXT() REPRESENTATION_CONTEXT('2D SPACE',''
  ) );
#442 = PCURVE('',#181,#443);
#443 = DEFINITIONAL_REPRESENTATION('',(#444),#448);
#444 = LINE('',#445,#446);
#445 = CARTESIAN_POINT('',(1.1,0.));
#446 = VECTOR('',#447,1.);
#447 = DIRECTION('',(0.,1.));
#448 = ( GEOMETRIC_REPRESENTATION_CONTEXT(2) 
PARAMETRIC_REPRESENTATION_CONTEXT() REPRESENTATION_CONTEXT('2D SPACE',''
  ) );
#449 = ORIENTED_EDGE('',*,*,#192,.F.);
#450 = ORIENTED_EDGE('',*,*,#346,.T.);
#451 = ORIENTED_EDGE('',*,*,#452,.T.);
#452 = EDGE_CURVE('',#324,#453,#455,.T.);
#453 = VERTEX_POINT('',#454);
#454 = CARTESIAN_POINT('',(-4.245,-10.4,8.1));
#455 = SURFACE_CURVE('',#456,(#460,#466),.PCURVE_S1.);
#456 = LINE('',#457,#458);
#457 = CARTESIAN_POINT('',(-4.245,-10.475,8.1));
#458 = VECTOR('',#459,1.);
#459 = DIRECTION('',(0.,-1.,0.));
#460 = PCURVE('',#207,#461);
#461 = DEFINITIONAL_REPRESENTATION('',(#462),#465);
#462 = B_SPLINE_CURVE_WITH_KNOTS('',1,(#463,#464),.UNSPECIFIED.,.F.,.F.,
  (2,2),(-0.225,-7.5E-02),.PIECEWISE_BEZIER_KNOTS.);
#463 = CARTESIAN_POINT('',(23.045,0.15));
#464 = CARTESIAN_POINT('',(23.045,0.));
#465 = ( GEOMETRIC_REPRESENTATION_CONTEXT(2) 
PARAMETRIC_REPRESENTATION_CONTEXT() REPRESENTATION_CONTEXT('2D SPACE',''
  ) );
#466 = PCURVE('',#287,#467);
#467 = DEFINITIONAL_REPRESENTATION('',(#468),#471);
#468 = B_SPLINE_CURVE_WITH_KNOTS('',1,(#469,#470),.UNSPECIFIED.,.F.,.F.,
  (2,2),(-0.225,-7.5E-02),.PIECEWISE_BEZIER_KNOTS.);
#469 = CARTESIAN_POINT('',(8.1,-0.3));
#470 = CARTESIAN_POINT('',(8.1,-0.15));
#471 = ( GEOMETRIC_REPRESENTATION_CONTEXT(2) 
PARAMETRIC_REPRESENTATION_CONTEXT() REPRESENTATION_CONTEXT('2D SPACE',''
  ) );
#472 = ORIENTED_EDGE('',*,*,#473,.T.);
#473 = EDGE_CURVE('',#453,#474,#476,.T.);
#474 = VERTEX_POINT('',#475);
#475 = CARTESIAN_POINT('',(-3.375,-10.4,8.1));
#476 = SURFACE_CURVE('',#477,(#481,#488),.PCURVE_S1.);
#477 = LINE('',#478,#479);
#478 = CARTESIAN_POINT('',(-27.29,-10.4,8.1));
#479 = VECTOR('',#480,1.);
#480 = DIRECTION('',(1.,0.,0.));
#481 = PCURVE('',#207,#482);
#482 = DEFINITIONAL_REPRESENTATION('',(#483),#487);
#483 = LINE('',#484,#485);
#484 = CARTESIAN_POINT('',(0.,0.));
#485 = VECTOR('',#486,1.);
#486 = DIRECTION('',(1.,0.));
#487 = ( GEOMETRIC_REPRESENTATION_CONTEXT(2) 
PARAMETRIC_REPRESENTATION_CONTEXT() REPRESENTATION_CONTEXT('2D SPACE',''
  ) );
#488 = PCURVE('',#489,#494);
#489 = PLANE('',#490);
#490 = AXIS2_PLACEMENT_3D('',#491,#492,#493);
#491 = CARTESIAN_POINT('',(-27.29,-10.4,7.));
#492 = DIRECTION('',(0.,1.,0.));
#493 = DIRECTION('',(0.,0.,1.));
#494 = DEFINITIONAL_REPRESENTATION('',(#495),#499);
#495 = LINE('',#496,#497);
#496 = CARTESIAN_POINT('',(1.1,0.));
#497 = VECTOR('',#498,1.);
#498 = DIRECTION('',(0.,1.));
#499 = ( GEOMETRIC_REPRESENTATION_CONTEXT(2) 
PARAMETRIC_REPRESENTATION_CONTEXT() REPRESENTATION_CONTEXT('2D SPACE',''
  ) );
#500 = ORIENTED_EDGE('',*,*,#501,.F.);
#501 = EDGE_CURVE('',#502,#474,#504,.T.);
#502 = VERTEX_POINT('',#503);
#503 = CARTESIAN_POINT('',(-3.375,-10.25,8.1));
#504 = SURFACE_CURVE('',#505,(#509,#515),.PCURVE_S1.);
#505 = LINE('',#506,#507);
#506 = CARTESIAN_POINT('',(-3.375,-10.475,8.1));
#507 = VECTOR('',#508,1.);
#508 = DIRECTION('',(0.,-1.,0.));
#509 = PCURVE('',#207,#510);
#510 = DEFINITIONAL_REPRESENTATION('',(#511),#514);
#511 = B_SPLINE_CURVE_WITH_KNOTS('',1,(#512,#513),.UNSPECIFIED.,.F.,.F.,
  (2,2),(-0.225,-7.5E-02),.PIECEWISE_BEZIER_KNOTS.);
#512 = CARTESIAN_POINT('',(23.915,0.15));
#513 = CARTESIAN_POINT('',(23.915,0.));
#514 = ( GEOMETRIC_REPRESENTATION_CONTEXT(2) 
PARAMETRIC_REPRESENTATION_CONTEXT() REPRESENTATION_CONTEXT('2D SPACE',''
  ) );
#515 = PCURVE('',#516,#521);
#516 = PLANE('',#517);
#517 = AXIS2_PLACEMENT_3D('',#518,#519,#520);
#518 = CARTESIAN_POINT('',(-3.375,-10.55,0.));
#519 = DIRECTION('',(1.,0.,0.));
#520 = DIRECTION('',(0.,0.,1.));
#521 = DEFINITIONAL_REPRESENTATION('',(#522),#525);
#522 = B_SPLINE_CURVE_WITH_KNOTS('',1,(#523,#524),.UNSPECIFIED.,.F.,.F.,
  (2,2),(-0.225,-7.5E-02),.PIECEWISE_BEZIER_KNOTS.);
#523 = CARTESIAN_POINT('',(8.1,-0.3));
#524 = CARTESIAN_POINT('',(8.1,-0.15));
#525 = ( GEOMETRIC_REPRESENTATION_CONTEXT(2) 
PARAMETRIC_REPRESENTATION_CONTEXT() REPRESENTATION_CONTEXT('2D SPACE',''
  ) );
#526 = ORIENTED_EDGE('',*,*,#527,.T.);
#527 = EDGE_CURVE('',#502,#528,#530,.T.);
#528 = VERTEX_POINT('',#529);
#529 = CARTESIAN_POINT('',(-2.975,-10.25,8.1));
#530 = SURFACE_CURVE('',#531,(#535,#541),.PCURVE_S1.);
#531 = LINE('',#532,#533);
#532 = CARTESIAN_POINT('',(-15.3325,-10.25,8.1));
#533 = VECTOR('',#534,1.);
#534 = DIRECTION('',(1.,0.,0.));
#535 = PCURVE('',#207,#536);
#536 = DEFINITIONAL_REPRESENTATION('',(#537),#540);
#537 = B_SPLINE_CURVE_WITH_KNOTS('',1,(#538,#539),.UNSPECIFIED.,.F.,.F.,
  (2,2),(11.9575,12.3575),.PIECEWISE_BEZIER_KNOTS.);
#538 = CARTESIAN_POINT('',(23.915,0.15));
#539 = CARTESIAN_POINT('',(24.315,0.15));
#540 = ( GEOMETRIC_REPRESENTATION_CONTEXT(2) 
PARAMETRIC_REPRESENTATION_CONTEXT() REPRESENTATION_CONTEXT('2D SPACE',''
  ) );
#541 = PCURVE('',#542,#547);
#542 = PLANE('',#543);
#543 = AXIS2_PLACEMENT_3D('',#544,#545,#546);
#544 = CARTESIAN_POINT('',(-3.375,-10.25,0.));
#545 = DIRECTION('',(0.,1.,0.));
#546 = DIRECTION('',(0.,0.,1.));
#547 = DEFINITIONAL_REPRESENTATION('',(#548),#551);
#548 = B_SPLINE_CURVE_WITH_KNOTS('',1,(#549,#550),.UNSPECIFIED.,.F.,.F.,
  (2,2),(11.9575,12.3575),.PIECEWISE_BEZIER_KNOTS.);
#549 = CARTESIAN_POINT('',(8.1,0.));
#550 = CARTESIAN_POINT('',(8.1,0.4));
#551 = ( GEOMETRIC_REPRESENTATION_CONTEXT(2) 
PARAMETRIC_REPRESENTATION_CONTEXT() REPRESENTATION_CONTEXT('2D SPACE',''
  ) );
#552 = ORIENTED_EDGE('',*,*,#553,.T.);
#553 = EDGE_CURVE('',#528,#554,#556,.T.);
#554 = VERTEX_POINT('',#555);
#555 = CARTESIAN_POINT('',(-2.975,-10.4,8.1));
#556 = SURFACE_CURVE('',#557,(#561,#567),.PCURVE_S1.);
#557 = LINE('',#558,#559);
#558 = CARTESIAN_POINT('',(-2.975,-10.475,8.1));
#559 = VECTOR('',#560,1.);
#560 = DIRECTION('',(0.,-1.,0.));
#561 = PCURVE('',#207,#562);
#562 = DEFINITIONAL_REPRESENTATION('',(#563),#566);
#563 = B_SPLINE_CURVE_WITH_KNOTS('',1,(#564,#565),.UNSPECIFIED.,.F.,.F.,
  (2,2),(-0.225,-7.5E-02),.PIECEWISE_BEZIER_KNOTS.);
#564 = CARTESIAN_POINT('',(24.315,0.15));
#565 = CARTESIAN_POINT('',(24.315,0.));
#566 = ( GEOMETRIC_REPRESENTATION_CONTEXT(2) 
PARAMETRIC_REPRESENTATION_CONTEXT() REPRESENTATION_CONTEXT('2D SPACE',''
  ) );
#567 = PCURVE('',#568,#573);
#568 = PLANE('',#569);
#569 = AXIS2_PLACEMENT_3D('',#570,#571,#572);
#570 = CARTESIAN_POINT('',(-2.975,-10.55,0.));
#571 = DIRECTION('',(1.,0.,0.));
#572 = DIRECTION('',(0.,0.,1.));
#573 = DEFINITIONAL_REPRESENTATION('',(#574),#577);
#574 = B_SPLINE_CURVE_WITH_KNOTS('',1,(#575,#576),.UNSPECIFIED.,.F.,.F.,
  (2,2),(-0.225,-7.5E-02),.PIECEWISE_BEZIER_KNOTS.);
#575 = CARTESIAN_POINT('',(8.1,-0.3));
#576 = CARTESIAN_POINT('',(8.1,-0.15));
#577 = ( GEOMETRIC_REPRESENTATION_CONTEXT(2) 
PARAMETRIC_REPRESENTATION_CONTEXT() REPRESENTATION_CONTEXT('2D SPACE',''
  ) );
#578 = ORIENTED_EDGE('',*,*,#579,.T.);
#579 = EDGE_CURVE('',#554,#580,#582,.T.);
#580 = VERTEX_POINT('',#581);
#581 = CARTESIAN_POINT('',(-2.105,-10.4,8.1));
#582 = SURFACE_CURVE('',#583,(#587,#594),.PCURVE_S1.);
#583 = LINE('',#584,#585);
#584 = CARTESIAN_POINT('',(-27.29,-10.4,8.1));
#585 = VECTOR('',#586,1.);
#586 = DIRECTION('',(1.,0.,0.));
#587 = PCURVE('',#207,#588);
#588 = DEFINITIONAL_REPRESENTATION('',(#589),#593);
#589 = LINE('',#590,#591);
#590 = CARTESIAN_POINT('',(0.,0.));
#591 = VECTOR('',#592,1.);
#592 = DIRECTION('',(1.,0.));
#593 = ( GEOMETRIC_REPRESENTATION_CONTEXT(2) 
PARAMETRIC_REPRESENTATION_CONTEXT() REPRESENTATION_CONTEXT('2D SPACE',''
  ) );
#594 = PCURVE('',#595,#600);
#595 = PLANE('',#596);
#596 = AXIS2_PLACEMENT_3D('',#597,#598,#599);
#597 = CARTESIAN_POINT('',(-27.29,-10.4,7.));
#598 = DIRECTION('',(0.,1.,0.));
#599 = DIRECTION('',(0.,0.,1.));
#600 = DEFINITIONAL_REPRESENTATION('',(#601),#605);
#601 = LINE('',#602,#603);
#602 = CARTESIAN_POINT('',(1.1,0.));
#603 = VECTOR('',#604,1.);
#604 = DIRECTION('',(0.,1.));
#605 = ( GEOMETRIC_REPRESENTATION_CONTEXT(2) 
PARAMETRIC_REPRESENTATION_CONTEXT() REPRESENTATION_CONTEXT('2D SPACE',''
  ) );
#606 = ORIENTED_EDGE('',*,*,#607,.F.);
#607 = EDGE_CURVE('',#608,#580,#610,.T.);
#608 = VERTEX_POINT('',#609);
#609 = CARTESIAN_POINT('',(-2.105,-10.25,8.1));
#610 = SURFACE_CURVE('',#611,(#615,#621),.PCURVE_S1.);
#611 = LINE('',#612,#613);
#612 = CARTESIAN_POINT('',(-2.105,-10.475,8.1));
#613 = VECTOR('',#614,1.);
#614 = DIRECTION('',(0.,-1.,0.));
#615 = PCURVE('',#207,#616);
#616 = DEFINITIONAL_REPRESENTATION('',(#617),#620);
#617 = B_SPLINE_CURVE_WITH_KNOTS('',1,(#618,#619),.UNSPECIFIED.,.F.,.F.,
  (2,2),(-0.225,-7.5E-02),.PIECEWISE_BEZIER_KNOTS.);
#618 = CARTESIAN_POINT('',(25.185,0.15));
#619 = CARTESIAN_POINT('',(25.185,0.));
#620 = ( GEOMETRIC_REPRESENTATION_CONTEXT(2) 
PARAMETRIC_REPRESENTATION_CONTEXT() REPRESENTATION_CONTEXT('2D SPACE',''
  ) );
#621 = PCURVE('',#622,#627);
#622 = PLANE('',#623);
#623 = AXIS2_PLACEMENT_3D('',#624,#625,#626);
#624 = CARTESIAN_POINT('',(-2.105,-10.55,0.));
#625 = DIRECTION('',(1.,0.,0.));
#626 = DIRECTION('',(0.,0.,1.));
#627 = DEFINITIONAL_REPRESENTATION('',(#628),#631);
#628 = B_SPLINE_CURVE_WITH_KNOTS('',1,(#629,#630),.UNSPECIFIED.,.F.,.F.,
  (2,2),(-0.225,-7.5E-02),.PIECEWISE_BEZIER_KNOTS.);
#629 = CARTESIAN_POINT('',(8.1,-0.3));
#630 = CARTESIAN_POINT('',(8.1,-0.15));
#631 = ( GEOMETRIC_REPRESENTATION_CONTEXT(2) 
PARAMETRIC_REPRESENTATION_CONTEXT() REPRESENTATION_CONTEXT('2D SPACE',''
  ) );
#632 = ORIENTED_EDGE('',*,*,#633,.T.);
#633 = EDGE_CURVE('',#608,#634,#636,.T.);
#634 = VERTEX_POINT('',#635);
#635 = CARTESIAN_POINT('',(-1.705,-10.25,8.1));
#636 = SURFACE_CURVE('',#637,(#641,#647),.PCURVE_S1.);
#637 = LINE('',#638,#639);
#638 = CARTESIAN_POINT('',(-14.6975,-10.25,8.1));
#639 = VECTOR('',#640,1.);
#640 = DIRECTION('',(1.,0.,0.));
#641 = PCURVE('',#207,#642);
#642 = DEFINITIONAL_REPRESENTATION('',(#643),#646);
#643 = B_SPLINE_CURVE_WITH_KNOTS('',1,(#644,#645),.UNSPECIFIED.,.F.,.F.,
  (2,2),(12.5925,12.9925),.PIECEWISE_BEZIER_KNOTS.);
#644 = CARTESIAN_POINT('',(25.185,0.15));
#645 = CARTESIAN_POINT('',(25.585,0.15));
#646 = ( GEOMETRIC_REPRESENTATION_CONTEXT(2) 
PARAMETRIC_REPRESENTATION_CONTEXT() REPRESENTATION_CONTEXT('2D SPACE',''
  ) );
#647 = PCURVE('',#648,#653);
#648 = PLANE('',#649);
#649 = AXIS2_PLACEMENT_3D('',#650,#651,#652);
#650 = CARTESIAN_POINT('',(-2.105,-10.25,0.));
#651 = DIRECTION('',(0.,1.,0.));
#652 = DIRECTION('',(0.,0.,1.));
#653 = DEFINITIONAL_REPRESENTATION('',(#654),#657);
#654 = B_SPLINE_CURVE_WITH_KNOTS('',1,(#655,#656),.UNSPECIFIED.,.F.,.F.,
  (2,2),(12.5925,12.9925),.PIECEWISE_BEZIER_KNOTS.);
#655 = CARTESIAN_POINT('',(8.1,0.));
#656 = CARTESIAN_POINT('',(8.1,0.4));
#657 = ( GEOMETRIC_REPRESENTATION_CONTEXT(2) 
PARAMETRIC_REPRESENTATION_CONTEXT() REPRESENTATION_CONTEXT('2D SPACE',''
  ) );
#658 = ORIENTED_EDGE('',*,*,#659,.T.);
#659 = EDGE_CURVE('',#634,#660,#662,.T.);
#660 = VERTEX_POINT('',#661);
#661 = CARTESIAN_POINT('',(-1.705,-10.4,8.1));
#662 = SURFACE_CURVE('',#663,(#667,#673),.PCURVE_S1.);
#663 = LINE('',#664,#665);
#664 = CARTESIAN_POINT('',(-1.705,-10.475,8.1));
#665 = VECTOR('',#666,1.);
#666 = DIRECTION('',(0.,-1.,0.));
#667 = PCURVE('',#207,#668);
#668 = DEFINITIONAL_REPRESENTATION('',(#669),#672);
#669 = B_SPLINE_CURVE_WITH_KNOTS('',1,(#670,#671),.UNSPECIFIED.,.F.,.F.,
  (2,2),(-0.225,-7.5E-02),.PIECEWISE_BEZIER_KNOTS.);
#670 = CARTESIAN_POINT('',(25.585,0.15));
#671 = CARTESIAN_POINT('',(25.585,0.));
#672 = ( GEOMETRIC_REPRESENTATION_CONTEXT(2) 
PARAMETRIC_REPRESENTATION_CONTEXT() REPRESENTATION_CONTEXT('2D SPACE',''
  ) );
#673 = PCURVE('',#674,#679);
#674 = PLANE('',#675);
#675 = AXIS2_PLACEMENT_3D('',#676,#677,#678);
#676 = CARTESIAN_POINT('',(-1.705,-10.55,0.));
#677 = DIRECTION('',(1.,0.,0.));
#678 = DIRECTION('',(0.,0.,1.));
#679 = DEFINITIONAL_REPRESENTATION('',(#680),#683);
#680 = B_SPLINE_CURVE_WITH_KNOTS('',1,(#681,#682),.UNSPECIFIED.,.F.,.F.,
  (2,2),(-0.225,-7.5E-02),.PIECEWISE_BEZIER_KNOTS.);
#681 = CARTESIAN_POINT('',(8.1,-0.3));
#682 = CARTESIAN_POINT('',(8.1,-0.15));
#683 = ( GEOMETRIC_REPRESENTATION_CONTEXT(2) 
PARAMETRIC_REPRESENTATION_CONTEXT() REPRESENTATION_CONTEXT('2D SPACE',''
  ) );
#684 = ORIENTED_EDGE('',*,*,#685,.T.);
#685 = EDGE_CURVE('',#660,#686,#688,.T.);
#686 = VERTEX_POINT('',#687);
#687 = CARTESIAN_POINT('',(-0.835,-10.4,8.1));
#688 = SURFACE_CURVE('',#689,(#693,#700),.PCURVE_S1.);
#689 = LINE('',#690,#691);
#690 = CARTESIAN_POINT('',(-27.29,-10.4,8.1));
#691 = VECTOR('',#692,1.);
#692 = DIRECTION('',(1.,0.,0.));
#693 = PCURVE('',#207,#694);
#694 = DEFINITIONAL_REPRESENTATION('',(#695),#699);
#695 = LINE('',#696,#697);
#696 = CARTESIAN_POINT('',(0.,0.));
#697 = VECTOR('',#698,1.);
#698 = DIRECTION('',(1.,0.));
#699 = ( GEOMETRIC_REPRESENTATION_CONTEXT(2) 
PARAMETRIC_REPRESENTATION_CONTEXT() REPRESENTATION_CONTEXT('2D SPACE',''
  ) );
#700 = PCURVE('',#701,#706);
#701 = PLANE('',#702);
#702 = AXIS2_PLACEMENT_3D('',#703,#704,#705);
#703 = CARTESIAN_POINT('',(-27.29,-10.4,7.));
#704 = DIRECTION('',(0.,1.,0.));
#705 = DIRECTION('',(0.,0.,1.));
#706 = DEFINITIONAL_REPRESENTATION('',(#707),#711);
#707 = LINE('',#708,#709);
#708 = CARTESIAN_POINT('',(1.1,0.));
#709 = VECTOR('',#710,1.);
#710 = DIRECTION('',(0.,1.));
#711 = ( GEOMETRIC_REPRESENTATION_CONTEXT(2) 
PARAMETRIC_REPRESENTATION_CONTEXT() REPRESENTATION_CONTEXT('2D SPACE',''
  ) );
#712 = ORIENTED_EDGE('',*,*,#713,.F.);
#713 = EDGE_CURVE('',#714,#686,#716,.T.);
#714 = VERTEX_POINT('',#715);
#715 = CARTESIAN_POINT('',(-0.835,-10.25,8.1));
#716 = SURFACE_CURVE('',#717,(#721,#727),.PCURVE_S1.);
#717 = LINE('',#718,#719);
#718 = CARTESIAN_POINT('',(-0.835,-10.475,8.1));
#719 = VECTOR('',#720,1.);
#720 = DIRECTION('',(0.,-1.,0.));
#721 = PCURVE('',#207,#722);
#722 = DEFINITIONAL_REPRESENTATION('',(#723),#726);
#723 = B_SPLINE_CURVE_WITH_KNOTS('',1,(#724,#725),.UNSPECIFIED.,.F.,.F.,
  (2,2),(-0.225,-7.5E-02),.PIECEWISE_BEZIER_KNOTS.);
#724 = CARTESIAN_POINT('',(26.455,0.15));
#725 = CARTESIAN_POINT('',(26.455,0.));
#726 = ( GEOMETRIC_REPRESENTATION_CONTEXT(2) 
PARAMETRIC_REPRESENTATION_CONTEXT() REPRESENTATION_CONTEXT('2D SPACE',''
  ) );
#727 = PCURVE('',#728,#733);
#728 = PLANE('',#729);
#729 = AXIS2_PLACEMENT_3D('',#730,#731,#732);
#730 = CARTESIAN_POINT('',(-0.835,-10.55,0.));
#731 = DIRECTION('',(1.,0.,0.));
#732 = DIRECTION('',(0.,0.,1.));
#733 = DEFINITIONAL_REPRESENTATION('',(#734),#737);
#734 = B_SPLINE_CURVE_WITH_KNOTS('',1,(#735,#736),.UNSPECIFIED.,.F.,.F.,
  (2,2),(-0.225,-7.5E-02),.PIECEWISE_BEZIER_KNOTS.);
#735 = CARTESIAN_POINT('',(8.1,-0.3));
#736 = CARTESIAN_POINT('',(8.1,-0.15));
#737 = ( GEOMETRIC_REPRESENTATION_CONTEXT(2) 
PARAMETRIC_REPRESENTATION_CONTEXT() REPRESENTATION_CONTEXT('2D SPACE',''
  ) );
#738 = ORIENTED_EDGE('',*,*,#739,.T.);
#739 = EDGE_CURVE('',#714,#740,#742,.T.);
#740 = VERTEX_POINT('',#741);
#741 = CARTESIAN_POINT('',(-0.435,-10.25,8.1));
#742 = SURFACE_CURVE('',#743,(#747,#753),.PCURVE_S1.);
#743 = LINE('',#744,#745);
#744 = CARTESIAN_POINT('',(-14.0625,-10.25,8.1));
#745 = VECTOR('',#746,1.);
#746 = DIRECTION('',(1.,0.,0.));
#747 = PCURVE('',#207,#748);
#748 = DEFINITIONAL_REPRESENTATION('',(#749),#752);
#749 = B_SPLINE_CURVE_WITH_KNOTS('',1,(#750,#751),.UNSPECIFIED.,.F.,.F.,
  (2,2),(13.2275,13.6275),.PIECEWISE_BEZIER_KNOTS.);
#750 = CARTESIAN_POINT('',(26.455,0.15));
#751 = CARTESIAN_POINT('',(26.855,0.15));
#752 = ( GEOMETRIC_REPRESENTATION_CONTEXT(2) 
PARAMETRIC_REPRESENTATION_CONTEXT() REPRESENTATION_CONTEXT('2D SPACE',''
  ) );
#753 = PCURVE('',#754,#759);
#754 = PLANE('',#755);
#755 = AXIS2_PLACEMENT_3D('',#756,#757,#758);
#756 = CARTESIAN_POINT('',(-0.835,-10.25,0.));
#757 = DIRECTION('',(0.,1.,0.));
#758 = DIRECTION('',(0.,0.,1.));
#759 = DEFINITIONAL_REPRESENTATION('',(#760),#763);
#760 = B_SPLINE_CURVE_WITH_KNOTS('',1,(#761,#762),.UNSPECIFIED.,.F.,.F.,
  (2,2),(13.2275,13.6275),.PIECEWISE_BEZIER_KNOTS.);
#761 = CARTESIAN_POINT('',(8.1,0.));
#762 = CARTESIAN_POINT('',(8.1,0.4));
#763 = ( GEOMETRIC_REPRESENTATION_CONTEXT(2) 
PARAMETRIC_REPRESENTATION_CONTEXT() REPRESENTATION_CONTEXT('2D SPACE',''
  ) );
#764 = ORIENTED_EDGE('',*,*,#765,.T.);
#765 = EDGE_CURVE('',#740,#766,#768,.T.);
#766 = VERTEX_POINT('',#767);
#767 = CARTESIAN_POINT('',(-0.435,-10.4,8.1));
#768 = SURFACE_CURVE('',#769,(#773,#779),.PCURVE_S1.);
#769 = LINE('',#770,#771);
#770 = CARTESIAN_POINT('',(-0.435,-10.475,8.1));
#771 = VECTOR('',#772,1.);
#772 = DIRECTION('',(0.,-1.,0.));
#773 = PCURVE('',#207,#774);
#774 = DEFINITIONAL_REPRESENTATION('',(#775),#778);
#775 = B_SPLINE_CURVE_WITH_KNOTS('',1,(#776,#777),.UNSPECIFIED.,.F.,.F.,
  (2,2),(-0.225,-7.5E-02),.PIECEWISE_BEZIER_KNOTS.);
#776 = CARTESIAN_POINT('',(26.855,0.15));
#777 = CARTESIAN_POINT('',(26.855,0.));
#778 = ( GEOMETRIC_REPRESENTATION_CONTEXT(2) 
PARAMETRIC_REPRESENTATION_CONTEXT() REPRESENTATION_CONTEXT('2D SPACE',''
  ) );
#779 = PCURVE('',#780,#785);
#780 = PLANE('',#781);
#781 = AXIS2_PLACEMENT_3D('',#782,#783,#784);
#782 = CARTESIAN_POINT('',(-0.435,-10.55,0.));
#783 = DIRECTION('',(1.,0.,0.));
#784 = DIRECTION('',(0.,0.,1.));
#785 = DEFINITIONAL_REPRESENTATION('',(#786),#789);
#786 = B_SPLINE_CURVE_WITH_KNOTS('',1,(#787,#788),.UNSPECIFIED.,.F.,.F.,
  (2,2),(-0.225,-7.5E-02),.PIECEWISE_BEZIER_KNOTS.);
#787 = CARTESIAN_POINT('',(8.1,-0.3));
#788 = CARTESIAN_POINT('',(8.1,-0.15));
#789 = ( GEOMETRIC_REPRESENTATION_CONTEXT(2) 
PARAMETRIC_REPRESENTATION_CONTEXT() REPRESENTATION_CONTEXT('2D SPACE',''
  ) );
#790 = ORIENTED_EDGE('',*,*,#791,.T.);
#791 = EDGE_CURVE('',#766,#792,#794,.T.);
#792 = VERTEX_POINT('',#793);
#793 = CARTESIAN_POINT('',(0.435,-10.4,8.1));
#794 = SURFACE_CURVE('',#795,(#799,#806),.PCURVE_S1.);
#795 = LINE('',#796,#797);
#796 = CARTESIAN_POINT('',(-27.29,-10.4,8.1));
#797 = VECTOR('',#798,1.);
#798 = DIRECTION('',(1.,0.,0.));
#799 = PCURVE('',#207,#800);
#800 = DEFINITIONAL_REPRESENTATION('',(#801),#805);
#801 = LINE('',#802,#803);
#802 = CARTESIAN_POINT('',(0.,0.));
#803 = VECTOR('',#804,1.);
#804 = DIRECTION('',(1.,0.));
#805 = ( GEOMETRIC_REPRESENTATION_CONTEXT(2) 
PARAMETRIC_REPRESENTATION_CONTEXT() REPRESENTATION_CONTEXT('2D SPACE',''
  ) );
#806 = PCURVE('',#807,#812);
#807 = PLANE('',#808);
#808 = AXIS2_PLACEMENT_3D('',#809,#810,#811);
#809 = CARTESIAN_POINT('',(-27.29,-10.4,7.));
#810 = DIRECTION('',(0.,1.,0.));
#811 = DIRECTION('',(0.,0.,1.));
#812 = DEFINITIONAL_REPRESENTATION('',(#813),#817);
#813 = LINE('',#814,#815);
#814 = CARTESIAN_POINT('',(1.1,0.));
#815 = VECTOR('',#816,1.);
#816 = DIRECTION('',(0.,1.));
#817 = ( GEOMETRIC_REPRESENTATION_CONTEXT(2) 
PARAMETRIC_REPRESENTATION_CONTEXT() REPRESENTATION_CONTEXT('2D SPACE',''
  ) );
#818 = ORIENTED_EDGE('',*,*,#819,.F.);
#819 = EDGE_CURVE('',#820,#792,#822,.T.);
#820 = VERTEX_POINT('',#821);
#821 = CARTESIAN_POINT('',(0.435,-10.25,8.1));
#822 = SURFACE_CURVE('',#823,(#827,#833),.PCURVE_S1.);
#823 = LINE('',#824,#825);
#824 = CARTESIAN_POINT('',(0.435,-10.475,8.1));
#825 = VECTOR('',#826,1.);
#826 = DIRECTION('',(0.,-1.,0.));
#827 = PCURVE('',#207,#828);
#828 = DEFINITIONAL_REPRESENTATION('',(#829),#832);
#829 = B_SPLINE_CURVE_WITH_KNOTS('',1,(#830,#831),.UNSPECIFIED.,.F.,.F.,
  (2,2),(-0.225,-7.5E-02),.PIECEWISE_BEZIER_KNOTS.);
#830 = CARTESIAN_POINT('',(27.725,0.15));
#831 = CARTESIAN_POINT('',(27.725,0.));
#832 = ( GEOMETRIC_REPRESENTATION_CONTEXT(2) 
PARAMETRIC_REPRESENTATION_CONTEXT() REPRESENTATION_CONTEXT('2D SPACE',''
  ) );
#833 = PCURVE('',#834,#839);
#834 = PLANE('',#835);
#835 = AXIS2_PLACEMENT_3D('',#836,#837,#838);
#836 = CARTESIAN_POINT('',(0.435,-10.55,0.));
#837 = DIRECTION('',(1.,0.,0.));
#838 = DIRECTION('',(0.,0.,1.));
#839 = DEFINITIONAL_REPRESENTATION('',(#840),#843);
#840 = B_SPLINE_CURVE_WITH_KNOTS('',1,(#841,#842),.UNSPECIFIED.,.F.,.F.,
  (2,2),(-0.225,-7.5E-02),.PIECEWISE_BEZIER_KNOTS.);
#841 = CARTESIAN_POINT('',(8.1,-0.3));
#842 = CARTESIAN_POINT('',(8.1,-0.15));
#843 = ( GEOMETRIC_REPRESENTATION_CONTEXT(2) 
PARAMETRIC_REPRESENTATION_CONTEXT() REPRESENTATION_CONTEXT('2D SPACE',''
  ) );
#844 = ORIENTED_EDGE('',*,*,#845,.T.);
#845 = EDGE_CURVE('',#820,#846,#848,.T.);
#846 = VERTEX_POINT('',#847);
#847 = CARTESIAN_POINT('',(0.835,-10.25,8.1));
#848 = SURFACE_CURVE('',#849,(#853,#859),.PCURVE_S1.);
#849 = LINE('',#850,#851);
#850 = CARTESIAN_POINT('',(-13.4275,-10.25,8.1));
#851 = VECTOR('',#852,1.);
#852 = DIRECTION('',(1.,0.,0.));
#853 = PCURVE('',#207,#854);
#854 = DEFINITIONAL_REPRESENTATION('',(#855),#858);
#855 = B_SPLINE_CURVE_WITH_KNOTS('',1,(#856,#857),.UNSPECIFIED.,.F.,.F.,
  (2,2),(13.8625,14.2625),.PIECEWISE_BEZIER_KNOTS.);
#856 = CARTESIAN_POINT('',(27.725,0.15));
#857 = CARTESIAN_POINT('',(28.125,0.15));
#858 = ( GEOMETRIC_REPRESENTATION_CONTEXT(2) 
PARAMETRIC_REPRESENTATION_CONTEXT() REPRESENTATION_CONTEXT('2D SPACE',''
  ) );
#859 = PCURVE('',#860,#865);
#860 = PLANE('',#861);
#861 = AXIS2_PLACEMENT_3D('',#862,#863,#864);
#862 = CARTESIAN_POINT('',(0.435,-10.25,0.));
#863 = DIRECTION('',(0.,1.,0.));
#864 = DIRECTION('',(0.,0.,1.));
#865 = DEFINITIONAL_REPRESENTATION('',(#866),#869);
#866 = B_SPLINE_CURVE_WITH_KNOTS('',1,(#867,#868),.UNSPECIFIED.,.F.,.F.,
  (2,2),(13.8625,14.2625),.PIECEWISE_BEZIER_KNOTS.);
#867 = CARTESIAN_POINT('',(8.1,0.));
#868 = CARTESIAN_POINT('',(8.1,0.4));
#869 = ( GEOMETRIC_REPRESENTATION_CONTEXT(2) 
PARAMETRIC_REPRESENTATION_CONTEXT() REPRESENTATION_CONTEXT('2D SPACE',''
  ) );
#870 = ORIENTED_EDGE('',*,*,#871,.T.);
#871 = EDGE_CURVE('',#846,#872,#874,.T.);
#872 = VERTEX_POINT('',#873);
#873 = CARTESIAN_POINT('',(0.835,-10.4,8.1));
#874 = SURFACE_CURVE('',#875,(#879,#885),.PCURVE_S1.);
#875 = LINE('',#876,#877);
#876 = CARTESIAN_POINT('',(0.835,-10.475,8.1));
#877 = VECTOR('',#878,1.);
#878 = DIRECTION('',(0.,-1.,0.));
#879 = PCURVE('',#207,#880);
#880 = DEFINITIONAL_REPRESENTATION('',(#881),#884);
#881 = B_SPLINE_CURVE_WITH_KNOTS('',1,(#882,#883),.UNSPECIFIED.,.F.,.F.,
  (2,2),(-0.225,-7.5E-02),.PIECEWISE_BEZIER_KNOTS.);
#882 = CARTESIAN_POINT('',(28.125,0.15));
#883 = CARTESIAN_POINT('',(28.125,0.));
#884 = ( GEOMETRIC_REPRESENTATION_CONTEXT(2) 
PARAMETRIC_REPRESENTATION_CONTEXT() REPRESENTATION_CONTEXT('2D SPACE',''
  ) );
#885 = PCURVE('',#886,#891);
#886 = PLANE('',#887);
#887 = AXIS2_PLACEMENT_3D('',#888,#889,#890);
#888 = CARTESIAN_POINT('',(0.835,-10.55,0.));
#889 = DIRECTION('',(1.,0.,0.));
#890 = DIRECTION('',(0.,0.,1.));
#891 = DEFINITIONAL_REPRESENTATION('',(#892),#895);
#892 = B_SPLINE_CURVE_WITH_KNOTS('',1,(#893,#894),.UNSPECIFIED.,.F.,.F.,
  (2,2),(-0.225,-7.5E-02),.PIECEWISE_BEZIER_KNOTS.);
#893 = CARTESIAN_POINT('',(8.1,-0.3));
#894 = CARTESIAN_POINT('',(8.1,-0.15));
#895 = ( GEOMETRIC_REPRESENTATION_CONTEXT(2) 
PARAMETRIC_REPRESENTATION_CONTEXT() REPRESENTATION_CONTEXT('2D SPACE',''
  ) );
#896 = ORIENTED_EDGE('',*,*,#897,.T.);
#897 = EDGE_CURVE('',#872,#898,#900,.T.);
#898 = VERTEX_POINT('',#899);
#899 = CARTESIAN_POINT('',(1.705,-10.4,8.1));
#900 = SURFACE_CURVE('',#901,(#905,#912),.PCURVE_S1.);
#901 = LINE('',#902,#903);
#902 = CARTESIAN_POINT('',(-27.29,-10.4,8.1));
#903 = VECTOR('',#904,1.);
#904 = DIRECTION('',(1.,0.,0.));
#905 = PCURVE('',#207,#906);
#906 = DEFINITIONAL_REPRESENTATION('',(#907),#911);
#907 = LINE('',#908,#909);
#908 = CARTESIAN_POINT('',(0.,0.));
#909 = VECTOR('',#910,1.);
#910 = DIRECTION('',(1.,0.));
#911 = ( GEOMETRIC_REPRESENTATION_CONTEXT(2) 
PARAMETRIC_REPRESENTATION_CONTEXT() REPRESENTATION_CONTEXT('2D SPACE',''
  ) );
#912 = PCURVE('',#913,#918);
#913 = PLANE('',#914);
#914 = AXIS2_PLACEMENT_3D('',#915,#916,#917);
#915 = CARTESIAN_POINT('',(-27.29,-10.4,7.));
#916 = DIRECTION('',(0.,1.,0.));
#917 = DIRECTION('',(0.,0.,1.));
#918 = DEFINITIONAL_REPRESENTATION('',(#919),#923);
#919 = LINE('',#920,#921);
#920 = CARTESIAN_POINT('',(1.1,0.));
#921 = VECTOR('',#922,1.);
#922 = DIRECTION('',(0.,1.));
#923 = ( GEOMETRIC_REPRESENTATION_CONTEXT(2) 
PARAMETRIC_REPRESENTATION_CONTEXT() REPRESENTATION_CONTEXT('2D SPACE',''
  ) );
#924 = ORIENTED_EDGE('',*,*,#925,.F.);
#925 = EDGE_CURVE('',#926,#898,#928,.T.);
#926 = VERTEX_POINT('',#927);
#927 = CARTESIAN_POINT('',(1.705,-10.25,8.1));
#928 = SURFACE_CURVE('',#929,(#933,#939),.PCURVE_S1.);
#929 = LINE('',#930,#931);
#930 = CARTESIAN_POINT('',(1.705,-10.475,8.1));
#931 = VECTOR('',#932,1.);
#932 = DIRECTION('',(0.,-1.,0.));
#933 = PCURVE('',#207,#934);
#934 = DEFINITIONAL_REPRESENTATION('',(#935),#938);
#935 = B_SPLINE_CURVE_WITH_KNOTS('',1,(#936,#937),.UNSPECIFIED.,.F.,.F.,
  (2,2),(-0.225,-7.5E-02),.PIECEWISE_BEZIER_KNOTS.);
#936 = CARTESIAN_POINT('',(28.995,0.15));
#937 = CARTESIAN_POINT('',(28.995,0.));
#938 = ( GEOMETRIC_REPRESENTATION_CONTEXT(2) 
PARAMETRIC_REPRESENTATION_CONTEXT() REPRESENTATION_CONTEXT('2D SPACE',''
  ) );
#939 = PCURVE('',#940,#945);
#940 = PLANE('',#941);
#941 = AXIS2_PLACEMENT_3D('',#942,#943,#944);
#942 = CARTESIAN_POINT('',(1.705,-10.55,0.));
#943 = DIRECTION('',(1.,0.,0.));
#944 = DIRECTION('',(0.,0.,1.));
#945 = DEFINITIONAL_REPRESENTATION('',(#946),#949);
#946 = B_SPLINE_CURVE_WITH_KNOTS('',1,(#947,#948),.UNSPECIFIED.,.F.,.F.,
  (2,2),(-0.225,-7.5E-02),.PIECEWISE_BEZIER_KNOTS.);
#947 = CARTESIAN_POINT('',(8.1,-0.3));
#948 = CARTESIAN_POINT('',(8.1,-0.15));
#949 = ( GEOMETRIC_REPRESENTATION_CONTEXT(2) 
PARAMETRIC_REPRESENTATION_CONTEXT() REPRESENTATION_CONTEXT('2D SPACE',''
  ) );
#950 = ORIENTED_EDGE('',*,*,#951,.T.);
#951 = EDGE_CURVE('',#926,#952,#954,.T.);
#952 = VERTEX_POINT('',#953);
#953 = CARTESIAN_POINT('',(2.105,-10.25,8.1));
#954 = SURFACE_CURVE('',#955,(#959,#965),.PCURVE_S1.);
#955 = LINE('',#956,#957);
#956 = CARTESIAN_POINT('',(-12.7925,-10.25,8.1));
#957 = VECTOR('',#958,1.);
#958 = DIRECTION('',(1.,0.,0.));
#959 = PCURVE('',#207,#960);
#960 = DEFINITIONAL_REPRESENTATION('',(#961),#964);
#961 = B_SPLINE_CURVE_WITH_KNOTS('',1,(#962,#963),.UNSPECIFIED.,.F.,.F.,
  (2,2),(14.4975,14.8975),.PIECEWISE_BEZIER_KNOTS.);
#962 = CARTESIAN_POINT('',(28.995,0.15));
#963 = CARTESIAN_POINT('',(29.395,0.15));
#964 = ( GEOMETRIC_REPRESENTATION_CONTEXT(2) 
PARAMETRIC_REPRESENTATION_CONTEXT() REPRESENTATION_CONTEXT('2D SPACE',''
  ) );
#965 = PCURVE('',#966,#971);
#966 = PLANE('',#967);
#967 = AXIS2_PLACEMENT_3D('',#968,#969,#970);
#968 = CARTESIAN_POINT('',(1.705,-10.25,0.));
#969 = DIRECTION('',(0.,1.,0.));
#970 = DIRECTION('',(0.,0.,1.));
#971 = DEFINITIONAL_REPRESENTATION('',(#972),#975);
#972 = B_SPLINE_CURVE_WITH_KNOTS('',1,(#973,#974),.UNSPECIFIED.,.F.,.F.,
  (2,2),(14.4975,14.8975),.PIECEWISE_BEZIER_KNOTS.);
#973 = CARTESIAN_POINT('',(8.1,0.));
#974 = CARTESIAN_POINT('',(8.1,0.4));
#975 = ( GEOMETRIC_REPRESENTATION_CONTEXT(2) 
PARAMETRIC_REPRESENTATION_CONTEXT() REPRESENTATION_CONTEXT('2D SPACE',''
  ) );
#976 = ORIENTED_EDGE('',*,*,#977,.T.);
#977 = EDGE_CURVE('',#952,#978,#980,.T.);
#978 = VERTEX_POINT('',#979);
#979 = CARTESIAN_POINT('',(2.105,-10.4,8.1));
#980 = SURFACE_CURVE('',#981,(#985,#991),.PCURVE_S1.);
#981 = LINE('',#982,#983);
#982 = CARTESIAN_POINT('',(2.105,-10.475,8.1));
#983 = VECTOR('',#984,1.);
#984 = DIRECTION('',(0.,-1.,0.));
#985 = PCURVE('',#207,#986);
#986 = DEFINITIONAL_REPRESENTATION('',(#987),#990);
#987 = B_SPLINE_CURVE_WITH_KNOTS('',1,(#988,#989),.UNSPECIFIED.,.F.,.F.,
  (2,2),(-0.225,-7.5E-02),.PIECEWISE_BEZIER_KNOTS.);
#988 = CARTESIAN_POINT('',(29.395,0.15));
#989 = CARTESIAN_POINT('',(29.395,0.));
#990 = ( GEOMETRIC_REPRESENTATION_CONTEXT(2) 
PARAMETRIC_REPRESENTATION_CONTEXT() REPRESENTATION_CONTEXT('2D SPACE',''
  ) );
#991 = PCURVE('',#992,#997);
#992 = PLANE('',#993);
#993 = AXIS2_PLACEMENT_3D('',#994,#995,#996);
#994 = CARTESIAN_POINT('',(2.105,-10.55,0.));
#995 = DIRECTION('',(1.,0.,0.));
#996 = DIRECTION('',(0.,0.,1.));
#997 = DEFINITIONAL_REPRESENTATION('',(#998),#1001);
#998 = B_SPLINE_CURVE_WITH_KNOTS('',1,(#999,#1000),.UNSPECIFIED.,.F.,.F.
  ,(2,2),(-0.225,-7.5E-02),.PIECEWISE_BEZIER_KNOTS.);
#999 = CARTESIAN_POINT('',(8.1,-0.3));
#1000 = CARTESIAN_POINT('',(8.1,-0.15));
#1001 = ( GEOMETRIC_REPRESENTATION_CONTEXT(2) 
PARAMETRIC_REPRESENTATION_CONTEXT() REPRESENTATION_CONTEXT('2D SPACE',''
  ) );
#1002 = ORIENTED_EDGE('',*,*,#1003,.T.);
#1003 = EDGE_CURVE('',#978,#1004,#1006,.T.);
#1004 = VERTEX_POINT('',#1005);
#1005 = CARTESIAN_POINT('',(2.975,-10.4,8.1));
#1006 = SURFACE_CURVE('',#1007,(#1011,#1018),.PCURVE_S1.);
#1007 = LINE('',#1008,#1009);
#1008 = CARTESIAN_POINT('',(-27.29,-10.4,8.1));
#1009 = VECTOR('',#1010,1.);
#1010 = DIRECTION('',(1.,0.,0.));
#1011 = PCURVE('',#207,#1012);
#1012 = DEFINITIONAL_REPRESENTATION('',(#1013),#1017);
#1013 = LINE('',#1014,#1015);
#1014 = CARTESIAN_POINT('',(0.,0.));
#1015 = VECTOR('',#1016,1.);
#1016 = DIRECTION('',(1.,0.));
#1017 = ( GEOMETRIC_REPRESENTATION_CONTEXT(2) 
PARAMETRIC_REPRESENTATION_CONTEXT() REPRESENTATION_CONTEXT('2D SPACE',''
  ) );
#1018 = PCURVE('',#1019,#1024);
#1019 = PLANE('',#1020);
#1020 = AXIS2_PLACEMENT_3D('',#1021,#1022,#1023);
#1021 = CARTESIAN_POINT('',(-27.29,-10.4,7.));
#1022 = DIRECTION('',(0.,1.,0.));
#1023 = DIRECTION('',(0.,0.,1.));
#1024 = DEFINITIONAL_REPRESENTATION('',(#1025),#1029);
#1025 = LINE('',#1026,#1027);
#1026 = CARTESIAN_POINT('',(1.1,0.));
#1027 = VECTOR('',#1028,1.);
#1028 = DIRECTION('',(0.,1.));
#1029 = ( GEOMETRIC_REPRESENTATION_CONTEXT(2) 
PARAMETRIC_REPRESENTATION_CONTEXT() REPRESENTATION_CONTEXT('2D SPACE',''
  ) );
#1030 = ORIENTED_EDGE('',*,*,#1031,.F.);
#1031 = EDGE_CURVE('',#1032,#1004,#1034,.T.);
#1032 = VERTEX_POINT('',#1033);
#1033 = CARTESIAN_POINT('',(2.975,-10.25,8.1));
#1034 = SURFACE_CURVE('',#1035,(#1039,#1045),.PCURVE_S1.);
#1035 = LINE('',#1036,#1037);
#1036 = CARTESIAN_POINT('',(2.975,-10.475,8.1));
#1037 = VECTOR('',#1038,1.);
#1038 = DIRECTION('',(0.,-1.,0.));
#1039 = PCURVE('',#207,#1040);
#1040 = DEFINITIONAL_REPRESENTATION('',(#1041),#1044);
#1041 = B_SPLINE_CURVE_WITH_KNOTS('',1,(#1042,#1043),.UNSPECIFIED.,.F.,
  .F.,(2,2),(-0.225,-7.5E-02),.PIECEWISE_BEZIER_KNOTS.);
#1042 = CARTESIAN_POINT('',(30.265,0.15));
#1043 = CARTESIAN_POINT('',(30.265,0.));
#1044 = ( GEOMETRIC_REPRESENTATION_CONTEXT(2) 
PARAMETRIC_REPRESENTATION_CONTEXT() REPRESENTATION_CONTEXT('2D SPACE',''
  ) );
#1045 = PCURVE('',#1046,#1051);
#1046 = PLANE('',#1047);
#1047 = AXIS2_PLACEMENT_3D('',#1048,#1049,#1050);
#1048 = CARTESIAN_POINT('',(2.975,-10.55,0.));
#1049 = DIRECTION('',(1.,0.,0.));
#1050 = DIRECTION('',(0.,0.,1.));
#1051 = DEFINITIONAL_REPRESENTATION('',(#1052),#1055);
#1052 = B_SPLINE_CURVE_WITH_KNOTS('',1,(#1053,#1054),.UNSPECIFIED.,.F.,
  .F.,(2,2),(-0.225,-7.5E-02),.PIECEWISE_BEZIER_KNOTS.);
#1053 = CARTESIAN_POINT('',(8.1,-0.3));
#1054 = CARTESIAN_POINT('',(8.1,-0.15));
#1055 = ( GEOMETRIC_REPRESENTATION_CONTEXT(2) 
PARAMETRIC_REPRESENTATION_CONTEXT() REPRESENTATION_CONTEXT('2D SPACE',''
  ) );
#1056 = ORIENTED_EDGE('',*,*,#1057,.T.);
#1057 = EDGE_CURVE('',#1032,#1058,#1060,.T.);
#1058 = VERTEX_POINT('',#1059);
#1059 = CARTESIAN_POINT('',(3.375,-10.25,8.1));
#1060 = SURFACE_CURVE('',#1061,(#1065,#1071),.PCURVE_S1.);
#1061 = LINE('',#1062,#1063);
#1062 = CARTESIAN_POINT('',(-12.1575,-10.25,8.1));
#1063 = VECTOR('',#1064,1.);
#1064 = DIRECTION('',(1.,0.,0.));
#1065 = PCURVE('',#207,#1066);
#1066 = DEFINITIONAL_REPRESENTATION('',(#1067),#1070);
#1067 = B_SPLINE_CURVE_WITH_KNOTS('',1,(#1068,#1069),.UNSPECIFIED.,.F.,
  .F.,(2,2),(15.1325,15.5325),.PIECEWISE_BEZIER_KNOTS.);
#1068 = CARTESIAN_POINT('',(30.265,0.15));
#1069 = CARTESIAN_POINT('',(30.665,0.15));
#1070 = ( GEOMETRIC_REPRESENTATION_CONTEXT(2) 
PARAMETRIC_REPRESENTATION_CONTEXT() REPRESENTATION_CONTEXT('2D SPACE',''
  ) );
#1071 = PCURVE('',#1072,#1077);
#1072 = PLANE('',#1073);
#1073 = AXIS2_PLACEMENT_3D('',#1074,#1075,#1076);
#1074 = CARTESIAN_POINT('',(2.975,-10.25,0.));
#1075 = DIRECTION('',(0.,1.,0.));
#1076 = DIRECTION('',(0.,0.,1.));
#1077 = DEFINITIONAL_REPRESENTATION('',(#1078),#1081);
#1078 = B_SPLINE_CURVE_WITH_KNOTS('',1,(#1079,#1080),.UNSPECIFIED.,.F.,
  .F.,(2,2),(15.1325,15.5325),.PIECEWISE_BEZIER_KNOTS.);
#1079 = CARTESIAN_POINT('',(8.1,0.));
#1080 = CARTESIAN_POINT('',(8.1,0.4));
#1081 = ( GEOMETRIC_REPRESENTATION_CONTEXT(2) 
PARAMETRIC_REPRESENTATION_CONTEXT() REPRESENTATION_CONTEXT('2D SPACE',''
  ) );
#1082 = ORIENTED_EDGE('',*,*,#1083,.T.);
#1083 = EDGE_CURVE('',#1058,#1084,#1086,.T.);
#1084 = VERTEX_POINT('',#1085);
#1085 = CARTESIAN_POINT('',(3.375,-10.4,8.1));
#1086 = SURFACE_CURVE('',#1087,(#1091,#1097),.PCURVE_S1.);
#1087 = LINE('',#1088,#1089);
#1088 = CARTESIAN_POINT('',(3.375,-10.475,8.1));
#1089 = VECTOR('',#1090,1.);
#1090 = DIRECTION('',(0.,-1.,0.));
#1091 = PCURVE('',#207,#1092);
#1092 = DEFINITIONAL_REPRESENTATION('',(#1093),#1096);
#1093 = B_SPLINE_CURVE_WITH_KNOTS('',1,(#1094,#1095),.UNSPECIFIED.,.F.,
  .F.,(2,2),(-0.225,-7.5E-02),.PIECEWISE_BEZIER_KNOTS.);
#1094 = CARTESIAN_POINT('',(30.665,0.15));
#1095 = CARTESIAN_POINT('',(30.665,0.));
#1096 = ( GEOMETRIC_REPRESENTATION_CONTEXT(2) 
PARAMETRIC_REPRESENTATION_CONTEXT() REPRESENTATION_CONTEXT('2D SPACE',''
  ) );
#1097 = PCURVE('',#1098,#1103);
#1098 = PLANE('',#1099);
#1099 = AXIS2_PLACEMENT_3D('',#1100,#1101,#1102);
#1100 = CARTESIAN_POINT('',(3.375,-10.55,0.));
#1101 = DIRECTION('',(1.,0.,0.));
#1102 = DIRECTION('',(0.,0.,1.));
#1103 = DEFINITIONAL_REPRESENTATION('',(#1104),#1107);
#1104 = B_SPLINE_CURVE_WITH_KNOTS('',1,(#1105,#1106),.UNSPECIFIED.,.F.,
  .F.,(2,2),(-0.225,-7.5E-02),.PIECEWISE_BEZIER_KNOTS.);
#1105 = CARTESIAN_POINT('',(8.1,-0.3));
#1106 = CARTESIAN_POINT('',(8.1,-0.15));
#1107 = ( GEOMETRIC_REPRESENTATION_CONTEXT(2) 
PARAMETRIC_REPRESENTATION_CONTEXT() REPRESENTATION_CONTEXT('2D SPACE',''
  ) );
#1108 = ORIENTED_EDGE('',*,*,#1109,.T.);
#1109 = EDGE_CURVE('',#1084,#1110,#1112,.T.);
#1110 = VERTEX_POINT('',#1111);
#1111 = CARTESIAN_POINT('',(4.245,-10.4,8.1));
#1112 = SURFACE_CURVE('',#1113,(#1117,#1124),.PCURVE_S1.);
#1113 = LINE('',#1114,#1115);
#1114 = CARTESIAN_POINT('',(-27.29,-10.4,8.1));
#1115 = VECTOR('',#1116,1.);
#1116 = DIRECTION('',(1.,0.,0.));
#1117 = PCURVE('',#207,#1118);
#1118 = DEFINITIONAL_REPRESENTATION('',(#1119),#1123);
#1119 = LINE('',#1120,#1121);
#1120 = CARTESIAN_POINT('',(0.,0.));
#1121 = VECTOR('',#1122,1.);
#1122 = DIRECTION('',(1.,0.));
#1123 = ( GEOMETRIC_REPRESENTATION_CONTEXT(2) 
PARAMETRIC_REPRESENTATION_CONTEXT() REPRESENTATION_CONTEXT('2D SPACE',''
  ) );
#1124 = PCURVE('',#1125,#1130);
#1125 = PLANE('',#1126);
#1126 = AXIS2_PLACEMENT_3D('',#1127,#1128,#1129);
#1127 = CARTESIAN_POINT('',(-27.29,-10.4,7.));
#1128 = DIRECTION('',(0.,1.,0.));
#1129 = DIRECTION('',(0.,0.,1.));
#1130 = DEFINITIONAL_REPRESENTATION('',(#1131),#1135);
#1131 = LINE('',#1132,#1133);
#1132 = CARTESIAN_POINT('',(1.1,0.));
#1133 = VECTOR('',#1134,1.);
#1134 = DIRECTION('',(0.,1.));
#1135 = ( GEOMETRIC_REPRESENTATION_CONTEXT(2) 
PARAMETRIC_REPRESENTATION_CONTEXT() REPRESENTATION_CONTEXT('2D SPACE',''
  ) );
#1136 = ORIENTED_EDGE('',*,*,#1137,.F.);
#1137 = EDGE_CURVE('',#1138,#1110,#1140,.T.);
#1138 = VERTEX_POINT('',#1139);
#1139 = CARTESIAN_POINT('',(4.245,-10.25,8.1));
#1140 = SURFACE_CURVE('',#1141,(#1145,#1151),.PCURVE_S1.);
#1141 = LINE('',#1142,#1143);
#1142 = CARTESIAN_POINT('',(4.245,-10.475,8.1));
#1143 = VECTOR('',#1144,1.);
#1144 = DIRECTION('',(0.,-1.,0.));
#1145 = PCURVE('',#207,#1146);
#1146 = DEFINITIONAL_REPRESENTATION('',(#1147),#1150);
#1147 = B_SPLINE_CURVE_WITH_KNOTS('',1,(#1148,#1149),.UNSPECIFIED.,.F.,
  .F.,(2,2),(-0.225,-7.5E-02),.PIECEWISE_BEZIER_KNOTS.);
#1148 = CARTESIAN_POINT('',(31.535,0.15));
#1149 = CARTESIAN_POINT('',(31.535,0.));
#1150 = ( GEOMETRIC_REPRESENTATION_CONTEXT(2) 
PARAMETRIC_REPRESENTATION_CONTEXT() REPRESENTATION_CONTEXT('2D SPACE',''
  ) );
#1151 = PCURVE('',#1152,#1157);
#1152 = PLANE('',#1153);
#1153 = AXIS2_PLACEMENT_3D('',#1154,#1155,#1156);
#1154 = CARTESIAN_POINT('',(4.245,-10.55,0.));
#1155 = DIRECTION('',(1.,0.,0.));
#1156 = DIRECTION('',(0.,0.,1.));
#1157 = DEFINITIONAL_REPRESENTATION('',(#1158),#1161);
#1158 = B_SPLINE_CURVE_WITH_KNOTS('',1,(#1159,#1160),.UNSPECIFIED.,.F.,
  .F.,(2,2),(-0.225,-7.5E-02),.PIECEWISE_BEZIER_KNOTS.);
#1159 = CARTESIAN_POINT('',(8.1,-0.3));
#1160 = CARTESIAN_POINT('',(8.1,-0.15));
#1161 = ( GEOMETRIC_REPRESENTATION_CONTEXT(2) 
PARAMETRIC_REPRESENTATION_CONTEXT() REPRESENTATION_CONTEXT('2D SPACE',''
  ) );
#1162 = ORIENTED_EDGE('',*,*,#1163,.T.);
#1163 = EDGE_CURVE('',#1138,#1164,#1166,.T.);
#1164 = VERTEX_POINT('',#1165);
#1165 = CARTESIAN_POINT('',(4.645,-10.25,8.1));
#1166 = SURFACE_CURVE('',#1167,(#1171,#1177),.PCURVE_S1.);
#1167 = LINE('',#1168,#1169);
#1168 = CARTESIAN_POINT('',(-11.5225,-10.25,8.1));
#1169 = VECTOR('',#1170,1.);
#1170 = DIRECTION('',(1.,0.,0.));
#1171 = PCURVE('',#207,#1172);
#1172 = DEFINITIONAL_REPRESENTATION('',(#1173),#1176);
#1173 = B_SPLINE_CURVE_WITH_KNOTS('',1,(#1174,#1175),.UNSPECIFIED.,.F.,
  .F.,(2,2),(15.7675,16.1675),.PIECEWISE_BEZIER_KNOTS.);
#1174 = CARTESIAN_POINT('',(31.535,0.15));
#1175 = CARTESIAN_POINT('',(31.935,0.15));
#1176 = ( GEOMETRIC_REPRESENTATION_CONTEXT(2) 
PARAMETRIC_REPRESENTATION_CONTEXT() REPRESENTATION_CONTEXT('2D SPACE',''
  ) );
#1177 = PCURVE('',#1178,#1183);
#1178 = PLANE('',#1179);
#1179 = AXIS2_PLACEMENT_3D('',#1180,#1181,#1182);
#1180 = CARTESIAN_POINT('',(4.245,-10.25,0.));
#1181 = DIRECTION('',(0.,1.,0.));
#1182 = DIRECTION('',(0.,0.,1.));
#1183 = DEFINITIONAL_REPRESENTATION('',(#1184),#1187);
#1184 = B_SPLINE_CURVE_WITH_KNOTS('',1,(#1185,#1186),.UNSPECIFIED.,.F.,
  .F.,(2,2),(15.7675,16.1675),.PIECEWISE_BEZIER_KNOTS.);
#1185 = CARTESIAN_POINT('',(8.1,0.));
#1186 = CARTESIAN_POINT('',(8.1,0.4));
#1187 = ( GEOMETRIC_REPRESENTATION_CONTEXT(2) 
PARAMETRIC_REPRESENTATION_CONTEXT() REPRESENTATION_CONTEXT('2D SPACE',''
  ) );
#1188 = ORIENTED_EDGE('',*,*,#1189,.T.);
#1189 = EDGE_CURVE('',#1164,#1190,#1192,.T.);
#1190 = VERTEX_POINT('',#1191);
#1191 = CARTESIAN_POINT('',(4.645,-10.4,8.1));
#1192 = SURFACE_CURVE('',#1193,(#1197,#1203),.PCURVE_S1.);
#1193 = LINE('',#1194,#1195);
#1194 = CARTESIAN_POINT('',(4.645,-10.475,8.1));
#1195 = VECTOR('',#1196,1.);
#1196 = DIRECTION('',(0.,-1.,0.));
#1197 = PCURVE('',#207,#1198);
#1198 = DEFINITIONAL_REPRESENTATION('',(#1199),#1202);
#1199 = B_SPLINE_CURVE_WITH_KNOTS('',1,(#1200,#1201),.UNSPECIFIED.,.F.,
  .F.,(2,2),(-0.225,-7.5E-02),.PIECEWISE_BEZIER_KNOTS.);
#1200 = CARTESIAN_POINT('',(31.935,0.15));
#1201 = CARTESIAN_POINT('',(31.935,0.));
#1202 = ( GEOMETRIC_REPRESENTATION_CONTEXT(2) 
PARAMETRIC_REPRESENTATION_CONTEXT() REPRESENTATION_CONTEXT('2D SPACE',''
  ) );
#1203 = PCURVE('',#1204,#1209);
#1204 = PLANE('',#1205);
#1205 = AXIS2_PLACEMENT_3D('',#1206,#1207,#1208);
#1206 = CARTESIAN_POINT('',(4.645,-10.55,0.));
#1207 = DIRECTION('',(1.,0.,0.));
#1208 = DIRECTION('',(0.,0.,1.));
#1209 = DEFINITIONAL_REPRESENTATION('',(#1210),#1213);
#1210 = B_SPLINE_CURVE_WITH_KNOTS('',1,(#1211,#1212),.UNSPECIFIED.,.F.,
  .F.,(2,2),(-0.225,-7.5E-02),.PIECEWISE_BEZIER_KNOTS.);
#1211 = CARTESIAN_POINT('',(8.1,-0.3));
#1212 = CARTESIAN_POINT('',(8.1,-0.15));
#1213 = ( GEOMETRIC_REPRESENTATION_CONTEXT(2) 
PARAMETRIC_REPRESENTATION_CONTEXT() REPRESENTATION_CONTEXT('2D SPACE',''
  ) );
#1214 = ORIENTED_EDGE('',*,*,#1215,.T.);
#1215 = EDGE_CURVE('',#1190,#1216,#1218,.T.);
#1216 = VERTEX_POINT('',#1217);
#1217 = CARTESIAN_POINT('',(26.79,-10.4,8.1));
#1218 = SURFACE_CURVE('',#1219,(#1223,#1230),.PCURVE_S1.);
#1219 = LINE('',#1220,#1221);
#1220 = CARTESIAN_POINT('',(-27.29,-10.4,8.1));
#1221 = VECTOR('',#1222,1.);
#1222 = DIRECTION('',(1.,0.,0.));
#1223 = PCURVE('',#207,#1224);
#1224 = DEFINITIONAL_REPRESENTATION('',(#1225),#1229);
#1225 = LINE('',#1226,#1227);
#1226 = CARTESIAN_POINT('',(0.,0.));
#1227 = VECTOR('',#1228,1.);
#1228 = DIRECTION('',(1.,0.));
#1229 = ( GEOMETRIC_REPRESENTATION_CONTEXT(2) 
PARAMETRIC_REPRESENTATION_CONTEXT() REPRESENTATION_CONTEXT('2D SPACE',''
  ) );
#1230 = PCURVE('',#1231,#1236);
#1231 = PLANE('',#1232);
#1232 = AXIS2_PLACEMENT_3D('',#1233,#1234,#1235);
#1233 = CARTESIAN_POINT('',(-27.29,-10.4,7.));
#1234 = DIRECTION('',(0.,1.,0.));
#1235 = DIRECTION('',(0.,0.,1.));
#1236 = DEFINITIONAL_REPRESENTATION('',(#1237),#1241);
#1237 = LINE('',#1238,#1239);
#1238 = CARTESIAN_POINT('',(1.1,0.));
#1239 = VECTOR('',#1240,1.);
#1240 = DIRECTION('',(0.,1.));
#1241 = ( GEOMETRIC_REPRESENTATION_CONTEXT(2) 
PARAMETRIC_REPRESENTATION_CONTEXT() REPRESENTATION_CONTEXT('2D SPACE',''
  ) );
#1242 = ORIENTED_EDGE('',*,*,#1243,.F.);
#1243 = EDGE_CURVE('',#1244,#1216,#1246,.T.);
#1244 = VERTEX_POINT('',#1245);
#1245 = CARTESIAN_POINT('',(27.29,-9.9,8.1));
#1246 = SURFACE_CURVE('',#1247,(#1252,#1263),.PCURVE_S1.);
#1247 = CIRCLE('',#1248,0.5);
#1248 = AXIS2_PLACEMENT_3D('',#1249,#1250,#1251);
#1249 = CARTESIAN_POINT('',(26.79,-9.9,8.1));
#1250 = DIRECTION('',(-0.,-0.,-1.));
#1251 = DIRECTION('',(0.,-1.,0.));
#1252 = PCURVE('',#207,#1253);
#1253 = DEFINITIONAL_REPRESENTATION('',(#1254),#1262);
#1254 = ( BOUNDED_CURVE() B_SPLINE_CURVE(2,(#1255,#1256,#1257,#1258,
#1259,#1260,#1261),.UNSPECIFIED.,.T.,.F.) B_SPLINE_CURVE_WITH_KNOTS((1,2
    ,2,2,2,1),(-2.094395102393,0.,2.094395102393,4.188790204786,
6.28318530718,8.377580409573),.UNSPECIFIED.) CURVE() 
GEOMETRIC_REPRESENTATION_ITEM() RATIONAL_B_SPLINE_CURVE((1.,0.5,1.,0.5,
1.,0.5,1.)) REPRESENTATION_ITEM('') );
#1255 = CARTESIAN_POINT('',(54.08,0.));
#1256 = CARTESIAN_POINT('',(53.213974596216,0.));
#1257 = CARTESIAN_POINT('',(53.646987298108,0.75));
#1258 = CARTESIAN_POINT('',(54.08,1.5));
#1259 = CARTESIAN_POINT('',(54.513012701892,0.75));
#1260 = CARTESIAN_POINT('',(54.946025403784,8.326672684689E-16));
#1261 = CARTESIAN_POINT('',(54.08,0.));
#1262 = ( GEOMETRIC_REPRESENTATION_CONTEXT(2) 
PARAMETRIC_REPRESENTATION_CONTEXT() REPRESENTATION_CONTEXT('2D SPACE',''
  ) );
#1263 = PCURVE('',#1264,#1269);
#1264 = CYLINDRICAL_SURFACE('',#1265,0.5);
#1265 = AXIS2_PLACEMENT_3D('',#1266,#1267,#1268);
#1266 = CARTESIAN_POINT('',(26.79,-9.9,7.));
#1267 = DIRECTION('',(0.,0.,1.));
#1268 = DIRECTION('',(1.,0.,-0.));
#1269 = DEFINITIONAL_REPRESENTATION('',(#1270),#1274);
#1270 = LINE('',#1271,#1272);
#1271 = CARTESIAN_POINT('',(4.712388980385,1.1));
#1272 = VECTOR('',#1273,1.);
#1273 = DIRECTION('',(-1.,0.));
#1274 = ( GEOMETRIC_REPRESENTATION_CONTEXT(2) 
PARAMETRIC_REPRESENTATION_CONTEXT() REPRESENTATION_CONTEXT('2D SPACE',''
  ) );
#1275 = ORIENTED_EDGE('',*,*,#1276,.T.);
#1276 = EDGE_CURVE('',#1244,#1277,#1279,.T.);
#1277 = VERTEX_POINT('',#1278);
#1278 = CARTESIAN_POINT('',(27.29,9.9,8.1));
#1279 = SURFACE_CURVE('',#1280,(#1284,#1291),.PCURVE_S1.);
#1280 = LINE('',#1281,#1282);
#1281 = CARTESIAN_POINT('',(27.29,-10.4,8.1));
#1282 = VECTOR('',#1283,1.);
#1283 = DIRECTION('',(0.,1.,0.));
#1284 = PCURVE('',#207,#1285);
#1285 = DEFINITIONAL_REPRESENTATION('',(#1286),#1290);
#1286 = LINE('',#1287,#1288);
#1287 = CARTESIAN_POINT('',(54.58,0.));
#1288 = VECTOR('',#1289,1.);
#1289 = DIRECTION('',(0.,1.));
#1290 = ( GEOMETRIC_REPRESENTATION_CONTEXT(2) 
PARAMETRIC_REPRESENTATION_CONTEXT() REPRESENTATION_CONTEXT('2D SPACE',''
  ) );
#1291 = PCURVE('',#1292,#1297);
#1292 = PLANE('',#1293);
#1293 = AXIS2_PLACEMENT_3D('',#1294,#1295,#1296);
#1294 = CARTESIAN_POINT('',(27.29,-10.4,7.));
#1295 = DIRECTION('',(1.,0.,0.));
#1296 = DIRECTION('',(0.,0.,1.));
#1297 = DEFINITIONAL_REPRESENTATION('',(#1298),#1302);
#1298 = LINE('',#1299,#1300);
#1299 = CARTESIAN_POINT('',(1.1,0.));
#1300 = VECTOR('',#1301,1.);
#1301 = DIRECTION('',(0.,-1.));
#1302 = ( GEOMETRIC_REPRESENTATION_CONTEXT(2) 
PARAMETRIC_REPRESENTATION_CONTEXT() REPRESENTATION_CONTEXT('2D SPACE',''
  ) );
#1303 = ORIENTED_EDGE('',*,*,#1304,.T.);
#1304 = EDGE_CURVE('',#1277,#1305,#1307,.T.);
#1305 = VERTEX_POINT('',#1306);
#1306 = CARTESIAN_POINT('',(26.79,10.4,8.1));
#1307 = SURFACE_CURVE('',#1308,(#1313,#1320),.PCURVE_S1.);
#1308 = CIRCLE('',#1309,0.5);
#1309 = AXIS2_PLACEMENT_3D('',#1310,#1311,#1312);
#1310 = CARTESIAN_POINT('',(26.79,9.9,8.1));
#1311 = DIRECTION('',(0.,0.,1.));
#1312 = DIRECTION('',(0.,-1.,0.));
#1313 = PCURVE('',#207,#1314);
#1314 = DEFINITIONAL_REPRESENTATION('',(#1315),#1319);
#1315 = CIRCLE('',#1316,0.5);
#1316 = AXIS2_PLACEMENT_2D('',#1317,#1318);
#1317 = CARTESIAN_POINT('',(54.08,20.3));
#1318 = DIRECTION('',(0.,-1.));
#1319 = ( GEOMETRIC_REPRESENTATION_CONTEXT(2) 
PARAMETRIC_REPRESENTATION_CONTEXT() REPRESENTATION_CONTEXT('2D SPACE',''
  ) );
#1320 = PCURVE('',#1321,#1326);
#1321 = CYLINDRICAL_SURFACE('',#1322,0.5);
#1322 = AXIS2_PLACEMENT_3D('',#1323,#1324,#1325);
#1323 = CARTESIAN_POINT('',(26.79,9.9,7.));
#1324 = DIRECTION('',(0.,0.,1.));
#1325 = DIRECTION('',(1.,0.,-0.));
#1326 = DEFINITIONAL_REPRESENTATION('',(#1327),#1331);
#1327 = LINE('',#1328,#1329);
#1328 = CARTESIAN_POINT('',(-1.570796326795,1.1));
#1329 = VECTOR('',#1330,1.);
#1330 = DIRECTION('',(1.,0.));
#1331 = ( GEOMETRIC_REPRESENTATION_CONTEXT(2) 
PARAMETRIC_REPRESENTATION_CONTEXT() REPRESENTATION_CONTEXT('2D SPACE',''
  ) );
#1332 = ORIENTED_EDGE('',*,*,#1333,.F.);
#1333 = EDGE_CURVE('',#1334,#1305,#1336,.T.);
#1334 = VERTEX_POINT('',#1335);
#1335 = CARTESIAN_POINT('',(-26.79,10.4,8.1));
#1336 = SURFACE_CURVE('',#1337,(#1341,#1348),.PCURVE_S1.);
#1337 = LINE('',#1338,#1339);
#1338 = CARTESIAN_POINT('',(-27.29,10.4,8.1));
#1339 = VECTOR('',#1340,1.);
#1340 = DIRECTION('',(1.,0.,0.));
#1341 = PCURVE('',#207,#1342);
#1342 = DEFINITIONAL_REPRESENTATION('',(#1343),#1347);
#1343 = LINE('',#1344,#1345);
#1344 = CARTESIAN_POINT('',(0.,20.8));
#1345 = VECTOR('',#1346,1.);
#1346 = DIRECTION('',(1.,0.));
#1347 = ( GEOMETRIC_REPRESENTATION_CONTEXT(2) 
PARAMETRIC_REPRESENTATION_CONTEXT() REPRESENTATION_CONTEXT('2D SPACE',''
  ) );
#1348 = PCURVE('',#1349,#1354);
#1349 = PLANE('',#1350);
#1350 = AXIS2_PLACEMENT_3D('',#1351,#1352,#1353);
#1351 = CARTESIAN_POINT('',(-27.29,10.4,7.));
#1352 = DIRECTION('',(0.,1.,0.));
#1353 = DIRECTION('',(0.,0.,1.));
#1354 = DEFINITIONAL_REPRESENTATION('',(#1355),#1359);
#1355 = LINE('',#1356,#1357);
#1356 = CARTESIAN_POINT('',(1.1,0.));
#1357 = VECTOR('',#1358,1.);
#1358 = DIRECTION('',(0.,1.));
#1359 = ( GEOMETRIC_REPRESENTATION_CONTEXT(2) 
PARAMETRIC_REPRESENTATION_CONTEXT() REPRESENTATION_CONTEXT('2D SPACE',''
  ) );
#1360 = ORIENTED_EDGE('',*,*,#1361,.F.);
#1361 = EDGE_CURVE('',#373,#1334,#1362,.T.);
#1362 = SURFACE_CURVE('',#1363,(#1368,#1379),.PCURVE_S1.);
#1363 = CIRCLE('',#1364,0.5);
#1364 = AXIS2_PLACEMENT_3D('',#1365,#1366,#1367);
#1365 = CARTESIAN_POINT('',(-26.79,9.9,8.1));
#1366 = DIRECTION('',(-0.,-0.,-1.));
#1367 = DIRECTION('',(0.,-1.,0.));
#1368 = PCURVE('',#207,#1369);
#1369 = DEFINITIONAL_REPRESENTATION('',(#1370),#1378);
#1370 = ( BOUNDED_CURVE() B_SPLINE_CURVE(2,(#1371,#1372,#1373,#1374,
#1375,#1376,#1377),.UNSPECIFIED.,.T.,.F.) B_SPLINE_CURVE_WITH_KNOTS((1,2
    ,2,2,2,1),(-2.094395102393,0.,2.094395102393,4.188790204786,
6.28318530718,8.377580409573),.UNSPECIFIED.) CURVE() 
GEOMETRIC_REPRESENTATION_ITEM() RATIONAL_B_SPLINE_CURVE((1.,0.5,1.,0.5,
1.,0.5,1.)) REPRESENTATION_ITEM('') );
#1371 = CARTESIAN_POINT('',(0.5,19.8));
#1372 = CARTESIAN_POINT('',(-0.366025403784,19.8));
#1373 = CARTESIAN_POINT('',(6.698729810778E-02,20.55));
#1374 = CARTESIAN_POINT('',(0.5,21.3));
#1375 = CARTESIAN_POINT('',(0.933012701892,20.55));
#1376 = CARTESIAN_POINT('',(1.366025403784,19.8));
#1377 = CARTESIAN_POINT('',(0.5,19.8));
#1378 = ( GEOMETRIC_REPRESENTATION_CONTEXT(2) 
PARAMETRIC_REPRESENTATION_CONTEXT() REPRESENTATION_CONTEXT('2D SPACE',''
  ) );
#1379 = PCURVE('',#1380,#1385);
#1380 = CYLINDRICAL_SURFACE('',#1381,0.5);
#1381 = AXIS2_PLACEMENT_3D('',#1382,#1383,#1384);
#1382 = CARTESIAN_POINT('',(-26.79,9.9,7.));
#1383 = DIRECTION('',(0.,0.,1.));
#1384 = DIRECTION('',(-1.,-0.,0.));
#1385 = DEFINITIONAL_REPRESENTATION('',(#1386),#1390);
#1386 = LINE('',#1387,#1388);
#1387 = CARTESIAN_POINT('',(1.570796326795,1.1));
#1388 = VECTOR('',#1389,1.);
#1389 = DIRECTION('',(-1.,0.));
#1390 = ( GEOMETRIC_REPRESENTATION_CONTEXT(2) 
PARAMETRIC_REPRESENTATION_CONTEXT() REPRESENTATION_CONTEXT('2D SPACE',''
  ) );
#1391 = ADVANCED_FACE('',(#1392),#181,.F.);
#1392 = FACE_BOUND('',#1393,.F.);
#1393 = EDGE_LOOP('',(#1394,#1417,#1438,#1439));
#1394 = ORIENTED_EDGE('',*,*,#1395,.F.);
#1395 = EDGE_CURVE('',#1396,#141,#1398,.T.);
#1396 = VERTEX_POINT('',#1397);
#1397 = CARTESIAN_POINT('',(-26.79,-10.4,7.));
#1398 = SURFACE_CURVE('',#1399,(#1403,#1410),.PCURVE_S1.);
#1399 = LINE('',#1400,#1401);
#1400 = CARTESIAN_POINT('',(-27.29,-10.4,7.));
#1401 = VECTOR('',#1402,1.);
#1402 = DIRECTION('',(1.,0.,0.));
#1403 = PCURVE('',#181,#1404);
#1404 = DEFINITIONAL_REPRESENTATION('',(#1405),#1409);
#1405 = LINE('',#1406,#1407);
#1406 = CARTESIAN_POINT('',(0.,0.));
#1407 = VECTOR('',#1408,1.);
#1408 = DIRECTION('',(0.,1.));
#1409 = ( GEOMETRIC_REPRESENTATION_CONTEXT(2) 
PARAMETRIC_REPRESENTATION_CONTEXT() REPRESENTATION_CONTEXT('2D SPACE',''
  ) );
#1410 = PCURVE('',#155,#1411);
#1411 = DEFINITIONAL_REPRESENTATION('',(#1412),#1416);
#1412 = LINE('',#1413,#1414);
#1413 = CARTESIAN_POINT('',(0.,0.));
#1414 = VECTOR('',#1415,1.);
#1415 = DIRECTION('',(1.,0.));
#1416 = ( GEOMETRIC_REPRESENTATION_CONTEXT(2) 
PARAMETRIC_REPRESENTATION_CONTEXT() REPRESENTATION_CONTEXT('2D SPACE',''
  ) );
#1417 = ORIENTED_EDGE('',*,*,#1418,.T.);
#1418 = EDGE_CURVE('',#1396,#401,#1419,.T.);
#1419 = SURFACE_CURVE('',#1420,(#1424,#1431),.PCURVE_S1.);
#1420 = LINE('',#1421,#1422);
#1421 = CARTESIAN_POINT('',(-26.79,-10.4,7.));
#1422 = VECTOR('',#1423,1.);
#1423 = DIRECTION('',(0.,0.,1.));
#1424 = PCURVE('',#181,#1425);
#1425 = DEFINITIONAL_REPRESENTATION('',(#1426),#1430);
#1426 = LINE('',#1427,#1428);
#1427 = CARTESIAN_POINT('',(-1.7763568394E-15,0.5));
#1428 = VECTOR('',#1429,1.);
#1429 = DIRECTION('',(1.,0.));
#1430 = ( GEOMETRIC_REPRESENTATION_CONTEXT(2) 
PARAMETRIC_REPRESENTATION_CONTEXT() REPRESENTATION_CONTEXT('2D SPACE',''
  ) );
#1431 = PCURVE('',#417,#1432);
#1432 = DEFINITIONAL_REPRESENTATION('',(#1433),#1437);
#1433 = LINE('',#1434,#1435);
#1434 = CARTESIAN_POINT('',(1.570796326795,0.));
#1435 = VECTOR('',#1436,1.);
#1436 = DIRECTION('',(0.,1.));
#1437 = ( GEOMETRIC_REPRESENTATION_CONTEXT(2) 
PARAMETRIC_REPRESENTATION_CONTEXT() REPRESENTATION_CONTEXT('2D SPACE',''
  ) );
#1438 = ORIENTED_EDGE('',*,*,#429,.T.);
#1439 = ORIENTED_EDGE('',*,*,#166,.F.);
#1440 = ADVANCED_FACE('',(#1441),#155,.F.);
#1441 = FACE_BOUND('',#1442,.F.);
#1442 = EDGE_LOOP('',(#1443,#1468,#1490,#1491,#1492,#1513,#1534,#1557,
    #1578,#1604,#1625,#1648,#1669,#1695,#1716,#1739,#1760,#1786,#1807,
    #1830,#1851,#1877,#1898,#1921,#1942,#1968,#1989,#2012,#2033,#2059,
    #2080,#2103,#2124,#2150,#2171,#2194,#2222,#2245,#2269,#2292));
#1443 = ORIENTED_EDGE('',*,*,#1444,.F.);
#1444 = EDGE_CURVE('',#1445,#1447,#1449,.T.);
#1445 = VERTEX_POINT('',#1446);
#1446 = CARTESIAN_POINT('',(-27.29,-9.9,7.));
#1447 = VERTEX_POINT('',#1448);
#1448 = CARTESIAN_POINT('',(-27.29,9.9,7.));
#1449 = SURFACE_CURVE('',#1450,(#1454,#1461),.PCURVE_S1.);
#1450 = LINE('',#1451,#1452);
#1451 = CARTESIAN_POINT('',(-27.29,-10.4,7.));
#1452 = VECTOR('',#1453,1.);
#1453 = DIRECTION('',(0.,1.,0.));
#1454 = PCURVE('',#155,#1455);
#1455 = DEFINITIONAL_REPRESENTATION('',(#1456),#1460);
#1456 = LINE('',#1457,#1458);
#1457 = CARTESIAN_POINT('',(0.,0.));
#1458 = VECTOR('',#1459,1.);
#1459 = DIRECTION('',(0.,1.));
#1460 = ( GEOMETRIC_REPRESENTATION_CONTEXT(2) 
PARAMETRIC_REPRESENTATION_CONTEXT() REPRESENTATION_CONTEXT('2D SPACE',''
  ) );
#1461 = PCURVE('',#388,#1462);
#1462 = DEFINITIONAL_REPRESENTATION('',(#1463),#1467);
#1463 = LINE('',#1464,#1465);
#1464 = CARTESIAN_POINT('',(0.,0.));
#1465 = VECTOR('',#1466,1.);
#1466 = DIRECTION('',(0.,-1.));
#1467 = ( GEOMETRIC_REPRESENTATION_CONTEXT(2) 
PARAMETRIC_REPRESENTATION_CONTEXT() REPRESENTATION_CONTEXT('2D SPACE',''
  ) );
#1468 = ORIENTED_EDGE('',*,*,#1469,.T.);
#1469 = EDGE_CURVE('',#1445,#1396,#1470,.T.);
#1470 = SURFACE_CURVE('',#1471,(#1476,#1483),.PCURVE_S1.);
#1471 = CIRCLE('',#1472,0.5);
#1472 = AXIS2_PLACEMENT_3D('',#1473,#1474,#1475);
#1473 = CARTESIAN_POINT('',(-26.79,-9.9,7.));
#1474 = DIRECTION('',(0.,0.,1.));
#1475 = DIRECTION('',(0.,-1.,0.));
#1476 = PCURVE('',#155,#1477);
#1477 = DEFINITIONAL_REPRESENTATION('',(#1478),#1482);
#1478 = CIRCLE('',#1479,0.5);
#1479 = AXIS2_PLACEMENT_2D('',#1480,#1481);
#1480 = CARTESIAN_POINT('',(0.5,0.5));
#1481 = DIRECTION('',(0.,-1.));
#1482 = ( GEOMETRIC_REPRESENTATION_CONTEXT(2) 
PARAMETRIC_REPRESENTATION_CONTEXT() REPRESENTATION_CONTEXT('2D SPACE',''
  ) );
#1483 = PCURVE('',#417,#1484);
#1484 = DEFINITIONAL_REPRESENTATION('',(#1485),#1489);
#1485 = LINE('',#1486,#1487);
#1486 = CARTESIAN_POINT('',(-4.712388980385,0.));
#1487 = VECTOR('',#1488,1.);
#1488 = DIRECTION('',(1.,0.));
#1489 = ( GEOMETRIC_REPRESENTATION_CONTEXT(2) 
PARAMETRIC_REPRESENTATION_CONTEXT() REPRESENTATION_CONTEXT('2D SPACE',''
  ) );
#1490 = ORIENTED_EDGE('',*,*,#1395,.T.);
#1491 = ORIENTED_EDGE('',*,*,#140,.F.);
#1492 = ORIENTED_EDGE('',*,*,#1493,.T.);
#1493 = EDGE_CURVE('',#113,#1494,#1496,.T.);
#1494 = VERTEX_POINT('',#1495);
#1495 = CARTESIAN_POINT('',(-4.245,-10.25,7.));
#1496 = SURFACE_CURVE('',#1497,(#1501,#1507),.PCURVE_S1.);
#1497 = LINE('',#1498,#1499);
#1498 = CARTESIAN_POINT('',(-15.9675,-10.25,7.));
#1499 = VECTOR('',#1500,1.);
#1500 = DIRECTION('',(1.,0.,0.));
#1501 = PCURVE('',#155,#1502);
#1502 = DEFINITIONAL_REPRESENTATION('',(#1503),#1506);
#1503 = B_SPLINE_CURVE_WITH_KNOTS('',1,(#1504,#1505),.UNSPECIFIED.,.F.,
  .F.,(2,2),(11.3225,11.7225),.PIECEWISE_BEZIER_KNOTS.);
#1504 = CARTESIAN_POINT('',(22.645,0.15));
#1505 = CARTESIAN_POINT('',(23.045,0.15));
#1506 = ( GEOMETRIC_REPRESENTATION_CONTEXT(2) 
PARAMETRIC_REPRESENTATION_CONTEXT() REPRESENTATION_CONTEXT('2D SPACE',''
  ) );
#1507 = PCURVE('',#128,#1508);
#1508 = DEFINITIONAL_REPRESENTATION('',(#1509),#1512);
#1509 = B_SPLINE_CURVE_WITH_KNOTS('',1,(#1510,#1511),.UNSPECIFIED.,.F.,
  .F.,(2,2),(11.3225,11.7225),.PIECEWISE_BEZIER_KNOTS.);
#1510 = CARTESIAN_POINT('',(7.,0.));
#1511 = CARTESIAN_POINT('',(7.,0.4));
#1512 = ( GEOMETRIC_REPRESENTATION_CONTEXT(2) 
PARAMETRIC_REPRESENTATION_CONTEXT() REPRESENTATION_CONTEXT('2D SPACE',''
  ) );
#1513 = ORIENTED_EDGE('',*,*,#1514,.T.);
#1514 = EDGE_CURVE('',#1494,#1515,#1517,.T.);
#1515 = VERTEX_POINT('',#1516);
#1516 = CARTESIAN_POINT('',(-4.245,-10.4,7.));
#1517 = SURFACE_CURVE('',#1518,(#1522,#1528),.PCURVE_S1.);
#1518 = LINE('',#1519,#1520);
#1519 = CARTESIAN_POINT('',(-4.245,-10.475,7.));
#1520 = VECTOR('',#1521,1.);
#1521 = DIRECTION('',(0.,-1.,0.));
#1522 = PCURVE('',#155,#1523);
#1523 = DEFINITIONAL_REPRESENTATION('',(#1524),#1527);
#1524 = B_SPLINE_CURVE_WITH_KNOTS('',1,(#1525,#1526),.UNSPECIFIED.,.F.,
  .F.,(2,2),(-0.225,-7.5E-02),.PIECEWISE_BEZIER_KNOTS.);
#1525 = CARTESIAN_POINT('',(23.045,0.15));
#1526 = CARTESIAN_POINT('',(23.045,0.));
#1527 = ( GEOMETRIC_REPRESENTATION_CONTEXT(2) 
PARAMETRIC_REPRESENTATION_CONTEXT() REPRESENTATION_CONTEXT('2D SPACE',''
  ) );
#1528 = PCURVE('',#287,#1529);
#1529 = DEFINITIONAL_REPRESENTATION('',(#1530),#1533);
#1530 = B_SPLINE_CURVE_WITH_KNOTS('',1,(#1531,#1532),.UNSPECIFIED.,.F.,
  .F.,(2,2),(-0.225,-7.5E-02),.PIECEWISE_BEZIER_KNOTS.);
#1531 = CARTESIAN_POINT('',(7.,-0.3));
#1532 = CARTESIAN_POINT('',(7.,-0.15));
#1533 = ( GEOMETRIC_REPRESENTATION_CONTEXT(2) 
PARAMETRIC_REPRESENTATION_CONTEXT() REPRESENTATION_CONTEXT('2D SPACE',''
  ) );
#1534 = ORIENTED_EDGE('',*,*,#1535,.T.);
#1535 = EDGE_CURVE('',#1515,#1536,#1538,.T.);
#1536 = VERTEX_POINT('',#1537);
#1537 = CARTESIAN_POINT('',(-3.375,-10.4,7.));
#1538 = SURFACE_CURVE('',#1539,(#1543,#1550),.PCURVE_S1.);
#1539 = LINE('',#1540,#1541);
#1540 = CARTESIAN_POINT('',(-27.29,-10.4,7.));
#1541 = VECTOR('',#1542,1.);
#1542 = DIRECTION('',(1.,0.,0.));
#1543 = PCURVE('',#155,#1544);
#1544 = DEFINITIONAL_REPRESENTATION('',(#1545),#1549);
#1545 = LINE('',#1546,#1547);
#1546 = CARTESIAN_POINT('',(0.,0.));
#1547 = VECTOR('',#1548,1.);
#1548 = DIRECTION('',(1.,0.));
#1549 = ( GEOMETRIC_REPRESENTATION_CONTEXT(2) 
PARAMETRIC_REPRESENTATION_CONTEXT() REPRESENTATION_CONTEXT('2D SPACE',''
  ) );
#1550 = PCURVE('',#489,#1551);
#1551 = DEFINITIONAL_REPRESENTATION('',(#1552),#1556);
#1552 = LINE('',#1553,#1554);
#1553 = CARTESIAN_POINT('',(0.,0.));
#1554 = VECTOR('',#1555,1.);
#1555 = DIRECTION('',(0.,1.));
#1556 = ( GEOMETRIC_REPRESENTATION_CONTEXT(2) 
PARAMETRIC_REPRESENTATION_CONTEXT() REPRESENTATION_CONTEXT('2D SPACE',''
  ) );
#1557 = ORIENTED_EDGE('',*,*,#1558,.F.);
#1558 = EDGE_CURVE('',#1559,#1536,#1561,.T.);
#1559 = VERTEX_POINT('',#1560);
#1560 = CARTESIAN_POINT('',(-3.375,-10.25,7.));
#1561 = SURFACE_CURVE('',#1562,(#1566,#1572),.PCURVE_S1.);
#1562 = LINE('',#1563,#1564);
#1563 = CARTESIAN_POINT('',(-3.375,-10.475,7.));
#1564 = VECTOR('',#1565,1.);
#1565 = DIRECTION('',(0.,-1.,0.));
#1566 = PCURVE('',#155,#1567);
#1567 = DEFINITIONAL_REPRESENTATION('',(#1568),#1571);
#1568 = B_SPLINE_CURVE_WITH_KNOTS('',1,(#1569,#1570),.UNSPECIFIED.,.F.,
  .F.,(2,2),(-0.225,-7.5E-02),.PIECEWISE_BEZIER_KNOTS.);
#1569 = CARTESIAN_POINT('',(23.915,0.15));
#1570 = CARTESIAN_POINT('',(23.915,0.));
#1571 = ( GEOMETRIC_REPRESENTATION_CONTEXT(2) 
PARAMETRIC_REPRESENTATION_CONTEXT() REPRESENTATION_CONTEXT('2D SPACE',''
  ) );
#1572 = PCURVE('',#516,#1573);
#1573 = DEFINITIONAL_REPRESENTATION('',(#1574),#1577);
#1574 = B_SPLINE_CURVE_WITH_KNOTS('',1,(#1575,#1576),.UNSPECIFIED.,.F.,
  .F.,(2,2),(-0.225,-7.5E-02),.PIECEWISE_BEZIER_KNOTS.);
#1575 = CARTESIAN_POINT('',(7.,-0.3));
#1576 = CARTESIAN_POINT('',(7.,-0.15));
#1577 = ( GEOMETRIC_REPRESENTATION_CONTEXT(2) 
PARAMETRIC_REPRESENTATION_CONTEXT() REPRESENTATION_CONTEXT('2D SPACE',''
  ) );
#1578 = ORIENTED_EDGE('',*,*,#1579,.T.);
#1579 = EDGE_CURVE('',#1559,#1580,#1582,.T.);
#1580 = VERTEX_POINT('',#1581);
#1581 = CARTESIAN_POINT('',(-2.975,-10.25,7.));
#1582 = SURFACE_CURVE('',#1583,(#1587,#1593),.PCURVE_S1.);
#1583 = LINE('',#1584,#1585);
#1584 = CARTESIAN_POINT('',(-15.3325,-10.25,7.));
#1585 = VECTOR('',#1586,1.);
#1586 = DIRECTION('',(1.,0.,0.));
#1587 = PCURVE('',#155,#1588);
#1588 = DEFINITIONAL_REPRESENTATION('',(#1589),#1592);
#1589 = B_SPLINE_CURVE_WITH_KNOTS('',1,(#1590,#1591),.UNSPECIFIED.,.F.,
  .F.,(2,2),(11.9575,12.3575),.PIECEWISE_BEZIER_KNOTS.);
#1590 = CARTESIAN_POINT('',(23.915,0.15));
#1591 = CARTESIAN_POINT('',(24.315,0.15));
#1592 = ( GEOMETRIC_REPRESENTATION_CONTEXT(2) 
PARAMETRIC_REPRESENTATION_CONTEXT() REPRESENTATION_CONTEXT('2D SPACE',''
  ) );
#1593 = PCURVE('',#1594,#1599);
#1594 = PLANE('',#1595);
#1595 = AXIS2_PLACEMENT_3D('',#1596,#1597,#1598);
#1596 = CARTESIAN_POINT('',(-3.375,-10.25,0.));
#1597 = DIRECTION('',(0.,1.,0.));
#1598 = DIRECTION('',(0.,0.,1.));
#1599 = DEFINITIONAL_REPRESENTATION('',(#1600),#1603);
#1600 = B_SPLINE_CURVE_WITH_KNOTS('',1,(#1601,#1602),.UNSPECIFIED.,.F.,
  .F.,(2,2),(11.9575,12.3575),.PIECEWISE_BEZIER_KNOTS.);
#1601 = CARTESIAN_POINT('',(7.,0.));
#1602 = CARTESIAN_POINT('',(7.,0.4));
#1603 = ( GEOMETRIC_REPRESENTATION_CONTEXT(2) 
PARAMETRIC_REPRESENTATION_CONTEXT() REPRESENTATION_CONTEXT('2D SPACE',''
  ) );
#1604 = ORIENTED_EDGE('',*,*,#1605,.T.);
#1605 = EDGE_CURVE('',#1580,#1606,#1608,.T.);
#1606 = VERTEX_POINT('',#1607);
#1607 = CARTESIAN_POINT('',(-2.975,-10.4,7.));
#1608 = SURFACE_CURVE('',#1609,(#1613,#1619),.PCURVE_S1.);
#1609 = LINE('',#1610,#1611);
#1610 = CARTESIAN_POINT('',(-2.975,-10.475,7.));
#1611 = VECTOR('',#1612,1.);
#1612 = DIRECTION('',(0.,-1.,0.));
#1613 = PCURVE('',#155,#1614);
#1614 = DEFINITIONAL_REPRESENTATION('',(#1615),#1618);
#1615 = B_SPLINE_CURVE_WITH_KNOTS('',1,(#1616,#1617),.UNSPECIFIED.,.F.,
  .F.,(2,2),(-0.225,-7.5E-02),.PIECEWISE_BEZIER_KNOTS.);
#1616 = CARTESIAN_POINT('',(24.315,0.15));
#1617 = CARTESIAN_POINT('',(24.315,0.));
#1618 = ( GEOMETRIC_REPRESENTATION_CONTEXT(2) 
PARAMETRIC_REPRESENTATION_CONTEXT() REPRESENTATION_CONTEXT('2D SPACE',''
  ) );
#1619 = PCURVE('',#568,#1620);
#1620 = DEFINITIONAL_REPRESENTATION('',(#1621),#1624);
#1621 = B_SPLINE_CURVE_WITH_KNOTS('',1,(#1622,#1623),.UNSPECIFIED.,.F.,
  .F.,(2,2),(-0.225,-7.5E-02),.PIECEWISE_BEZIER_KNOTS.);
#1622 = CARTESIAN_POINT('',(7.,-0.3));
#1623 = CARTESIAN_POINT('',(7.,-0.15));
#1624 = ( GEOMETRIC_REPRESENTATION_CONTEXT(2) 
PARAMETRIC_REPRESENTATION_CONTEXT() REPRESENTATION_CONTEXT('2D SPACE',''
  ) );
#1625 = ORIENTED_EDGE('',*,*,#1626,.T.);
#1626 = EDGE_CURVE('',#1606,#1627,#1629,.T.);
#1627 = VERTEX_POINT('',#1628);
#1628 = CARTESIAN_POINT('',(-2.105,-10.4,7.));
#1629 = SURFACE_CURVE('',#1630,(#1634,#1641),.PCURVE_S1.);
#1630 = LINE('',#1631,#1632);
#1631 = CARTESIAN_POINT('',(-27.29,-10.4,7.));
#1632 = VECTOR('',#1633,1.);
#1633 = DIRECTION('',(1.,0.,0.));
#1634 = PCURVE('',#155,#1635);
#1635 = DEFINITIONAL_REPRESENTATION('',(#1636),#1640);
#1636 = LINE('',#1637,#1638);
#1637 = CARTESIAN_POINT('',(0.,0.));
#1638 = VECTOR('',#1639,1.);
#1639 = DIRECTION('',(1.,0.));
#1640 = ( GEOMETRIC_REPRESENTATION_CONTEXT(2) 
PARAMETRIC_REPRESENTATION_CONTEXT() REPRESENTATION_CONTEXT('2D SPACE',''
  ) );
#1641 = PCURVE('',#595,#1642);
#1642 = DEFINITIONAL_REPRESENTATION('',(#1643),#1647);
#1643 = LINE('',#1644,#1645);
#1644 = CARTESIAN_POINT('',(0.,0.));
#1645 = VECTOR('',#1646,1.);
#1646 = DIRECTION('',(0.,1.));
#1647 = ( GEOMETRIC_REPRESENTATION_CONTEXT(2) 
PARAMETRIC_REPRESENTATION_CONTEXT() REPRESENTATION_CONTEXT('2D SPACE',''
  ) );
#1648 = ORIENTED_EDGE('',*,*,#1649,.F.);
#1649 = EDGE_CURVE('',#1650,#1627,#1652,.T.);
#1650 = VERTEX_POINT('',#1651);
#1651 = CARTESIAN_POINT('',(-2.105,-10.25,7.));
#1652 = SURFACE_CURVE('',#1653,(#1657,#1663),.PCURVE_S1.);
#1653 = LINE('',#1654,#1655);
#1654 = CARTESIAN_POINT('',(-2.105,-10.475,7.));
#1655 = VECTOR('',#1656,1.);
#1656 = DIRECTION('',(0.,-1.,0.));
#1657 = PCURVE('',#155,#1658);
#1658 = DEFINITIONAL_REPRESENTATION('',(#1659),#1662);
#1659 = B_SPLINE_CURVE_WITH_KNOTS('',1,(#1660,#1661),.UNSPECIFIED.,.F.,
  .F.,(2,2),(-0.225,-7.5E-02),.PIECEWISE_BEZIER_KNOTS.);
#1660 = CARTESIAN_POINT('',(25.185,0.15));
#1661 = CARTESIAN_POINT('',(25.185,0.));
#1662 = ( GEOMETRIC_REPRESENTATION_CONTEXT(2) 
PARAMETRIC_REPRESENTATION_CONTEXT() REPRESENTATION_CONTEXT('2D SPACE',''
  ) );
#1663 = PCURVE('',#622,#1664);
#1664 = DEFINITIONAL_REPRESENTATION('',(#1665),#1668);
#1665 = B_SPLINE_CURVE_WITH_KNOTS('',1,(#1666,#1667),.UNSPECIFIED.,.F.,
  .F.,(2,2),(-0.225,-7.5E-02),.PIECEWISE_BEZIER_KNOTS.);
#1666 = CARTESIAN_POINT('',(7.,-0.3));
#1667 = CARTESIAN_POINT('',(7.,-0.15));
#1668 = ( GEOMETRIC_REPRESENTATION_CONTEXT(2) 
PARAMETRIC_REPRESENTATION_CONTEXT() REPRESENTATION_CONTEXT('2D SPACE',''
  ) );
#1669 = ORIENTED_EDGE('',*,*,#1670,.T.);
#1670 = EDGE_CURVE('',#1650,#1671,#1673,.T.);
#1671 = VERTEX_POINT('',#1672);
#1672 = CARTESIAN_POINT('',(-1.705,-10.25,7.));
#1673 = SURFACE_CURVE('',#1674,(#1678,#1684),.PCURVE_S1.);
#1674 = LINE('',#1675,#1676);
#1675 = CARTESIAN_POINT('',(-14.6975,-10.25,7.));
#1676 = VECTOR('',#1677,1.);
#1677 = DIRECTION('',(1.,0.,0.));
#1678 = PCURVE('',#155,#1679);
#1679 = DEFINITIONAL_REPRESENTATION('',(#1680),#1683);
#1680 = B_SPLINE_CURVE_WITH_KNOTS('',1,(#1681,#1682),.UNSPECIFIED.,.F.,
  .F.,(2,2),(12.5925,12.9925),.PIECEWISE_BEZIER_KNOTS.);
#1681 = CARTESIAN_POINT('',(25.185,0.15));
#1682 = CARTESIAN_POINT('',(25.585,0.15));
#1683 = ( GEOMETRIC_REPRESENTATION_CONTEXT(2) 
PARAMETRIC_REPRESENTATION_CONTEXT() REPRESENTATION_CONTEXT('2D SPACE',''
  ) );
#1684 = PCURVE('',#1685,#1690);
#1685 = PLANE('',#1686);
#1686 = AXIS2_PLACEMENT_3D('',#1687,#1688,#1689);
#1687 = CARTESIAN_POINT('',(-2.105,-10.25,0.));
#1688 = DIRECTION('',(0.,1.,0.));
#1689 = DIRECTION('',(0.,0.,1.));
#1690 = DEFINITIONAL_REPRESENTATION('',(#1691),#1694);
#1691 = B_SPLINE_CURVE_WITH_KNOTS('',1,(#1692,#1693),.UNSPECIFIED.,.F.,
  .F.,(2,2),(12.5925,12.9925),.PIECEWISE_BEZIER_KNOTS.);
#1692 = CARTESIAN_POINT('',(7.,0.));
#1693 = CARTESIAN_POINT('',(7.,0.4));
#1694 = ( GEOMETRIC_REPRESENTATION_CONTEXT(2) 
PARAMETRIC_REPRESENTATION_CONTEXT() REPRESENTATION_CONTEXT('2D SPACE',''
  ) );
#1695 = ORIENTED_EDGE('',*,*,#1696,.T.);
#1696 = EDGE_CURVE('',#1671,#1697,#1699,.T.);
#1697 = VERTEX_POINT('',#1698);
#1698 = CARTESIAN_POINT('',(-1.705,-10.4,7.));
#1699 = SURFACE_CURVE('',#1700,(#1704,#1710),.PCURVE_S1.);
#1700 = LINE('',#1701,#1702);
#1701 = CARTESIAN_POINT('',(-1.705,-10.475,7.));
#1702 = VECTOR('',#1703,1.);
#1703 = DIRECTION('',(0.,-1.,0.));
#1704 = PCURVE('',#155,#1705);
#1705 = DEFINITIONAL_REPRESENTATION('',(#1706),#1709);
#1706 = B_SPLINE_CURVE_WITH_KNOTS('',1,(#1707,#1708),.UNSPECIFIED.,.F.,
  .F.,(2,2),(-0.225,-7.5E-02),.PIECEWISE_BEZIER_KNOTS.);
#1707 = CARTESIAN_POINT('',(25.585,0.15));
#1708 = CARTESIAN_POINT('',(25.585,0.));
#1709 = ( GEOMETRIC_REPRESENTATION_CONTEXT(2) 
PARAMETRIC_REPRESENTATION_CONTEXT() REPRESENTATION_CONTEXT('2D SPACE',''
  ) );
#1710 = PCURVE('',#674,#1711);
#1711 = DEFINITIONAL_REPRESENTATION('',(#1712),#1715);
#1712 = B_SPLINE_CURVE_WITH_KNOTS('',1,(#1713,#1714),.UNSPECIFIED.,.F.,
  .F.,(2,2),(-0.225,-7.5E-02),.PIECEWISE_BEZIER_KNOTS.);
#1713 = CARTESIAN_POINT('',(7.,-0.3));
#1714 = CARTESIAN_POINT('',(7.,-0.15));
#1715 = ( GEOMETRIC_REPRESENTATION_CONTEXT(2) 
PARAMETRIC_REPRESENTATION_CONTEXT() REPRESENTATION_CONTEXT('2D SPACE',''
  ) );
#1716 = ORIENTED_EDGE('',*,*,#1717,.T.);
#1717 = EDGE_CURVE('',#1697,#1718,#1720,.T.);
#1718 = VERTEX_POINT('',#1719);
#1719 = CARTESIAN_POINT('',(-0.835,-10.4,7.));
#1720 = SURFACE_CURVE('',#1721,(#1725,#1732),.PCURVE_S1.);
#1721 = LINE('',#1722,#1723);
#1722 = CARTESIAN_POINT('',(-27.29,-10.4,7.));
#1723 = VECTOR('',#1724,1.);
#1724 = DIRECTION('',(1.,0.,0.));
#1725 = PCURVE('',#155,#1726);
#1726 = DEFINITIONAL_REPRESENTATION('',(#1727),#1731);
#1727 = LINE('',#1728,#1729);
#1728 = CARTESIAN_POINT('',(0.,0.));
#1729 = VECTOR('',#1730,1.);
#1730 = DIRECTION('',(1.,0.));
#1731 = ( GEOMETRIC_REPRESENTATION_CONTEXT(2) 
PARAMETRIC_REPRESENTATION_CONTEXT() REPRESENTATION_CONTEXT('2D SPACE',''
  ) );
#1732 = PCURVE('',#701,#1733);
#1733 = DEFINITIONAL_REPRESENTATION('',(#1734),#1738);
#1734 = LINE('',#1735,#1736);
#1735 = CARTESIAN_POINT('',(0.,0.));
#1736 = VECTOR('',#1737,1.);
#1737 = DIRECTION('',(0.,1.));
#1738 = ( GEOMETRIC_REPRESENTATION_CONTEXT(2) 
PARAMETRIC_REPRESENTATION_CONTEXT() REPRESENTATION_CONTEXT('2D SPACE',''
  ) );
#1739 = ORIENTED_EDGE('',*,*,#1740,.F.);
#1740 = EDGE_CURVE('',#1741,#1718,#1743,.T.);
#1741 = VERTEX_POINT('',#1742);
#1742 = CARTESIAN_POINT('',(-0.835,-10.25,7.));
#1743 = SURFACE_CURVE('',#1744,(#1748,#1754),.PCURVE_S1.);
#1744 = LINE('',#1745,#1746);
#1745 = CARTESIAN_POINT('',(-0.835,-10.475,7.));
#1746 = VECTOR('',#1747,1.);
#1747 = DIRECTION('',(0.,-1.,0.));
#1748 = PCURVE('',#155,#1749);
#1749 = DEFINITIONAL_REPRESENTATION('',(#1750),#1753);
#1750 = B_SPLINE_CURVE_WITH_KNOTS('',1,(#1751,#1752),.UNSPECIFIED.,.F.,
  .F.,(2,2),(-0.225,-7.5E-02),.PIECEWISE_BEZIER_KNOTS.);
#1751 = CARTESIAN_POINT('',(26.455,0.15));
#1752 = CARTESIAN_POINT('',(26.455,0.));
#1753 = ( GEOMETRIC_REPRESENTATION_CONTEXT(2) 
PARAMETRIC_REPRESENTATION_CONTEXT() REPRESENTATION_CONTEXT('2D SPACE',''
  ) );
#1754 = PCURVE('',#728,#1755);
#1755 = DEFINITIONAL_REPRESENTATION('',(#1756),#1759);
#1756 = B_SPLINE_CURVE_WITH_KNOTS('',1,(#1757,#1758),.UNSPECIFIED.,.F.,
  .F.,(2,2),(-0.225,-7.5E-02),.PIECEWISE_BEZIER_KNOTS.);
#1757 = CARTESIAN_POINT('',(7.,-0.3));
#1758 = CARTESIAN_POINT('',(7.,-0.15));
#1759 = ( GEOMETRIC_REPRESENTATION_CONTEXT(2) 
PARAMETRIC_REPRESENTATION_CONTEXT() REPRESENTATION_CONTEXT('2D SPACE',''
  ) );
#1760 = ORIENTED_EDGE('',*,*,#1761,.T.);
#1761 = EDGE_CURVE('',#1741,#1762,#1764,.T.);
#1762 = VERTEX_POINT('',#1763);
#1763 = CARTESIAN_POINT('',(-0.435,-10.25,7.));
#1764 = SURFACE_CURVE('',#1765,(#1769,#1775),.PCURVE_S1.);
#1765 = LINE('',#1766,#1767);
#1766 = CARTESIAN_POINT('',(-14.0625,-10.25,7.));
#1767 = VECTOR('',#1768,1.);
#1768 = DIRECTION('',(1.,0.,0.));
#1769 = PCURVE('',#155,#1770);
#1770 = DEFINITIONAL_REPRESENTATION('',(#1771),#1774);
#1771 = B_SPLINE_CURVE_WITH_KNOTS('',1,(#1772,#1773),.UNSPECIFIED.,.F.,
  .F.,(2,2),(13.2275,13.6275),.PIECEWISE_BEZIER_KNOTS.);
#1772 = CARTESIAN_POINT('',(26.455,0.15));
#1773 = CARTESIAN_POINT('',(26.855,0.15));
#1774 = ( GEOMETRIC_REPRESENTATION_CONTEXT(2) 
PARAMETRIC_REPRESENTATION_CONTEXT() REPRESENTATION_CONTEXT('2D SPACE',''
  ) );
#1775 = PCURVE('',#1776,#1781);
#1776 = PLANE('',#1777);
#1777 = AXIS2_PLACEMENT_3D('',#1778,#1779,#1780);
#1778 = CARTESIAN_POINT('',(-0.835,-10.25,0.));
#1779 = DIRECTION('',(0.,1.,0.));
#1780 = DIRECTION('',(0.,0.,1.));
#1781 = DEFINITIONAL_REPRESENTATION('',(#1782),#1785);
#1782 = B_SPLINE_CURVE_WITH_KNOTS('',1,(#1783,#1784),.UNSPECIFIED.,.F.,
  .F.,(2,2),(13.2275,13.6275),.PIECEWISE_BEZIER_KNOTS.);
#1783 = CARTESIAN_POINT('',(7.,0.));
#1784 = CARTESIAN_POINT('',(7.,0.4));
#1785 = ( GEOMETRIC_REPRESENTATION_CONTEXT(2) 
PARAMETRIC_REPRESENTATION_CONTEXT() REPRESENTATION_CONTEXT('2D SPACE',''
  ) );
#1786 = ORIENTED_EDGE('',*,*,#1787,.T.);
#1787 = EDGE_CURVE('',#1762,#1788,#1790,.T.);
#1788 = VERTEX_POINT('',#1789);
#1789 = CARTESIAN_POINT('',(-0.435,-10.4,7.));
#1790 = SURFACE_CURVE('',#1791,(#1795,#1801),.PCURVE_S1.);
#1791 = LINE('',#1792,#1793);
#1792 = CARTESIAN_POINT('',(-0.435,-10.475,7.));
#1793 = VECTOR('',#1794,1.);
#1794 = DIRECTION('',(0.,-1.,0.));
#1795 = PCURVE('',#155,#1796);
#1796 = DEFINITIONAL_REPRESENTATION('',(#1797),#1800);
#1797 = B_SPLINE_CURVE_WITH_KNOTS('',1,(#1798,#1799),.UNSPECIFIED.,.F.,
  .F.,(2,2),(-0.225,-7.5E-02),.PIECEWISE_BEZIER_KNOTS.);
#1798 = CARTESIAN_POINT('',(26.855,0.15));
#1799 = CARTESIAN_POINT('',(26.855,0.));
#1800 = ( GEOMETRIC_REPRESENTATION_CONTEXT(2) 
PARAMETRIC_REPRESENTATION_CONTEXT() REPRESENTATION_CONTEXT('2D SPACE',''
  ) );
#1801 = PCURVE('',#780,#1802);
#1802 = DEFINITIONAL_REPRESENTATION('',(#1803),#1806);
#1803 = B_SPLINE_CURVE_WITH_KNOTS('',1,(#1804,#1805),.UNSPECIFIED.,.F.,
  .F.,(2,2),(-0.225,-7.5E-02),.PIECEWISE_BEZIER_KNOTS.);
#1804 = CARTESIAN_POINT('',(7.,-0.3));
#1805 = CARTESIAN_POINT('',(7.,-0.15));
#1806 = ( GEOMETRIC_REPRESENTATION_CONTEXT(2) 
PARAMETRIC_REPRESENTATION_CONTEXT() REPRESENTATION_CONTEXT('2D SPACE',''
  ) );
#1807 = ORIENTED_EDGE('',*,*,#1808,.T.);
#1808 = EDGE_CURVE('',#1788,#1809,#1811,.T.);
#1809 = VERTEX_POINT('',#1810);
#1810 = CARTESIAN_POINT('',(0.435,-10.4,7.));
#1811 = SURFACE_CURVE('',#1812,(#1816,#1823),.PCURVE_S1.);
#1812 = LINE('',#1813,#1814);
#1813 = CARTESIAN_POINT('',(-27.29,-10.4,7.));
#1814 = VECTOR('',#1815,1.);
#1815 = DIRECTION('',(1.,0.,0.));
#1816 = PCURVE('',#155,#1817);
#1817 = DEFINITIONAL_REPRESENTATION('',(#1818),#1822);
#1818 = LINE('',#1819,#1820);
#1819 = CARTESIAN_POINT('',(0.,0.));
#1820 = VECTOR('',#1821,1.);
#1821 = DIRECTION('',(1.,0.));
#1822 = ( GEOMETRIC_REPRESENTATION_CONTEXT(2) 
PARAMETRIC_REPRESENTATION_CONTEXT() REPRESENTATION_CONTEXT('2D SPACE',''
  ) );
#1823 = PCURVE('',#807,#1824);
#1824 = DEFINITIONAL_REPRESENTATION('',(#1825),#1829);
#1825 = LINE('',#1826,#1827);
#1826 = CARTESIAN_POINT('',(0.,0.));
#1827 = VECTOR('',#1828,1.);
#1828 = DIRECTION('',(0.,1.));
#1829 = ( GEOMETRIC_REPRESENTATION_CONTEXT(2) 
PARAMETRIC_REPRESENTATION_CONTEXT() REPRESENTATION_CONTEXT('2D SPACE',''
  ) );
#1830 = ORIENTED_EDGE('',*,*,#1831,.F.);
#1831 = EDGE_CURVE('',#1832,#1809,#1834,.T.);
#1832 = VERTEX_POINT('',#1833);
#1833 = CARTESIAN_POINT('',(0.435,-10.25,7.));
#1834 = SURFACE_CURVE('',#1835,(#1839,#1845),.PCURVE_S1.);
#1835 = LINE('',#1836,#1837);
#1836 = CARTESIAN_POINT('',(0.435,-10.475,7.));
#1837 = VECTOR('',#1838,1.);
#1838 = DIRECTION('',(0.,-1.,0.));
#1839 = PCURVE('',#155,#1840);
#1840 = DEFINITIONAL_REPRESENTATION('',(#1841),#1844);
#1841 = B_SPLINE_CURVE_WITH_KNOTS('',1,(#1842,#1843),.UNSPECIFIED.,.F.,
  .F.,(2,2),(-0.225,-7.5E-02),.PIECEWISE_BEZIER_KNOTS.);
#1842 = CARTESIAN_POINT('',(27.725,0.15));
#1843 = CARTESIAN_POINT('',(27.725,0.));
#1844 = ( GEOMETRIC_REPRESENTATION_CONTEXT(2) 
PARAMETRIC_REPRESENTATION_CONTEXT() REPRESENTATION_CONTEXT('2D SPACE',''
  ) );
#1845 = PCURVE('',#834,#1846);
#1846 = DEFINITIONAL_REPRESENTATION('',(#1847),#1850);
#1847 = B_SPLINE_CURVE_WITH_KNOTS('',1,(#1848,#1849),.UNSPECIFIED.,.F.,
  .F.,(2,2),(-0.225,-7.5E-02),.PIECEWISE_BEZIER_KNOTS.);
#1848 = CARTESIAN_POINT('',(7.,-0.3));
#1849 = CARTESIAN_POINT('',(7.,-0.15));
#1850 = ( GEOMETRIC_REPRESENTATION_CONTEXT(2) 
PARAMETRIC_REPRESENTATION_CONTEXT() REPRESENTATION_CONTEXT('2D SPACE',''
  ) );
#1851 = ORIENTED_EDGE('',*,*,#1852,.T.);
#1852 = EDGE_CURVE('',#1832,#1853,#1855,.T.);
#1853 = VERTEX_POINT('',#1854);
#1854 = CARTESIAN_POINT('',(0.835,-10.25,7.));
#1855 = SURFACE_CURVE('',#1856,(#1860,#1866),.PCURVE_S1.);
#1856 = LINE('',#1857,#1858);
#1857 = CARTESIAN_POINT('',(-13.4275,-10.25,7.));
#1858 = VECTOR('',#1859,1.);
#1859 = DIRECTION('',(1.,0.,0.));
#1860 = PCURVE('',#155,#1861);
#1861 = DEFINITIONAL_REPRESENTATION('',(#1862),#1865);
#1862 = B_SPLINE_CURVE_WITH_KNOTS('',1,(#1863,#1864),.UNSPECIFIED.,.F.,
  .F.,(2,2),(13.8625,14.2625),.PIECEWISE_BEZIER_KNOTS.);
#1863 = CARTESIAN_POINT('',(27.725,0.15));
#1864 = CARTESIAN_POINT('',(28.125,0.15));
#1865 = ( GEOMETRIC_REPRESENTATION_CONTEXT(2) 
PARAMETRIC_REPRESENTATION_CONTEXT() REPRESENTATION_CONTEXT('2D SPACE',''
  ) );
#1866 = PCURVE('',#1867,#1872);
#1867 = PLANE('',#1868);
#1868 = AXIS2_PLACEMENT_3D('',#1869,#1870,#1871);
#1869 = CARTESIAN_POINT('',(0.435,-10.25,0.));
#1870 = DIRECTION('',(0.,1.,0.));
#1871 = DIRECTION('',(0.,0.,1.));
#1872 = DEFINITIONAL_REPRESENTATION('',(#1873),#1876);
#1873 = B_SPLINE_CURVE_WITH_KNOTS('',1,(#1874,#1875),.UNSPECIFIED.,.F.,
  .F.,(2,2),(13.8625,14.2625),.PIECEWISE_BEZIER_KNOTS.);
#1874 = CARTESIAN_POINT('',(7.,0.));
#1875 = CARTESIAN_POINT('',(7.,0.4));
#1876 = ( GEOMETRIC_REPRESENTATION_CONTEXT(2) 
PARAMETRIC_REPRESENTATION_CONTEXT() REPRESENTATION_CONTEXT('2D SPACE',''
  ) );
#1877 = ORIENTED_EDGE('',*,*,#1878,.T.);
#1878 = EDGE_CURVE('',#1853,#1879,#1881,.T.);
#1879 = VERTEX_POINT('',#1880);
#1880 = CARTESIAN_POINT('',(0.835,-10.4,7.));
#1881 = SURFACE_CURVE('',#1882,(#1886,#1892),.PCURVE_S1.);
#1882 = LINE('',#1883,#1884);
#1883 = CARTESIAN_POINT('',(0.835,-10.475,7.));
#1884 = VECTOR('',#1885,1.);
#1885 = DIRECTION('',(0.,-1.,0.));
#1886 = PCURVE('',#155,#1887);
#1887 = DEFINITIONAL_REPRESENTATION('',(#1888),#1891);
#1888 = B_SPLINE_CURVE_WITH_KNOTS('',1,(#1889,#1890),.UNSPECIFIED.,.F.,
  .F.,(2,2),(-0.225,-7.5E-02),.PIECEWISE_BEZIER_KNOTS.);
#1889 = CARTESIAN_POINT('',(28.125,0.15));
#1890 = CARTESIAN_POINT('',(28.125,0.));
#1891 = ( GEOMETRIC_REPRESENTATION_CONTEXT(2) 
PARAMETRIC_REPRESENTATION_CONTEXT() REPRESENTATION_CONTEXT('2D SPACE',''
  ) );
#1892 = PCURVE('',#886,#1893);
#1893 = DEFINITIONAL_REPRESENTATION('',(#1894),#1897);
#1894 = B_SPLINE_CURVE_WITH_KNOTS('',1,(#1895,#1896),.UNSPECIFIED.,.F.,
  .F.,(2,2),(-0.225,-7.5E-02),.PIECEWISE_BEZIER_KNOTS.);
#1895 = CARTESIAN_POINT('',(7.,-0.3));
#1896 = CARTESIAN_POINT('',(7.,-0.15));
#1897 = ( GEOMETRIC_REPRESENTATION_CONTEXT(2) 
PARAMETRIC_REPRESENTATION_CONTEXT() REPRESENTATION_CONTEXT('2D SPACE',''
  ) );
#1898 = ORIENTED_EDGE('',*,*,#1899,.T.);
#1899 = EDGE_CURVE('',#1879,#1900,#1902,.T.);
#1900 = VERTEX_POINT('',#1901);
#1901 = CARTESIAN_POINT('',(1.705,-10.4,7.));
#1902 = SURFACE_CURVE('',#1903,(#1907,#1914),.PCURVE_S1.);
#1903 = LINE('',#1904,#1905);
#1904 = CARTESIAN_POINT('',(-27.29,-10.4,7.));
#1905 = VECTOR('',#1906,1.);
#1906 = DIRECTION('',(1.,0.,0.));
#1907 = PCURVE('',#155,#1908);
#1908 = DEFINITIONAL_REPRESENTATION('',(#1909),#1913);
#1909 = LINE('',#1910,#1911);
#1910 = CARTESIAN_POINT('',(0.,0.));
#1911 = VECTOR('',#1912,1.);
#1912 = DIRECTION('',(1.,0.));
#1913 = ( GEOMETRIC_REPRESENTATION_CONTEXT(2) 
PARAMETRIC_REPRESENTATION_CONTEXT() REPRESENTATION_CONTEXT('2D SPACE',''
  ) );
#1914 = PCURVE('',#913,#1915);
#1915 = DEFINITIONAL_REPRESENTATION('',(#1916),#1920);
#1916 = LINE('',#1917,#1918);
#1917 = CARTESIAN_POINT('',(0.,0.));
#1918 = VECTOR('',#1919,1.);
#1919 = DIRECTION('',(0.,1.));
#1920 = ( GEOMETRIC_REPRESENTATION_CONTEXT(2) 
PARAMETRIC_REPRESENTATION_CONTEXT() REPRESENTATION_CONTEXT('2D SPACE',''
  ) );
#1921 = ORIENTED_EDGE('',*,*,#1922,.F.);
#1922 = EDGE_CURVE('',#1923,#1900,#1925,.T.);
#1923 = VERTEX_POINT('',#1924);
#1924 = CARTESIAN_POINT('',(1.705,-10.25,7.));
#1925 = SURFACE_CURVE('',#1926,(#1930,#1936),.PCURVE_S1.);
#1926 = LINE('',#1927,#1928);
#1927 = CARTESIAN_POINT('',(1.705,-10.475,7.));
#1928 = VECTOR('',#1929,1.);
#1929 = DIRECTION('',(0.,-1.,0.));
#1930 = PCURVE('',#155,#1931);
#1931 = DEFINITIONAL_REPRESENTATION('',(#1932),#1935);
#1932 = B_SPLINE_CURVE_WITH_KNOTS('',1,(#1933,#1934),.UNSPECIFIED.,.F.,
  .F.,(2,2),(-0.225,-7.5E-02),.PIECEWISE_BEZIER_KNOTS.);
#1933 = CARTESIAN_POINT('',(28.995,0.15));
#1934 = CARTESIAN_POINT('',(28.995,0.));
#1935 = ( GEOMETRIC_REPRESENTATION_CONTEXT(2) 
PARAMETRIC_REPRESENTATION_CONTEXT() REPRESENTATION_CONTEXT('2D SPACE',''
  ) );
#1936 = PCURVE('',#940,#1937);
#1937 = DEFINITIONAL_REPRESENTATION('',(#1938),#1941);
#1938 = B_SPLINE_CURVE_WITH_KNOTS('',1,(#1939,#1940),.UNSPECIFIED.,.F.,
  .F.,(2,2),(-0.225,-7.5E-02),.PIECEWISE_BEZIER_KNOTS.);
#1939 = CARTESIAN_POINT('',(7.,-0.3));
#1940 = CARTESIAN_POINT('',(7.,-0.15));
#1941 = ( GEOMETRIC_REPRESENTATION_CONTEXT(2) 
PARAMETRIC_REPRESENTATION_CONTEXT() REPRESENTATION_CONTEXT('2D SPACE',''
  ) );
#1942 = ORIENTED_EDGE('',*,*,#1943,.T.);
#1943 = EDGE_CURVE('',#1923,#1944,#1946,.T.);
#1944 = VERTEX_POINT('',#1945);
#1945 = CARTESIAN_POINT('',(2.105,-10.25,7.));
#1946 = SURFACE_CURVE('',#1947,(#1951,#1957),.PCURVE_S1.);
#1947 = LINE('',#1948,#1949);
#1948 = CARTESIAN_POINT('',(-12.7925,-10.25,7.));
#1949 = VECTOR('',#1950,1.);
#1950 = DIRECTION('',(1.,0.,0.));
#1951 = PCURVE('',#155,#1952);
#1952 = DEFINITIONAL_REPRESENTATION('',(#1953),#1956);
#1953 = B_SPLINE_CURVE_WITH_KNOTS('',1,(#1954,#1955),.UNSPECIFIED.,.F.,
  .F.,(2,2),(14.4975,14.8975),.PIECEWISE_BEZIER_KNOTS.);
#1954 = CARTESIAN_POINT('',(28.995,0.15));
#1955 = CARTESIAN_POINT('',(29.395,0.15));
#1956 = ( GEOMETRIC_REPRESENTATION_CONTEXT(2) 
PARAMETRIC_REPRESENTATION_CONTEXT() REPRESENTATION_CONTEXT('2D SPACE',''
  ) );
#1957 = PCURVE('',#1958,#1963);
#1958 = PLANE('',#1959);
#1959 = AXIS2_PLACEMENT_3D('',#1960,#1961,#1962);
#1960 = CARTESIAN_POINT('',(1.705,-10.25,0.));
#1961 = DIRECTION('',(0.,1.,0.));
#1962 = DIRECTION('',(0.,0.,1.));
#1963 = DEFINITIONAL_REPRESENTATION('',(#1964),#1967);
#1964 = B_SPLINE_CURVE_WITH_KNOTS('',1,(#1965,#1966),.UNSPECIFIED.,.F.,
  .F.,(2,2),(14.4975,14.8975),.PIECEWISE_BEZIER_KNOTS.);
#1965 = CARTESIAN_POINT('',(7.,0.));
#1966 = CARTESIAN_POINT('',(7.,0.4));
#1967 = ( GEOMETRIC_REPRESENTATION_CONTEXT(2) 
PARAMETRIC_REPRESENTATION_CONTEXT() REPRESENTATION_CONTEXT('2D SPACE',''
  ) );
#1968 = ORIENTED_EDGE('',*,*,#1969,.T.);
#1969 = EDGE_CURVE('',#1944,#1970,#1972,.T.);
#1970 = VERTEX_POINT('',#1971);
#1971 = CARTESIAN_POINT('',(2.105,-10.4,7.));
#1972 = SURFACE_CURVE('',#1973,(#1977,#1983),.PCURVE_S1.);
#1973 = LINE('',#1974,#1975);
#1974 = CARTESIAN_POINT('',(2.105,-10.475,7.));
#1975 = VECTOR('',#1976,1.);
#1976 = DIRECTION('',(0.,-1.,0.));
#1977 = PCURVE('',#155,#1978);
#1978 = DEFINITIONAL_REPRESENTATION('',(#1979),#1982);
#1979 = B_SPLINE_CURVE_WITH_KNOTS('',1,(#1980,#1981),.UNSPECIFIED.,.F.,
  .F.,(2,2),(-0.225,-7.5E-02),.PIECEWISE_BEZIER_KNOTS.);
#1980 = CARTESIAN_POINT('',(29.395,0.15));
#1981 = CARTESIAN_POINT('',(29.395,0.));
#1982 = ( GEOMETRIC_REPRESENTATION_CONTEXT(2) 
PARAMETRIC_REPRESENTATION_CONTEXT() REPRESENTATION_CONTEXT('2D SPACE',''
  ) );
#1983 = PCURVE('',#992,#1984);
#1984 = DEFINITIONAL_REPRESENTATION('',(#1985),#1988);
#1985 = B_SPLINE_CURVE_WITH_KNOTS('',1,(#1986,#1987),.UNSPECIFIED.,.F.,
  .F.,(2,2),(-0.225,-7.5E-02),.PIECEWISE_BEZIER_KNOTS.);
#1986 = CARTESIAN_POINT('',(7.,-0.3));
#1987 = CARTESIAN_POINT('',(7.,-0.15));
#1988 = ( GEOMETRIC_REPRESENTATION_CONTEXT(2) 
PARAMETRIC_REPRESENTATION_CONTEXT() REPRESENTATION_CONTEXT('2D SPACE',''
  ) );
#1989 = ORIENTED_EDGE('',*,*,#1990,.T.);
#1990 = EDGE_CURVE('',#1970,#1991,#1993,.T.);
#1991 = VERTEX_POINT('',#1992);
#1992 = CARTESIAN_POINT('',(2.975,-10.4,7.));
#1993 = SURFACE_CURVE('',#1994,(#1998,#2005),.PCURVE_S1.);
#1994 = LINE('',#1995,#1996);
#1995 = CARTESIAN_POINT('',(-27.29,-10.4,7.));
#1996 = VECTOR('',#1997,1.);
#1997 = DIRECTION('',(1.,0.,0.));
#1998 = PCURVE('',#155,#1999);
#1999 = DEFINITIONAL_REPRESENTATION('',(#2000),#2004);
#2000 = LINE('',#2001,#2002);
#2001 = CARTESIAN_POINT('',(0.,0.));
#2002 = VECTOR('',#2003,1.);
#2003 = DIRECTION('',(1.,0.));
#2004 = ( GEOMETRIC_REPRESENTATION_CONTEXT(2) 
PARAMETRIC_REPRESENTATION_CONTEXT() REPRESENTATION_CONTEXT('2D SPACE',''
  ) );
#2005 = PCURVE('',#1019,#2006);
#2006 = DEFINITIONAL_REPRESENTATION('',(#2007),#2011);
#2007 = LINE('',#2008,#2009);
#2008 = CARTESIAN_POINT('',(0.,0.));
#2009 = VECTOR('',#2010,1.);
#2010 = DIRECTION('',(0.,1.));
#2011 = ( GEOMETRIC_REPRESENTATION_CONTEXT(2) 
PARAMETRIC_REPRESENTATION_CONTEXT() REPRESENTATION_CONTEXT('2D SPACE',''
  ) );
#2012 = ORIENTED_EDGE('',*,*,#2013,.F.);
#2013 = EDGE_CURVE('',#2014,#1991,#2016,.T.);
#2014 = VERTEX_POINT('',#2015);
#2015 = CARTESIAN_POINT('',(2.975,-10.25,7.));
#2016 = SURFACE_CURVE('',#2017,(#2021,#2027),.PCURVE_S1.);
#2017 = LINE('',#2018,#2019);
#2018 = CARTESIAN_POINT('',(2.975,-10.475,7.));
#2019 = VECTOR('',#2020,1.);
#2020 = DIRECTION('',(0.,-1.,0.));
#2021 = PCURVE('',#155,#2022);
#2022 = DEFINITIONAL_REPRESENTATION('',(#2023),#2026);
#2023 = B_SPLINE_CURVE_WITH_KNOTS('',1,(#2024,#2025),.UNSPECIFIED.,.F.,
  .F.,(2,2),(-0.225,-7.5E-02),.PIECEWISE_BEZIER_KNOTS.);
#2024 = CARTESIAN_POINT('',(30.265,0.15));
#2025 = CARTESIAN_POINT('',(30.265,0.));
#2026 = ( GEOMETRIC_REPRESENTATION_CONTEXT(2) 
PARAMETRIC_REPRESENTATION_CONTEXT() REPRESENTATION_CONTEXT('2D SPACE',''
  ) );
#2027 = PCURVE('',#1046,#2028);
#2028 = DEFINITIONAL_REPRESENTATION('',(#2029),#2032);
#2029 = B_SPLINE_CURVE_WITH_KNOTS('',1,(#2030,#2031),.UNSPECIFIED.,.F.,
  .F.,(2,2),(-0.225,-7.5E-02),.PIECEWISE_BEZIER_KNOTS.);
#2030 = CARTESIAN_POINT('',(7.,-0.3));
#2031 = CARTESIAN_POINT('',(7.,-0.15));
#2032 = ( GEOMETRIC_REPRESENTATION_CONTEXT(2) 
PARAMETRIC_REPRESENTATION_CONTEXT() REPRESENTATION_CONTEXT('2D SPACE',''
  ) );
#2033 = ORIENTED_EDGE('',*,*,#2034,.T.);
#2034 = EDGE_CURVE('',#2014,#2035,#2037,.T.);
#2035 = VERTEX_POINT('',#2036);
#2036 = CARTESIAN_POINT('',(3.375,-10.25,7.));
#2037 = SURFACE_CURVE('',#2038,(#2042,#2048),.PCURVE_S1.);
#2038 = LINE('',#2039,#2040);
#2039 = CARTESIAN_POINT('',(-12.1575,-10.25,7.));
#2040 = VECTOR('',#2041,1.);
#2041 = DIRECTION('',(1.,0.,0.));
#2042 = PCURVE('',#155,#2043);
#2043 = DEFINITIONAL_REPRESENTATION('',(#2044),#2047);
#2044 = B_SPLINE_CURVE_WITH_KNOTS('',1,(#2045,#2046),.UNSPECIFIED.,.F.,
  .F.,(2,2),(15.1325,15.5325),.PIECEWISE_BEZIER_KNOTS.);
#2045 = CARTESIAN_POINT('',(30.265,0.15));
#2046 = CARTESIAN_POINT('',(30.665,0.15));
#2047 = ( GEOMETRIC_REPRESENTATION_CONTEXT(2) 
PARAMETRIC_REPRESENTATION_CONTEXT() REPRESENTATION_CONTEXT('2D SPACE',''
  ) );
#2048 = PCURVE('',#2049,#2054);
#2049 = PLANE('',#2050);
#2050 = AXIS2_PLACEMENT_3D('',#2051,#2052,#2053);
#2051 = CARTESIAN_POINT('',(2.975,-10.25,0.));
#2052 = DIRECTION('',(0.,1.,0.));
#2053 = DIRECTION('',(0.,0.,1.));
#2054 = DEFINITIONAL_REPRESENTATION('',(#2055),#2058);
#2055 = B_SPLINE_CURVE_WITH_KNOTS('',1,(#2056,#2057),.UNSPECIFIED.,.F.,
  .F.,(2,2),(15.1325,15.5325),.PIECEWISE_BEZIER_KNOTS.);
#2056 = CARTESIAN_POINT('',(7.,0.));
#2057 = CARTESIAN_POINT('',(7.,0.4));
#2058 = ( GEOMETRIC_REPRESENTATION_CONTEXT(2) 
PARAMETRIC_REPRESENTATION_CONTEXT() REPRESENTATION_CONTEXT('2D SPACE',''
  ) );
#2059 = ORIENTED_EDGE('',*,*,#2060,.T.);
#2060 = EDGE_CURVE('',#2035,#2061,#2063,.T.);
#2061 = VERTEX_POINT('',#2062);
#2062 = CARTESIAN_POINT('',(3.375,-10.4,7.));
#2063 = SURFACE_CURVE('',#2064,(#2068,#2074),.PCURVE_S1.);
#2064 = LINE('',#2065,#2066);
#2065 = CARTESIAN_POINT('',(3.375,-10.475,7.));
#2066 = VECTOR('',#2067,1.);
#2067 = DIRECTION('',(0.,-1.,0.));
#2068 = PCURVE('',#155,#2069);
#2069 = DEFINITIONAL_REPRESENTATION('',(#2070),#2073);
#2070 = B_SPLINE_CURVE_WITH_KNOTS('',1,(#2071,#2072),.UNSPECIFIED.,.F.,
  .F.,(2,2),(-0.225,-7.5E-02),.PIECEWISE_BEZIER_KNOTS.);
#2071 = CARTESIAN_POINT('',(30.665,0.15));
#2072 = CARTESIAN_POINT('',(30.665,0.));
#2073 = ( GEOMETRIC_REPRESENTATION_CONTEXT(2) 
PARAMETRIC_REPRESENTATION_CONTEXT() REPRESENTATION_CONTEXT('2D SPACE',''
  ) );
#2074 = PCURVE('',#1098,#2075);
#2075 = DEFINITIONAL_REPRESENTATION('',(#2076),#2079);
#2076 = B_SPLINE_CURVE_WITH_KNOTS('',1,(#2077,#2078),.UNSPECIFIED.,.F.,
  .F.,(2,2),(-0.225,-7.5E-02),.PIECEWISE_BEZIER_KNOTS.);
#2077 = CARTESIAN_POINT('',(7.,-0.3));
#2078 = CARTESIAN_POINT('',(7.,-0.15));
#2079 = ( GEOMETRIC_REPRESENTATION_CONTEXT(2) 
PARAMETRIC_REPRESENTATION_CONTEXT() REPRESENTATION_CONTEXT('2D SPACE',''
  ) );
#2080 = ORIENTED_EDGE('',*,*,#2081,.T.);
#2081 = EDGE_CURVE('',#2061,#2082,#2084,.T.);
#2082 = VERTEX_POINT('',#2083);
#2083 = CARTESIAN_POINT('',(4.245,-10.4,7.));
#2084 = SURFACE_CURVE('',#2085,(#2089,#2096),.PCURVE_S1.);
#2085 = LINE('',#2086,#2087);
#2086 = CARTESIAN_POINT('',(-27.29,-10.4,7.));
#2087 = VECTOR('',#2088,1.);
#2088 = DIRECTION('',(1.,0.,0.));
#2089 = PCURVE('',#155,#2090);
#2090 = DEFINITIONAL_REPRESENTATION('',(#2091),#2095);
#2091 = LINE('',#2092,#2093);
#2092 = CARTESIAN_POINT('',(0.,0.));
#2093 = VECTOR('',#2094,1.);
#2094 = DIRECTION('',(1.,0.));
#2095 = ( GEOMETRIC_REPRESENTATION_CONTEXT(2) 
PARAMETRIC_REPRESENTATION_CONTEXT() REPRESENTATION_CONTEXT('2D SPACE',''
  ) );
#2096 = PCURVE('',#1125,#2097);
#2097 = DEFINITIONAL_REPRESENTATION('',(#2098),#2102);
#2098 = LINE('',#2099,#2100);
#2099 = CARTESIAN_POINT('',(0.,0.));
#2100 = VECTOR('',#2101,1.);
#2101 = DIRECTION('',(0.,1.));
#2102 = ( GEOMETRIC_REPRESENTATION_CONTEXT(2) 
PARAMETRIC_REPRESENTATION_CONTEXT() REPRESENTATION_CONTEXT('2D SPACE',''
  ) );
#2103 = ORIENTED_EDGE('',*,*,#2104,.F.);
#2104 = EDGE_CURVE('',#2105,#2082,#2107,.T.);
#2105 = VERTEX_POINT('',#2106);
#2106 = CARTESIAN_POINT('',(4.245,-10.25,7.));
#2107 = SURFACE_CURVE('',#2108,(#2112,#2118),.PCURVE_S1.);
#2108 = LINE('',#2109,#2110);
#2109 = CARTESIAN_POINT('',(4.245,-10.475,7.));
#2110 = VECTOR('',#2111,1.);
#2111 = DIRECTION('',(0.,-1.,0.));
#2112 = PCURVE('',#155,#2113);
#2113 = DEFINITIONAL_REPRESENTATION('',(#2114),#2117);
#2114 = B_SPLINE_CURVE_WITH_KNOTS('',1,(#2115,#2116),.UNSPECIFIED.,.F.,
  .F.,(2,2),(-0.225,-7.5E-02),.PIECEWISE_BEZIER_KNOTS.);
#2115 = CARTESIAN_POINT('',(31.535,0.15));
#2116 = CARTESIAN_POINT('',(31.535,0.));
#2117 = ( GEOMETRIC_REPRESENTATION_CONTEXT(2) 
PARAMETRIC_REPRESENTATION_CONTEXT() REPRESENTATION_CONTEXT('2D SPACE',''
  ) );
#2118 = PCURVE('',#1152,#2119);
#2119 = DEFINITIONAL_REPRESENTATION('',(#2120),#2123);
#2120 = B_SPLINE_CURVE_WITH_KNOTS('',1,(#2121,#2122),.UNSPECIFIED.,.F.,
  .F.,(2,2),(-0.225,-7.5E-02),.PIECEWISE_BEZIER_KNOTS.);
#2121 = CARTESIAN_POINT('',(7.,-0.3));
#2122 = CARTESIAN_POINT('',(7.,-0.15));
#2123 = ( GEOMETRIC_REPRESENTATION_CONTEXT(2) 
PARAMETRIC_REPRESENTATION_CONTEXT() REPRESENTATION_CONTEXT('2D SPACE',''
  ) );
#2124 = ORIENTED_EDGE('',*,*,#2125,.T.);
#2125 = EDGE_CURVE('',#2105,#2126,#2128,.T.);
#2126 = VERTEX_POINT('',#2127);
#2127 = CARTESIAN_POINT('',(4.645,-10.25,7.));
#2128 = SURFACE_CURVE('',#2129,(#2133,#2139),.PCURVE_S1.);
#2129 = LINE('',#2130,#2131);
#2130 = CARTESIAN_POINT('',(-11.5225,-10.25,7.));
#2131 = VECTOR('',#2132,1.);
#2132 = DIRECTION('',(1.,0.,0.));
#2133 = PCURVE('',#155,#2134);
#2134 = DEFINITIONAL_REPRESENTATION('',(#2135),#2138);
#2135 = B_SPLINE_CURVE_WITH_KNOTS('',1,(#2136,#2137),.UNSPECIFIED.,.F.,
  .F.,(2,2),(15.7675,16.1675),.PIECEWISE_BEZIER_KNOTS.);
#2136 = CARTESIAN_POINT('',(31.535,0.15));
#2137 = CARTESIAN_POINT('',(31.935,0.15));
#2138 = ( GEOMETRIC_REPRESENTATION_CONTEXT(2) 
PARAMETRIC_REPRESENTATION_CONTEXT() REPRESENTATION_CONTEXT('2D SPACE',''
  ) );
#2139 = PCURVE('',#2140,#2145);
#2140 = PLANE('',#2141);
#2141 = AXIS2_PLACEMENT_3D('',#2142,#2143,#2144);
#2142 = CARTESIAN_POINT('',(4.245,-10.25,0.));
#2143 = DIRECTION('',(0.,1.,0.));
#2144 = DIRECTION('',(0.,0.,1.));
#2145 = DEFINITIONAL_REPRESENTATION('',(#2146),#2149);
#2146 = B_SPLINE_CURVE_WITH_KNOTS('',1,(#2147,#2148),.UNSPECIFIED.,.F.,
  .F.,(2,2),(15.7675,16.1675),.PIECEWISE_BEZIER_KNOTS.);
#2147 = CARTESIAN_POINT('',(7.,0.));
#2148 = CARTESIAN_POINT('',(7.,0.4));
#2149 = ( GEOMETRIC_REPRESENTATION_CONTEXT(2) 
PARAMETRIC_REPRESENTATION_CONTEXT() REPRESENTATION_CONTEXT('2D SPACE',''
  ) );
#2150 = ORIENTED_EDGE('',*,*,#2151,.T.);
#2151 = EDGE_CURVE('',#2126,#2152,#2154,.T.);
#2152 = VERTEX_POINT('',#2153);
#2153 = CARTESIAN_POINT('',(4.645,-10.4,7.));
#2154 = SURFACE_CURVE('',#2155,(#2159,#2165),.PCURVE_S1.);
#2155 = LINE('',#2156,#2157);
#2156 = CARTESIAN_POINT('',(4.645,-10.475,7.));
#2157 = VECTOR('',#2158,1.);
#2158 = DIRECTION('',(0.,-1.,0.));
#2159 = PCURVE('',#155,#2160);
#2160 = DEFINITIONAL_REPRESENTATION('',(#2161),#2164);
#2161 = B_SPLINE_CURVE_WITH_KNOTS('',1,(#2162,#2163),.UNSPECIFIED.,.F.,
  .F.,(2,2),(-0.225,-7.5E-02),.PIECEWISE_BEZIER_KNOTS.);
#2162 = CARTESIAN_POINT('',(31.935,0.15));
#2163 = CARTESIAN_POINT('',(31.935,0.));
#2164 = ( GEOMETRIC_REPRESENTATION_CONTEXT(2) 
PARAMETRIC_REPRESENTATION_CONTEXT() REPRESENTATION_CONTEXT('2D SPACE',''
  ) );
#2165 = PCURVE('',#1204,#2166);
#2166 = DEFINITIONAL_REPRESENTATION('',(#2167),#2170);
#2167 = B_SPLINE_CURVE_WITH_KNOTS('',1,(#2168,#2169),.UNSPECIFIED.,.F.,
  .F.,(2,2),(-0.225,-7.5E-02),.PIECEWISE_BEZIER_KNOTS.);
#2168 = CARTESIAN_POINT('',(7.,-0.3));
#2169 = CARTESIAN_POINT('',(7.,-0.15));
#2170 = ( GEOMETRIC_REPRESENTATION_CONTEXT(2) 
PARAMETRIC_REPRESENTATION_CONTEXT() REPRESENTATION_CONTEXT('2D SPACE',''
  ) );
#2171 = ORIENTED_EDGE('',*,*,#2172,.T.);
#2172 = EDGE_CURVE('',#2152,#2173,#2175,.T.);
#2173 = VERTEX_POINT('',#2174);
#2174 = CARTESIAN_POINT('',(26.79,-10.4,7.));
#2175 = SURFACE_CURVE('',#2176,(#2180,#2187),.PCURVE_S1.);
#2176 = LINE('',#2177,#2178);
#2177 = CARTESIAN_POINT('',(-27.29,-10.4,7.));
#2178 = VECTOR('',#2179,1.);
#2179 = DIRECTION('',(1.,0.,0.));
#2180 = PCURVE('',#155,#2181);
#2181 = DEFINITIONAL_REPRESENTATION('',(#2182),#2186);
#2182 = LINE('',#2183,#2184);
#2183 = CARTESIAN_POINT('',(0.,0.));
#2184 = VECTOR('',#2185,1.);
#2185 = DIRECTION('',(1.,0.));
#2186 = ( GEOMETRIC_REPRESENTATION_CONTEXT(2) 
PARAMETRIC_REPRESENTATION_CONTEXT() REPRESENTATION_CONTEXT('2D SPACE',''
  ) );
#2187 = PCURVE('',#1231,#2188);
#2188 = DEFINITIONAL_REPRESENTATION('',(#2189),#2193);
#2189 = LINE('',#2190,#2191);
#2190 = CARTESIAN_POINT('',(0.,0.));
#2191 = VECTOR('',#2192,1.);
#2192 = DIRECTION('',(0.,1.));
#2193 = ( GEOMETRIC_REPRESENTATION_CONTEXT(2) 
PARAMETRIC_REPRESENTATION_CONTEXT() REPRESENTATION_CONTEXT('2D SPACE',''
  ) );
#2194 = ORIENTED_EDGE('',*,*,#2195,.F.);
#2195 = EDGE_CURVE('',#2196,#2173,#2198,.T.);
#2196 = VERTEX_POINT('',#2197);
#2197 = CARTESIAN_POINT('',(27.29,-9.9,7.));
#2198 = SURFACE_CURVE('',#2199,(#2204,#2215),.PCURVE_S1.);
#2199 = CIRCLE('',#2200,0.5);
#2200 = AXIS2_PLACEMENT_3D('',#2201,#2202,#2203);
#2201 = CARTESIAN_POINT('',(26.79,-9.9,7.));
#2202 = DIRECTION('',(-0.,-0.,-1.));
#2203 = DIRECTION('',(0.,-1.,0.));
#2204 = PCURVE('',#155,#2205);
#2205 = DEFINITIONAL_REPRESENTATION('',(#2206),#2214);
#2206 = ( BOUNDED_CURVE() B_SPLINE_CURVE(2,(#2207,#2208,#2209,#2210,
#2211,#2212,#2213),.UNSPECIFIED.,.T.,.F.) B_SPLINE_CURVE_WITH_KNOTS((1,2
    ,2,2,2,1),(-2.094395102393,0.,2.094395102393,4.188790204786,
6.28318530718,8.377580409573),.UNSPECIFIED.) CURVE() 
GEOMETRIC_REPRESENTATION_ITEM() RATIONAL_B_SPLINE_CURVE((1.,0.5,1.,0.5,
1.,0.5,1.)) REPRESENTATION_ITEM('') );
#2207 = CARTESIAN_POINT('',(54.08,0.));
#2208 = CARTESIAN_POINT('',(53.213974596216,0.));
#2209 = CARTESIAN_POINT('',(53.646987298108,0.75));
#2210 = CARTESIAN_POINT('',(54.08,1.5));
#2211 = CARTESIAN_POINT('',(54.513012701892,0.75));
#2212 = CARTESIAN_POINT('',(54.946025403784,8.326672684689E-16));
#2213 = CARTESIAN_POINT('',(54.08,0.));
#2214 = ( GEOMETRIC_REPRESENTATION_CONTEXT(2) 
PARAMETRIC_REPRESENTATION_CONTEXT() REPRESENTATION_CONTEXT('2D SPACE',''
  ) );
#2215 = PCURVE('',#1264,#2216);
#2216 = DEFINITIONAL_REPRESENTATION('',(#2217),#2221);
#2217 = LINE('',#2218,#2219);
#2218 = CARTESIAN_POINT('',(4.712388980385,-0.));
#2219 = VECTOR('',#2220,1.);
#2220 = DIRECTION('',(-1.,0.));
#2221 = ( GEOMETRIC_REPRESENTATION_CONTEXT(2) 
PARAMETRIC_REPRESENTATION_CONTEXT() REPRESENTATION_CONTEXT('2D SPACE',''
  ) );
#2222 = ORIENTED_EDGE('',*,*,#2223,.T.);
#2223 = EDGE_CURVE('',#2196,#2224,#2226,.T.);
#2224 = VERTEX_POINT('',#2225);
#2225 = CARTESIAN_POINT('',(27.29,9.9,7.));
#2226 = SURFACE_CURVE('',#2227,(#2231,#2238),.PCURVE_S1.);
#2227 = LINE('',#2228,#2229);
#2228 = CARTESIAN_POINT('',(27.29,-10.4,7.));
#2229 = VECTOR('',#2230,1.);
#2230 = DIRECTION('',(0.,1.,0.));
#2231 = PCURVE('',#155,#2232);
#2232 = DEFINITIONAL_REPRESENTATION('',(#2233),#2237);
#2233 = LINE('',#2234,#2235);
#2234 = CARTESIAN_POINT('',(54.58,0.));
#2235 = VECTOR('',#2236,1.);
#2236 = DIRECTION('',(0.,1.));
#2237 = ( GEOMETRIC_REPRESENTATION_CONTEXT(2) 
PARAMETRIC_REPRESENTATION_CONTEXT() REPRESENTATION_CONTEXT('2D SPACE',''
  ) );
#2238 = PCURVE('',#1292,#2239);
#2239 = DEFINITIONAL_REPRESENTATION('',(#2240),#2244);
#2240 = LINE('',#2241,#2242);
#2241 = CARTESIAN_POINT('',(0.,0.));
#2242 = VECTOR('',#2243,1.);
#2243 = DIRECTION('',(0.,-1.));
#2244 = ( GEOMETRIC_REPRESENTATION_CONTEXT(2) 
PARAMETRIC_REPRESENTATION_CONTEXT() REPRESENTATION_CONTEXT('2D SPACE',''
  ) );
#2245 = ORIENTED_EDGE('',*,*,#2246,.T.);
#2246 = EDGE_CURVE('',#2224,#2247,#2249,.T.);
#2247 = VERTEX_POINT('',#2248);
#2248 = CARTESIAN_POINT('',(26.79,10.4,7.));
#2249 = SURFACE_CURVE('',#2250,(#2255,#2262),.PCURVE_S1.);
#2250 = CIRCLE('',#2251,0.5);
#2251 = AXIS2_PLACEMENT_3D('',#2252,#2253,#2254);
#2252 = CARTESIAN_POINT('',(26.79,9.9,7.));
#2253 = DIRECTION('',(0.,0.,1.));
#2254 = DIRECTION('',(0.,-1.,0.));
#2255 = PCURVE('',#155,#2256);
#2256 = DEFINITIONAL_REPRESENTATION('',(#2257),#2261);
#2257 = CIRCLE('',#2258,0.5);
#2258 = AXIS2_PLACEMENT_2D('',#2259,#2260);
#2259 = CARTESIAN_POINT('',(54.08,20.3));
#2260 = DIRECTION('',(0.,-1.));
#2261 = ( GEOMETRIC_REPRESENTATION_CONTEXT(2) 
PARAMETRIC_REPRESENTATION_CONTEXT() REPRESENTATION_CONTEXT('2D SPACE',''
  ) );
#2262 = PCURVE('',#1321,#2263);
#2263 = DEFINITIONAL_REPRESENTATION('',(#2264),#2268);
#2264 = LINE('',#2265,#2266);
#2265 = CARTESIAN_POINT('',(-1.570796326795,0.));
#2266 = VECTOR('',#2267,1.);
#2267 = DIRECTION('',(1.,0.));
#2268 = ( GEOMETRIC_REPRESENTATION_CONTEXT(2) 
PARAMETRIC_REPRESENTATION_CONTEXT() REPRESENTATION_CONTEXT('2D SPACE',''
  ) );
#2269 = ORIENTED_EDGE('',*,*,#2270,.F.);
#2270 = EDGE_CURVE('',#2271,#2247,#2273,.T.);
#2271 = VERTEX_POINT('',#2272);
#2272 = CARTESIAN_POINT('',(-26.79,10.4,7.));
#2273 = SURFACE_CURVE('',#2274,(#2278,#2285),.PCURVE_S1.);
#2274 = LINE('',#2275,#2276);
#2275 = CARTESIAN_POINT('',(-27.29,10.4,7.));
#2276 = VECTOR('',#2277,1.);
#2277 = DIRECTION('',(1.,0.,0.));
#2278 = PCURVE('',#155,#2279);
#2279 = DEFINITIONAL_REPRESENTATION('',(#2280),#2284);
#2280 = LINE('',#2281,#2282);
#2281 = CARTESIAN_POINT('',(0.,20.8));
#2282 = VECTOR('',#2283,1.);
#2283 = DIRECTION('',(1.,0.));
#2284 = ( GEOMETRIC_REPRESENTATION_CONTEXT(2) 
PARAMETRIC_REPRESENTATION_CONTEXT() REPRESENTATION_CONTEXT('2D SPACE',''
  ) );
#2285 = PCURVE('',#1349,#2286);
#2286 = DEFINITIONAL_REPRESENTATION('',(#2287),#2291);
#2287 = LINE('',#2288,#2289);
#2288 = CARTESIAN_POINT('',(0.,0.));
#2289 = VECTOR('',#2290,1.);
#2290 = DIRECTION('',(0.,1.));
#2291 = ( GEOMETRIC_REPRESENTATION_CONTEXT(2) 
PARAMETRIC_REPRESENTATION_CONTEXT() REPRESENTATION_CONTEXT('2D SPACE',''
  ) );
#2292 = ORIENTED_EDGE('',*,*,#2293,.F.);
#2293 = EDGE_CURVE('',#1447,#2271,#2294,.T.);
#2294 = SURFACE_CURVE('',#2295,(#2300,#2311),.PCURVE_S1.);
#2295 = CIRCLE('',#2296,0.5);
#2296 = AXIS2_PLACEMENT_3D('',#2297,#2298,#2299);
#2297 = CARTESIAN_POINT('',(-26.79,9.9,7.));
#2298 = DIRECTION('',(-0.,-0.,-1.));
#2299 = DIRECTION('',(0.,-1.,0.));
#2300 = PCURVE('',#155,#2301);
#2301 = DEFINITIONAL_REPRESENTATION('',(#2302),#2310);
#2302 = ( BOUNDED_CURVE() B_SPLINE_CURVE(2,(#2303,#2304,#2305,#2306,
#2307,#2308,#2309),.UNSPECIFIED.,.T.,.F.) B_SPLINE_CURVE_WITH_KNOTS((1,2
    ,2,2,2,1),(-2.094395102393,0.,2.094395102393,4.188790204786,
6.28318530718,8.377580409573),.UNSPECIFIED.) CURVE() 
GEOMETRIC_REPRESENTATION_ITEM() RATIONAL_B_SPLINE_CURVE((1.,0.5,1.,0.5,
1.,0.5,1.)) REPRESENTATION_ITEM('') );
#2303 = CARTESIAN_POINT('',(0.5,19.8));
#2304 = CARTESIAN_POINT('',(-0.366025403784,19.8));
#2305 = CARTESIAN_POINT('',(6.698729810778E-02,20.55));
#2306 = CARTESIAN_POINT('',(0.5,21.3));
#2307 = CARTESIAN_POINT('',(0.933012701892,20.55));
#2308 = CARTESIAN_POINT('',(1.366025403784,19.8));
#2309 = CARTESIAN_POINT('',(0.5,19.8));
#2310 = ( GEOMETRIC_REPRESENTATION_CONTEXT(2) 
PARAMETRIC_REPRESENTATION_CONTEXT() REPRESENTATION_CONTEXT('2D SPACE',''
  ) );
#2311 = PCURVE('',#1380,#2312);
#2312 = DEFINITIONAL_REPRESENTATION('',(#2313),#2317);
#2313 = LINE('',#2314,#2315);
#2314 = CARTESIAN_POINT('',(1.570796326795,-0.));
#2315 = VECTOR('',#2316,1.);
#2316 = DIRECTION('',(-1.,0.));
#2317 = ( GEOMETRIC_REPRESENTATION_CONTEXT(2) 
PARAMETRIC_REPRESENTATION_CONTEXT() REPRESENTATION_CONTEXT('2D SPACE',''
  ) );
#2318 = ADVANCED_FACE('',(#2319),#128,.T.);
#2319 = FACE_BOUND('',#2320,.T.);
#2320 = EDGE_LOOP('',(#2321,#2344,#2365,#2366));
#2321 = ORIENTED_EDGE('',*,*,#2322,.F.);
#2322 = EDGE_CURVE('',#2323,#1494,#2325,.T.);
#2323 = VERTEX_POINT('',#2324);
#2324 = CARTESIAN_POINT('',(-4.245,-10.25,0.));
#2325 = SURFACE_CURVE('',#2326,(#2330,#2337),.PCURVE_S1.);
#2326 = LINE('',#2327,#2328);
#2327 = CARTESIAN_POINT('',(-4.245,-10.25,0.));
#2328 = VECTOR('',#2329,1.);
#2329 = DIRECTION('',(0.,0.,1.));
#2330 = PCURVE('',#128,#2331);
#2331 = DEFINITIONAL_REPRESENTATION('',(#2332),#2336);
#2332 = LINE('',#2333,#2334);
#2333 = CARTESIAN_POINT('',(0.,0.4));
#2334 = VECTOR('',#2335,1.);
#2335 = DIRECTION('',(1.,0.));
#2336 = ( GEOMETRIC_REPRESENTATION_CONTEXT(2) 
PARAMETRIC_REPRESENTATION_CONTEXT() REPRESENTATION_CONTEXT('2D SPACE',''
  ) );
#2337 = PCURVE('',#287,#2338);
#2338 = DEFINITIONAL_REPRESENTATION('',(#2339),#2343);
#2339 = LINE('',#2340,#2341);
#2340 = CARTESIAN_POINT('',(0.,-0.3));
#2341 = VECTOR('',#2342,1.);
#2342 = DIRECTION('',(1.,0.));
#2343 = ( GEOMETRIC_REPRESENTATION_CONTEXT(2) 
PARAMETRIC_REPRESENTATION_CONTEXT() REPRESENTATION_CONTEXT('2D SPACE',''
  ) );
#2344 = ORIENTED_EDGE('',*,*,#2345,.F.);
#2345 = EDGE_CURVE('',#85,#2323,#2346,.T.);
#2346 = SURFACE_CURVE('',#2347,(#2351,#2358),.PCURVE_S1.);
#2347 = LINE('',#2348,#2349);
#2348 = CARTESIAN_POINT('',(-4.645,-10.25,0.));
#2349 = VECTOR('',#2350,1.);
#2350 = DIRECTION('',(1.,0.,0.));
#2351 = PCURVE('',#128,#2352);
#2352 = DEFINITIONAL_REPRESENTATION('',(#2353),#2357);
#2353 = LINE('',#2354,#2355);
#2354 = CARTESIAN_POINT('',(0.,0.));
#2355 = VECTOR('',#2356,1.);
#2356 = DIRECTION('',(0.,1.));
#2357 = ( GEOMETRIC_REPRESENTATION_CONTEXT(2) 
PARAMETRIC_REPRESENTATION_CONTEXT() REPRESENTATION_CONTEXT('2D SPACE',''
  ) );
#2358 = PCURVE('',#100,#2359);
#2359 = DEFINITIONAL_REPRESENTATION('',(#2360),#2364);
#2360 = LINE('',#2361,#2362);
#2361 = CARTESIAN_POINT('',(0.,0.3));
#2362 = VECTOR('',#2363,1.);
#2363 = DIRECTION('',(1.,0.));
#2364 = ( GEOMETRIC_REPRESENTATION_CONTEXT(2) 
PARAMETRIC_REPRESENTATION_CONTEXT() REPRESENTATION_CONTEXT('2D SPACE',''
  ) );
#2365 = ORIENTED_EDGE('',*,*,#112,.T.);
#2366 = ORIENTED_EDGE('',*,*,#1493,.T.);
#2367 = ADVANCED_FACE('',(#2368),#100,.F.);
#2368 = FACE_BOUND('',#2369,.F.);
#2369 = EDGE_LOOP('',(#2370,#2371,#2394,#2415));
#2370 = ORIENTED_EDGE('',*,*,#84,.F.);
#2371 = ORIENTED_EDGE('',*,*,#2372,.T.);
#2372 = EDGE_CURVE('',#57,#2373,#2375,.T.);
#2373 = VERTEX_POINT('',#2374);
#2374 = CARTESIAN_POINT('',(-4.245,-10.55,0.));
#2375 = SURFACE_CURVE('',#2376,(#2380,#2387),.PCURVE_S1.);
#2376 = LINE('',#2377,#2378);
#2377 = CARTESIAN_POINT('',(-4.645,-10.55,0.));
#2378 = VECTOR('',#2379,1.);
#2379 = DIRECTION('',(1.,0.,0.));
#2380 = PCURVE('',#100,#2381);
#2381 = DEFINITIONAL_REPRESENTATION('',(#2382),#2386);
#2382 = LINE('',#2383,#2384);
#2383 = CARTESIAN_POINT('',(0.,0.));
#2384 = VECTOR('',#2385,1.);
#2385 = DIRECTION('',(1.,0.));
#2386 = ( GEOMETRIC_REPRESENTATION_CONTEXT(2) 
PARAMETRIC_REPRESENTATION_CONTEXT() REPRESENTATION_CONTEXT('2D SPACE',''
  ) );
#2387 = PCURVE('',#72,#2388);
#2388 = DEFINITIONAL_REPRESENTATION('',(#2389),#2393);
#2389 = LINE('',#2390,#2391);
#2390 = CARTESIAN_POINT('',(0.,0.));
#2391 = VECTOR('',#2392,1.);
#2392 = DIRECTION('',(0.,1.));
#2393 = ( GEOMETRIC_REPRESENTATION_CONTEXT(2) 
PARAMETRIC_REPRESENTATION_CONTEXT() REPRESENTATION_CONTEXT('2D SPACE',''
  ) );
#2394 = ORIENTED_EDGE('',*,*,#2395,.T.);
#2395 = EDGE_CURVE('',#2373,#2323,#2396,.T.);
#2396 = SURFACE_CURVE('',#2397,(#2401,#2408),.PCURVE_S1.);
#2397 = LINE('',#2398,#2399);
#2398 = CARTESIAN_POINT('',(-4.245,-10.55,0.));
#2399 = VECTOR('',#2400,1.);
#2400 = DIRECTION('',(0.,1.,0.));
#2401 = PCURVE('',#100,#2402);
#2402 = DEFINITIONAL_REPRESENTATION('',(#2403),#2407);
#2403 = LINE('',#2404,#2405);
#2404 = CARTESIAN_POINT('',(0.4,0.));
#2405 = VECTOR('',#2406,1.);
#2406 = DIRECTION('',(0.,1.));
#2407 = ( GEOMETRIC_REPRESENTATION_CONTEXT(2) 
PARAMETRIC_REPRESENTATION_CONTEXT() REPRESENTATION_CONTEXT('2D SPACE',''
  ) );
#2408 = PCURVE('',#287,#2409);
#2409 = DEFINITIONAL_REPRESENTATION('',(#2410),#2414);
#2410 = LINE('',#2411,#2412);
#2411 = CARTESIAN_POINT('',(0.,0.));
#2412 = VECTOR('',#2413,1.);
#2413 = DIRECTION('',(0.,-1.));
#2414 = ( GEOMETRIC_REPRESENTATION_CONTEXT(2) 
PARAMETRIC_REPRESENTATION_CONTEXT() REPRESENTATION_CONTEXT('2D SPACE',''
  ) );
#2415 = ORIENTED_EDGE('',*,*,#2345,.F.);
#2416 = ADVANCED_FACE('',(#2417),#72,.F.);
#2417 = FACE_BOUND('',#2418,.F.);
#2418 = EDGE_LOOP('',(#2419,#2420,#2421,#2422));
#2419 = ORIENTED_EDGE('',*,*,#2372,.F.);
#2420 = ORIENTED_EDGE('',*,*,#56,.T.);
#2421 = ORIENTED_EDGE('',*,*,#248,.T.);
#2422 = ORIENTED_EDGE('',*,*,#2423,.F.);
#2423 = EDGE_CURVE('',#2373,#249,#2424,.T.);
#2424 = SURFACE_CURVE('',#2425,(#2429,#2436),.PCURVE_S1.);
#2425 = LINE('',#2426,#2427);
#2426 = CARTESIAN_POINT('',(-4.245,-10.55,0.));
#2427 = VECTOR('',#2428,1.);
#2428 = DIRECTION('',(0.,0.,1.));
#2429 = PCURVE('',#72,#2430);
#2430 = DEFINITIONAL_REPRESENTATION('',(#2431),#2435);
#2431 = LINE('',#2432,#2433);
#2432 = CARTESIAN_POINT('',(0.,0.4));
#2433 = VECTOR('',#2434,1.);
#2434 = DIRECTION('',(1.,0.));
#2435 = ( GEOMETRIC_REPRESENTATION_CONTEXT(2) 
PARAMETRIC_REPRESENTATION_CONTEXT() REPRESENTATION_CONTEXT('2D SPACE',''
  ) );
#2436 = PCURVE('',#287,#2437);
#2437 = DEFINITIONAL_REPRESENTATION('',(#2438),#2442);
#2438 = LINE('',#2439,#2440);
#2439 = CARTESIAN_POINT('',(0.,0.));
#2440 = VECTOR('',#2441,1.);
#2441 = DIRECTION('',(1.,0.));
#2442 = ( GEOMETRIC_REPRESENTATION_CONTEXT(2) 
PARAMETRIC_REPRESENTATION_CONTEXT() REPRESENTATION_CONTEXT('2D SPACE',''
  ) );
#2443 = ADVANCED_FACE('',(#2444),#287,.T.);
#2444 = FACE_BOUND('',#2445,.T.);
#2445 = EDGE_LOOP('',(#2446,#2447,#2448,#2449,#2450,#2451,#2470,#2471));
#2446 = ORIENTED_EDGE('',*,*,#271,.F.);
#2447 = ORIENTED_EDGE('',*,*,#2423,.F.);
#2448 = ORIENTED_EDGE('',*,*,#2395,.T.);
#2449 = ORIENTED_EDGE('',*,*,#2322,.T.);
#2450 = ORIENTED_EDGE('',*,*,#1514,.T.);
#2451 = ORIENTED_EDGE('',*,*,#2452,.T.);
#2452 = EDGE_CURVE('',#1515,#453,#2453,.T.);
#2453 = SURFACE_CURVE('',#2454,(#2458,#2464),.PCURVE_S1.);
#2454 = LINE('',#2455,#2456);
#2455 = CARTESIAN_POINT('',(-4.245,-10.4,3.5));
#2456 = VECTOR('',#2457,1.);
#2457 = DIRECTION('',(0.,0.,1.));
#2458 = PCURVE('',#287,#2459);
#2459 = DEFINITIONAL_REPRESENTATION('',(#2460),#2463);
#2460 = B_SPLINE_CURVE_WITH_KNOTS('',1,(#2461,#2462),.UNSPECIFIED.,.F.,
  .F.,(2,2),(3.5,4.6),.PIECEWISE_BEZIER_KNOTS.);
#2461 = CARTESIAN_POINT('',(7.,-0.15));
#2462 = CARTESIAN_POINT('',(8.1,-0.15));
#2463 = ( GEOMETRIC_REPRESENTATION_CONTEXT(2) 
PARAMETRIC_REPRESENTATION_CONTEXT() REPRESENTATION_CONTEXT('2D SPACE',''
  ) );
#2464 = PCURVE('',#489,#2465);
#2465 = DEFINITIONAL_REPRESENTATION('',(#2466),#2469);
#2466 = B_SPLINE_CURVE_WITH_KNOTS('',1,(#2467,#2468),.UNSPECIFIED.,.F.,
  .F.,(2,2),(3.5,4.6),.PIECEWISE_BEZIER_KNOTS.);
#2467 = CARTESIAN_POINT('',(-1.7763568394E-15,23.045));
#2468 = CARTESIAN_POINT('',(1.1,23.045));
#2469 = ( GEOMETRIC_REPRESENTATION_CONTEXT(2) 
PARAMETRIC_REPRESENTATION_CONTEXT() REPRESENTATION_CONTEXT('2D SPACE',''
  ) );
#2470 = ORIENTED_EDGE('',*,*,#452,.F.);
#2471 = ORIENTED_EDGE('',*,*,#323,.T.);
#2472 = ADVANCED_FACE('',(#2473),#388,.F.);
#2473 = FACE_BOUND('',#2474,.F.);
#2474 = EDGE_LOOP('',(#2475,#2476,#2497,#2498));
#2475 = ORIENTED_EDGE('',*,*,#370,.F.);
#2476 = ORIENTED_EDGE('',*,*,#2477,.F.);
#2477 = EDGE_CURVE('',#1445,#371,#2478,.T.);
#2478 = SURFACE_CURVE('',#2479,(#2483,#2490),.PCURVE_S1.);
#2479 = LINE('',#2480,#2481);
#2480 = CARTESIAN_POINT('',(-27.29,-9.9,7.));
#2481 = VECTOR('',#2482,1.);
#2482 = DIRECTION('',(0.,0.,1.));
#2483 = PCURVE('',#388,#2484);
#2484 = DEFINITIONAL_REPRESENTATION('',(#2485),#2489);
#2485 = LINE('',#2486,#2487);
#2486 = CARTESIAN_POINT('',(-1.7763568394E-15,-0.5));
#2487 = VECTOR('',#2488,1.);
#2488 = DIRECTION('',(1.,0.));
#2489 = ( GEOMETRIC_REPRESENTATION_CONTEXT(2) 
PARAMETRIC_REPRESENTATION_CONTEXT() REPRESENTATION_CONTEXT('2D SPACE',''
  ) );
#2490 = PCURVE('',#417,#2491);
#2491 = DEFINITIONAL_REPRESENTATION('',(#2492),#2496);
#2492 = LINE('',#2493,#2494);
#2493 = CARTESIAN_POINT('',(0.,0.));
#2494 = VECTOR('',#2495,1.);
#2495 = DIRECTION('',(0.,1.));
#2496 = ( GEOMETRIC_REPRESENTATION_CONTEXT(2) 
PARAMETRIC_REPRESENTATION_CONTEXT() REPRESENTATION_CONTEXT('2D SPACE',''
  ) );
#2497 = ORIENTED_EDGE('',*,*,#1444,.T.);
#2498 = ORIENTED_EDGE('',*,*,#2499,.T.);
#2499 = EDGE_CURVE('',#1447,#373,#2500,.T.);
#2500 = SURFACE_CURVE('',#2501,(#2505,#2512),.PCURVE_S1.);
#2501 = LINE('',#2502,#2503);
#2502 = CARTESIAN_POINT('',(-27.29,9.9,7.));
#2503 = VECTOR('',#2504,1.);
#2504 = DIRECTION('',(0.,0.,1.));
#2505 = PCURVE('',#388,#2506);
#2506 = DEFINITIONAL_REPRESENTATION('',(#2507),#2511);
#2507 = LINE('',#2508,#2509);
#2508 = CARTESIAN_POINT('',(-1.7763568394E-15,-20.3));
#2509 = VECTOR('',#2510,1.);
#2510 = DIRECTION('',(1.,0.));
#2511 = ( GEOMETRIC_REPRESENTATION_CONTEXT(2) 
PARAMETRIC_REPRESENTATION_CONTEXT() REPRESENTATION_CONTEXT('2D SPACE',''
  ) );
#2512 = PCURVE('',#1380,#2513);
#2513 = DEFINITIONAL_REPRESENTATION('',(#2514),#2518);
#2514 = LINE('',#2515,#2516);
#2515 = CARTESIAN_POINT('',(-0.,0.));
#2516 = VECTOR('',#2517,1.);
#2517 = DIRECTION('',(-0.,1.));
#2518 = ( GEOMETRIC_REPRESENTATION_CONTEXT(2) 
PARAMETRIC_REPRESENTATION_CONTEXT() REPRESENTATION_CONTEXT('2D SPACE',''
  ) );
#2519 = ADVANCED_FACE('',(#2520),#1380,.T.);
#2520 = FACE_BOUND('',#2521,.F.);
#2521 = EDGE_LOOP('',(#2522,#2523,#2544,#2545));
#2522 = ORIENTED_EDGE('',*,*,#2293,.T.);
#2523 = ORIENTED_EDGE('',*,*,#2524,.T.);
#2524 = EDGE_CURVE('',#2271,#1334,#2525,.T.);
#2525 = SURFACE_CURVE('',#2526,(#2530,#2537),.PCURVE_S1.);
#2526 = LINE('',#2527,#2528);
#2527 = CARTESIAN_POINT('',(-26.79,10.4,7.));
#2528 = VECTOR('',#2529,1.);
#2529 = DIRECTION('',(0.,0.,1.));
#2530 = PCURVE('',#1380,#2531);
#2531 = DEFINITIONAL_REPRESENTATION('',(#2532),#2536);
#2532 = LINE('',#2533,#2534);
#2533 = CARTESIAN_POINT('',(-1.570796326795,0.));
#2534 = VECTOR('',#2535,1.);
#2535 = DIRECTION('',(-0.,1.));
#2536 = ( GEOMETRIC_REPRESENTATION_CONTEXT(2) 
PARAMETRIC_REPRESENTATION_CONTEXT() REPRESENTATION_CONTEXT('2D SPACE',''
  ) );
#2537 = PCURVE('',#1349,#2538);
#2538 = DEFINITIONAL_REPRESENTATION('',(#2539),#2543);
#2539 = LINE('',#2540,#2541);
#2540 = CARTESIAN_POINT('',(-1.7763568394E-15,0.5));
#2541 = VECTOR('',#2542,1.);
#2542 = DIRECTION('',(1.,0.));
#2543 = ( GEOMETRIC_REPRESENTATION_CONTEXT(2) 
PARAMETRIC_REPRESENTATION_CONTEXT() REPRESENTATION_CONTEXT('2D SPACE',''
  ) );
#2544 = ORIENTED_EDGE('',*,*,#1361,.F.);
#2545 = ORIENTED_EDGE('',*,*,#2499,.F.);
#2546 = ADVANCED_FACE('',(#2547),#1349,.T.);
#2547 = FACE_BOUND('',#2548,.T.);
#2548 = EDGE_LOOP('',(#2549,#2550,#2551,#2552));
#2549 = ORIENTED_EDGE('',*,*,#2270,.F.);
#2550 = ORIENTED_EDGE('',*,*,#2524,.T.);
#2551 = ORIENTED_EDGE('',*,*,#1333,.T.);
#2552 = ORIENTED_EDGE('',*,*,#2553,.F.);
#2553 = EDGE_CURVE('',#2247,#1305,#2554,.T.);
#2554 = SURFACE_CURVE('',#2555,(#2559,#2566),.PCURVE_S1.);
#2555 = LINE('',#2556,#2557);
#2556 = CARTESIAN_POINT('',(26.79,10.4,7.));
#2557 = VECTOR('',#2558,1.);
#2558 = DIRECTION('',(0.,0.,1.));
#2559 = PCURVE('',#1349,#2560);
#2560 = DEFINITIONAL_REPRESENTATION('',(#2561),#2565);
#2561 = LINE('',#2562,#2563);
#2562 = CARTESIAN_POINT('',(-1.7763568394E-15,54.08));
#2563 = VECTOR('',#2564,1.);
#2564 = DIRECTION('',(1.,0.));
#2565 = ( GEOMETRIC_REPRESENTATION_CONTEXT(2) 
PARAMETRIC_REPRESENTATION_CONTEXT() REPRESENTATION_CONTEXT('2D SPACE',''
  ) );
#2566 = PCURVE('',#1321,#2567);
#2567 = DEFINITIONAL_REPRESENTATION('',(#2568),#2572);
#2568 = LINE('',#2569,#2570);
#2569 = CARTESIAN_POINT('',(1.570796326795,0.));
#2570 = VECTOR('',#2571,1.);
#2571 = DIRECTION('',(0.,1.));
#2572 = ( GEOMETRIC_REPRESENTATION_CONTEXT(2) 
PARAMETRIC_REPRESENTATION_CONTEXT() REPRESENTATION_CONTEXT('2D SPACE',''
  ) );
#2573 = ADVANCED_FACE('',(#2574),#1321,.T.);
#2574 = FACE_BOUND('',#2575,.T.);
#2575 = EDGE_LOOP('',(#2576,#2577,#2578,#2579));
#2576 = ORIENTED_EDGE('',*,*,#2246,.T.);
#2577 = ORIENTED_EDGE('',*,*,#2553,.T.);
#2578 = ORIENTED_EDGE('',*,*,#1304,.F.);
#2579 = ORIENTED_EDGE('',*,*,#2580,.F.);
#2580 = EDGE_CURVE('',#2224,#1277,#2581,.T.);
#2581 = SURFACE_CURVE('',#2582,(#2586,#2593),.PCURVE_S1.);
#2582 = LINE('',#2583,#2584);
#2583 = CARTESIAN_POINT('',(27.29,9.9,7.));
#2584 = VECTOR('',#2585,1.);
#2585 = DIRECTION('',(0.,0.,1.));
#2586 = PCURVE('',#1321,#2587);
#2587 = DEFINITIONAL_REPRESENTATION('',(#2588),#2592);
#2588 = LINE('',#2589,#2590);
#2589 = CARTESIAN_POINT('',(0.,0.));
#2590 = VECTOR('',#2591,1.);
#2591 = DIRECTION('',(0.,1.));
#2592 = ( GEOMETRIC_REPRESENTATION_CONTEXT(2) 
PARAMETRIC_REPRESENTATION_CONTEXT() REPRESENTATION_CONTEXT('2D SPACE',''
  ) );
#2593 = PCURVE('',#1292,#2594);
#2594 = DEFINITIONAL_REPRESENTATION('',(#2595),#2599);
#2595 = LINE('',#2596,#2597);
#2596 = CARTESIAN_POINT('',(-1.7763568394E-15,-20.3));
#2597 = VECTOR('',#2598,1.);
#2598 = DIRECTION('',(1.,0.));
#2599 = ( GEOMETRIC_REPRESENTATION_CONTEXT(2) 
PARAMETRIC_REPRESENTATION_CONTEXT() REPRESENTATION_CONTEXT('2D SPACE',''
  ) );
#2600 = ADVANCED_FACE('',(#2601),#1292,.T.);
#2601 = FACE_BOUND('',#2602,.T.);
#2602 = EDGE_LOOP('',(#2603,#2604,#2625,#2626));
#2603 = ORIENTED_EDGE('',*,*,#1276,.F.);
#2604 = ORIENTED_EDGE('',*,*,#2605,.F.);
#2605 = EDGE_CURVE('',#2196,#1244,#2606,.T.);
#2606 = SURFACE_CURVE('',#2607,(#2611,#2618),.PCURVE_S1.);
#2607 = LINE('',#2608,#2609);
#2608 = CARTESIAN_POINT('',(27.29,-9.9,7.));
#2609 = VECTOR('',#2610,1.);
#2610 = DIRECTION('',(0.,0.,1.));
#2611 = PCURVE('',#1292,#2612);
#2612 = DEFINITIONAL_REPRESENTATION('',(#2613),#2617);
#2613 = LINE('',#2614,#2615);
#2614 = CARTESIAN_POINT('',(-1.7763568394E-15,-0.5));
#2615 = VECTOR('',#2616,1.);
#2616 = DIRECTION('',(1.,0.));
#2617 = ( GEOMETRIC_REPRESENTATION_CONTEXT(2) 
PARAMETRIC_REPRESENTATION_CONTEXT() REPRESENTATION_CONTEXT('2D SPACE',''
  ) );
#2618 = PCURVE('',#1264,#2619);
#2619 = DEFINITIONAL_REPRESENTATION('',(#2620),#2624);
#2620 = LINE('',#2621,#2622);
#2621 = CARTESIAN_POINT('',(-0.,0.));
#2622 = VECTOR('',#2623,1.);
#2623 = DIRECTION('',(-0.,1.));
#2624 = ( GEOMETRIC_REPRESENTATION_CONTEXT(2) 
PARAMETRIC_REPRESENTATION_CONTEXT() REPRESENTATION_CONTEXT('2D SPACE',''
  ) );
#2625 = ORIENTED_EDGE('',*,*,#2223,.T.);
#2626 = ORIENTED_EDGE('',*,*,#2580,.T.);
#2627 = ADVANCED_FACE('',(#2628),#1264,.T.);
#2628 = FACE_BOUND('',#2629,.F.);
#2629 = EDGE_LOOP('',(#2630,#2631,#2652,#2653));
#2630 = ORIENTED_EDGE('',*,*,#2195,.T.);
#2631 = ORIENTED_EDGE('',*,*,#2632,.T.);
#2632 = EDGE_CURVE('',#2173,#1216,#2633,.T.);
#2633 = SURFACE_CURVE('',#2634,(#2638,#2645),.PCURVE_S1.);
#2634 = LINE('',#2635,#2636);
#2635 = CARTESIAN_POINT('',(26.79,-10.4,7.));
#2636 = VECTOR('',#2637,1.);
#2637 = DIRECTION('',(0.,0.,1.));
#2638 = PCURVE('',#1264,#2639);
#2639 = DEFINITIONAL_REPRESENTATION('',(#2640),#2644);
#2640 = LINE('',#2641,#2642);
#2641 = CARTESIAN_POINT('',(-1.570796326795,0.));
#2642 = VECTOR('',#2643,1.);
#2643 = DIRECTION('',(-0.,1.));
#2644 = ( GEOMETRIC_REPRESENTATION_CONTEXT(2) 
PARAMETRIC_REPRESENTATION_CONTEXT() REPRESENTATION_CONTEXT('2D SPACE',''
  ) );
#2645 = PCURVE('',#1231,#2646);
#2646 = DEFINITIONAL_REPRESENTATION('',(#2647),#2651);
#2647 = LINE('',#2648,#2649);
#2648 = CARTESIAN_POINT('',(-1.7763568394E-15,54.08));
#2649 = VECTOR('',#2650,1.);
#2650 = DIRECTION('',(1.,0.));
#2651 = ( GEOMETRIC_REPRESENTATION_CONTEXT(2) 
PARAMETRIC_REPRESENTATION_CONTEXT() REPRESENTATION_CONTEXT('2D SPACE',''
  ) );
#2652 = ORIENTED_EDGE('',*,*,#1243,.F.);
#2653 = ORIENTED_EDGE('',*,*,#2605,.F.);
#2654 = ADVANCED_FACE('',(#2655),#1231,.F.);
#2655 = FACE_BOUND('',#2656,.F.);
#2656 = EDGE_LOOP('',(#2657,#2658,#2677,#2678));
#2657 = ORIENTED_EDGE('',*,*,#2172,.F.);
#2658 = ORIENTED_EDGE('',*,*,#2659,.T.);
#2659 = EDGE_CURVE('',#2152,#1190,#2660,.T.);
#2660 = SURFACE_CURVE('',#2661,(#2665,#2671),.PCURVE_S1.);
#2661 = LINE('',#2662,#2663);
#2662 = CARTESIAN_POINT('',(4.645,-10.4,3.5));
#2663 = VECTOR('',#2664,1.);
#2664 = DIRECTION('',(0.,0.,1.));
#2665 = PCURVE('',#1231,#2666);
#2666 = DEFINITIONAL_REPRESENTATION('',(#2667),#2670);
#2667 = B_SPLINE_CURVE_WITH_KNOTS('',1,(#2668,#2669),.UNSPECIFIED.,.F.,
  .F.,(2,2),(3.5,4.6),.PIECEWISE_BEZIER_KNOTS.);
#2668 = CARTESIAN_POINT('',(-1.7763568394E-15,31.935));
#2669 = CARTESIAN_POINT('',(1.1,31.935));
#2670 = ( GEOMETRIC_REPRESENTATION_CONTEXT(2) 
PARAMETRIC_REPRESENTATION_CONTEXT() REPRESENTATION_CONTEXT('2D SPACE',''
  ) );
#2671 = PCURVE('',#1204,#2672);
#2672 = DEFINITIONAL_REPRESENTATION('',(#2673),#2676);
#2673 = B_SPLINE_CURVE_WITH_KNOTS('',1,(#2674,#2675),.UNSPECIFIED.,.F.,
  .F.,(2,2),(3.5,4.6),.PIECEWISE_BEZIER_KNOTS.);
#2674 = CARTESIAN_POINT('',(7.,-0.15));
#2675 = CARTESIAN_POINT('',(8.1,-0.15));
#2676 = ( GEOMETRIC_REPRESENTATION_CONTEXT(2) 
PARAMETRIC_REPRESENTATION_CONTEXT() REPRESENTATION_CONTEXT('2D SPACE',''
  ) );
#2677 = ORIENTED_EDGE('',*,*,#1215,.T.);
#2678 = ORIENTED_EDGE('',*,*,#2632,.F.);
#2679 = ADVANCED_FACE('',(#2680),#1204,.T.);
#2680 = FACE_BOUND('',#2681,.T.);
#2681 = EDGE_LOOP('',(#2682,#2712,#2740,#2768,#2789,#2790,#2791,#2792));
#2682 = ORIENTED_EDGE('',*,*,#2683,.F.);
#2683 = EDGE_CURVE('',#2684,#2686,#2688,.T.);
#2684 = VERTEX_POINT('',#2685);
#2685 = CARTESIAN_POINT('',(4.645,-10.55,10.));
#2686 = VERTEX_POINT('',#2687);
#2687 = CARTESIAN_POINT('',(4.645,-10.25,10.));
#2688 = SURFACE_CURVE('',#2689,(#2693,#2700),.PCURVE_S1.);
#2689 = LINE('',#2690,#2691);
#2690 = CARTESIAN_POINT('',(4.645,-10.55,10.));
#2691 = VECTOR('',#2692,1.);
#2692 = DIRECTION('',(0.,1.,0.));
#2693 = PCURVE('',#1204,#2694);
#2694 = DEFINITIONAL_REPRESENTATION('',(#2695),#2699);
#2695 = LINE('',#2696,#2697);
#2696 = CARTESIAN_POINT('',(10.,0.));
#2697 = VECTOR('',#2698,1.);
#2698 = DIRECTION('',(0.,-1.));
#2699 = ( GEOMETRIC_REPRESENTATION_CONTEXT(2) 
PARAMETRIC_REPRESENTATION_CONTEXT() REPRESENTATION_CONTEXT('2D SPACE',''
  ) );
#2700 = PCURVE('',#2701,#2706);
#2701 = PLANE('',#2702);
#2702 = AXIS2_PLACEMENT_3D('',#2703,#2704,#2705);
#2703 = CARTESIAN_POINT('',(4.245,-10.55,10.));
#2704 = DIRECTION('',(0.,0.,1.));
#2705 = DIRECTION('',(1.,0.,0.));
#2706 = DEFINITIONAL_REPRESENTATION('',(#2707),#2711);
#2707 = LINE('',#2708,#2709);
#2708 = CARTESIAN_POINT('',(0.4,0.));
#2709 = VECTOR('',#2710,1.);
#2710 = DIRECTION('',(0.,1.));
#2711 = ( GEOMETRIC_REPRESENTATION_CONTEXT(2) 
PARAMETRIC_REPRESENTATION_CONTEXT() REPRESENTATION_CONTEXT('2D SPACE',''
  ) );
#2712 = ORIENTED_EDGE('',*,*,#2713,.F.);
#2713 = EDGE_CURVE('',#2714,#2684,#2716,.T.);
#2714 = VERTEX_POINT('',#2715);
#2715 = CARTESIAN_POINT('',(4.645,-10.55,0.));
#2716 = SURFACE_CURVE('',#2717,(#2721,#2728),.PCURVE_S1.);
#2717 = LINE('',#2718,#2719);
#2718 = CARTESIAN_POINT('',(4.645,-10.55,0.));
#2719 = VECTOR('',#2720,1.);
#2720 = DIRECTION('',(0.,0.,1.));
#2721 = PCURVE('',#1204,#2722);
#2722 = DEFINITIONAL_REPRESENTATION('',(#2723),#2727);
#2723 = LINE('',#2724,#2725);
#2724 = CARTESIAN_POINT('',(0.,0.));
#2725 = VECTOR('',#2726,1.);
#2726 = DIRECTION('',(1.,0.));
#2727 = ( GEOMETRIC_REPRESENTATION_CONTEXT(2) 
PARAMETRIC_REPRESENTATION_CONTEXT() REPRESENTATION_CONTEXT('2D SPACE',''
  ) );
#2728 = PCURVE('',#2729,#2734);
#2729 = PLANE('',#2730);
#2730 = AXIS2_PLACEMENT_3D('',#2731,#2732,#2733);
#2731 = CARTESIAN_POINT('',(4.245,-10.55,0.));
#2732 = DIRECTION('',(0.,1.,0.));
#2733 = DIRECTION('',(0.,0.,1.));
#2734 = DEFINITIONAL_REPRESENTATION('',(#2735),#2739);
#2735 = LINE('',#2736,#2737);
#2736 = CARTESIAN_POINT('',(0.,0.4));
#2737 = VECTOR('',#2738,1.);
#2738 = DIRECTION('',(1.,0.));
#2739 = ( GEOMETRIC_REPRESENTATION_CONTEXT(2) 
PARAMETRIC_REPRESENTATION_CONTEXT() REPRESENTATION_CONTEXT('2D SPACE',''
  ) );
#2740 = ORIENTED_EDGE('',*,*,#2741,.T.);
#2741 = EDGE_CURVE('',#2714,#2742,#2744,.T.);
#2742 = VERTEX_POINT('',#2743);
#2743 = CARTESIAN_POINT('',(4.645,-10.25,0.));
#2744 = SURFACE_CURVE('',#2745,(#2749,#2756),.PCURVE_S1.);
#2745 = LINE('',#2746,#2747);
#2746 = CARTESIAN_POINT('',(4.645,-10.55,0.));
#2747 = VECTOR('',#2748,1.);
#2748 = DIRECTION('',(0.,1.,0.));
#2749 = PCURVE('',#1204,#2750);
#2750 = DEFINITIONAL_REPRESENTATION('',(#2751),#2755);
#2751 = LINE('',#2752,#2753);
#2752 = CARTESIAN_POINT('',(0.,0.));
#2753 = VECTOR('',#2754,1.);
#2754 = DIRECTION('',(0.,-1.));
#2755 = ( GEOMETRIC_REPRESENTATION_CONTEXT(2) 
PARAMETRIC_REPRESENTATION_CONTEXT() REPRESENTATION_CONTEXT('2D SPACE',''
  ) );
#2756 = PCURVE('',#2757,#2762);
#2757 = PLANE('',#2758);
#2758 = AXIS2_PLACEMENT_3D('',#2759,#2760,#2761);
#2759 = CARTESIAN_POINT('',(4.245,-10.55,0.));
#2760 = DIRECTION('',(0.,0.,1.));
#2761 = DIRECTION('',(1.,0.,0.));
#2762 = DEFINITIONAL_REPRESENTATION('',(#2763),#2767);
#2763 = LINE('',#2764,#2765);
#2764 = CARTESIAN_POINT('',(0.4,0.));
#2765 = VECTOR('',#2766,1.);
#2766 = DIRECTION('',(0.,1.));
#2767 = ( GEOMETRIC_REPRESENTATION_CONTEXT(2) 
PARAMETRIC_REPRESENTATION_CONTEXT() REPRESENTATION_CONTEXT('2D SPACE',''
  ) );
#2768 = ORIENTED_EDGE('',*,*,#2769,.T.);
#2769 = EDGE_CURVE('',#2742,#2126,#2770,.T.);
#2770 = SURFACE_CURVE('',#2771,(#2775,#2782),.PCURVE_S1.);
#2771 = LINE('',#2772,#2773);
#2772 = CARTESIAN_POINT('',(4.645,-10.25,0.));
#2773 = VECTOR('',#2774,1.);
#2774 = DIRECTION('',(0.,0.,1.));
#2775 = PCURVE('',#1204,#2776);
#2776 = DEFINITIONAL_REPRESENTATION('',(#2777),#2781);
#2777 = LINE('',#2778,#2779);
#2778 = CARTESIAN_POINT('',(0.,-0.3));
#2779 = VECTOR('',#2780,1.);
#2780 = DIRECTION('',(1.,0.));
#2781 = ( GEOMETRIC_REPRESENTATION_CONTEXT(2) 
PARAMETRIC_REPRESENTATION_CONTEXT() REPRESENTATION_CONTEXT('2D SPACE',''
  ) );
#2782 = PCURVE('',#2140,#2783);
#2783 = DEFINITIONAL_REPRESENTATION('',(#2784),#2788);
#2784 = LINE('',#2785,#2786);
#2785 = CARTESIAN_POINT('',(0.,0.4));
#2786 = VECTOR('',#2787,1.);
#2787 = DIRECTION('',(1.,0.));
#2788 = ( GEOMETRIC_REPRESENTATION_CONTEXT(2) 
PARAMETRIC_REPRESENTATION_CONTEXT() REPRESENTATION_CONTEXT('2D SPACE',''
  ) );
#2789 = ORIENTED_EDGE('',*,*,#2151,.T.);
#2790 = ORIENTED_EDGE('',*,*,#2659,.T.);
#2791 = ORIENTED_EDGE('',*,*,#1189,.F.);
#2792 = ORIENTED_EDGE('',*,*,#2793,.T.);
#2793 = EDGE_CURVE('',#1164,#2686,#2794,.T.);
#2794 = SURFACE_CURVE('',#2795,(#2799,#2806),.PCURVE_S1.);
#2795 = LINE('',#2796,#2797);
#2796 = CARTESIAN_POINT('',(4.645,-10.25,0.));
#2797 = VECTOR('',#2798,1.);
#2798 = DIRECTION('',(0.,0.,1.));
#2799 = PCURVE('',#1204,#2800);
#2800 = DEFINITIONAL_REPRESENTATION('',(#2801),#2805);
#2801 = LINE('',#2802,#2803);
#2802 = CARTESIAN_POINT('',(0.,-0.3));
#2803 = VECTOR('',#2804,1.);
#2804 = DIRECTION('',(1.,0.));
#2805 = ( GEOMETRIC_REPRESENTATION_CONTEXT(2) 
PARAMETRIC_REPRESENTATION_CONTEXT() REPRESENTATION_CONTEXT('2D SPACE',''
  ) );
#2806 = PCURVE('',#1178,#2807);
#2807 = DEFINITIONAL_REPRESENTATION('',(#2808),#2812);
#2808 = LINE('',#2809,#2810);
#2809 = CARTESIAN_POINT('',(0.,0.4));
#2810 = VECTOR('',#2811,1.);
#2811 = DIRECTION('',(1.,0.));
#2812 = ( GEOMETRIC_REPRESENTATION_CONTEXT(2) 
PARAMETRIC_REPRESENTATION_CONTEXT() REPRESENTATION_CONTEXT('2D SPACE',''
  ) );
#2813 = ADVANCED_FACE('',(#2814),#1178,.T.);
#2814 = FACE_BOUND('',#2815,.T.);
#2815 = EDGE_LOOP('',(#2816,#2817,#2818,#2841));
#2816 = ORIENTED_EDGE('',*,*,#2793,.F.);
#2817 = ORIENTED_EDGE('',*,*,#1163,.F.);
#2818 = ORIENTED_EDGE('',*,*,#2819,.T.);
#2819 = EDGE_CURVE('',#1138,#2820,#2822,.T.);
#2820 = VERTEX_POINT('',#2821);
#2821 = CARTESIAN_POINT('',(4.245,-10.25,10.));
#2822 = SURFACE_CURVE('',#2823,(#2827,#2834),.PCURVE_S1.);
#2823 = LINE('',#2824,#2825);
#2824 = CARTESIAN_POINT('',(4.245,-10.25,0.));
#2825 = VECTOR('',#2826,1.);
#2826 = DIRECTION('',(0.,0.,1.));
#2827 = PCURVE('',#1178,#2828);
#2828 = DEFINITIONAL_REPRESENTATION('',(#2829),#2833);
#2829 = LINE('',#2830,#2831);
#2830 = CARTESIAN_POINT('',(0.,0.));
#2831 = VECTOR('',#2832,1.);
#2832 = DIRECTION('',(1.,0.));
#2833 = ( GEOMETRIC_REPRESENTATION_CONTEXT(2) 
PARAMETRIC_REPRESENTATION_CONTEXT() REPRESENTATION_CONTEXT('2D SPACE',''
  ) );
#2834 = PCURVE('',#1152,#2835);
#2835 = DEFINITIONAL_REPRESENTATION('',(#2836),#2840);
#2836 = LINE('',#2837,#2838);
#2837 = CARTESIAN_POINT('',(0.,-0.3));
#2838 = VECTOR('',#2839,1.);
#2839 = DIRECTION('',(1.,0.));
#2840 = ( GEOMETRIC_REPRESENTATION_CONTEXT(2) 
PARAMETRIC_REPRESENTATION_CONTEXT() REPRESENTATION_CONTEXT('2D SPACE',''
  ) );
#2841 = ORIENTED_EDGE('',*,*,#2842,.T.);
#2842 = EDGE_CURVE('',#2820,#2686,#2843,.T.);
#2843 = SURFACE_CURVE('',#2844,(#2848,#2855),.PCURVE_S1.);
#2844 = LINE('',#2845,#2846);
#2845 = CARTESIAN_POINT('',(4.245,-10.25,10.));
#2846 = VECTOR('',#2847,1.);
#2847 = DIRECTION('',(1.,0.,0.));
#2848 = PCURVE('',#1178,#2849);
#2849 = DEFINITIONAL_REPRESENTATION('',(#2850),#2854);
#2850 = LINE('',#2851,#2852);
#2851 = CARTESIAN_POINT('',(10.,0.));
#2852 = VECTOR('',#2853,1.);
#2853 = DIRECTION('',(0.,1.));
#2854 = ( GEOMETRIC_REPRESENTATION_CONTEXT(2) 
PARAMETRIC_REPRESENTATION_CONTEXT() REPRESENTATION_CONTEXT('2D SPACE',''
  ) );
#2855 = PCURVE('',#2701,#2856);
#2856 = DEFINITIONAL_REPRESENTATION('',(#2857),#2861);
#2857 = LINE('',#2858,#2859);
#2858 = CARTESIAN_POINT('',(0.,0.3));
#2859 = VECTOR('',#2860,1.);
#2860 = DIRECTION('',(1.,0.));
#2861 = ( GEOMETRIC_REPRESENTATION_CONTEXT(2) 
PARAMETRIC_REPRESENTATION_CONTEXT() REPRESENTATION_CONTEXT('2D SPACE',''
  ) );
#2862 = ADVANCED_FACE('',(#2863),#1152,.F.);
#2863 = FACE_BOUND('',#2864,.F.);
#2864 = EDGE_LOOP('',(#2865,#2888,#2911,#2934,#2955,#2956,#2975,#2976));
#2865 = ORIENTED_EDGE('',*,*,#2866,.F.);
#2866 = EDGE_CURVE('',#2867,#2820,#2869,.T.);
#2867 = VERTEX_POINT('',#2868);
#2868 = CARTESIAN_POINT('',(4.245,-10.55,10.));
#2869 = SURFACE_CURVE('',#2870,(#2874,#2881),.PCURVE_S1.);
#2870 = LINE('',#2871,#2872);
#2871 = CARTESIAN_POINT('',(4.245,-10.55,10.));
#2872 = VECTOR('',#2873,1.);
#2873 = DIRECTION('',(0.,1.,0.));
#2874 = PCURVE('',#1152,#2875);
#2875 = DEFINITIONAL_REPRESENTATION('',(#2876),#2880);
#2876 = LINE('',#2877,#2878);
#2877 = CARTESIAN_POINT('',(10.,0.));
#2878 = VECTOR('',#2879,1.);
#2879 = DIRECTION('',(0.,-1.));
#2880 = ( GEOMETRIC_REPRESENTATION_CONTEXT(2) 
PARAMETRIC_REPRESENTATION_CONTEXT() REPRESENTATION_CONTEXT('2D SPACE',''
  ) );
#2881 = PCURVE('',#2701,#2882);
#2882 = DEFINITIONAL_REPRESENTATION('',(#2883),#2887);
#2883 = LINE('',#2884,#2885);
#2884 = CARTESIAN_POINT('',(0.,0.));
#2885 = VECTOR('',#2886,1.);
#2886 = DIRECTION('',(0.,1.));
#2887 = ( GEOMETRIC_REPRESENTATION_CONTEXT(2) 
PARAMETRIC_REPRESENTATION_CONTEXT() REPRESENTATION_CONTEXT('2D SPACE',''
  ) );
#2888 = ORIENTED_EDGE('',*,*,#2889,.F.);
#2889 = EDGE_CURVE('',#2890,#2867,#2892,.T.);
#2890 = VERTEX_POINT('',#2891);
#2891 = CARTESIAN_POINT('',(4.245,-10.55,0.));
#2892 = SURFACE_CURVE('',#2893,(#2897,#2904),.PCURVE_S1.);
#2893 = LINE('',#2894,#2895);
#2894 = CARTESIAN_POINT('',(4.245,-10.55,0.));
#2895 = VECTOR('',#2896,1.);
#2896 = DIRECTION('',(0.,0.,1.));
#2897 = PCURVE('',#1152,#2898);
#2898 = DEFINITIONAL_REPRESENTATION('',(#2899),#2903);
#2899 = LINE('',#2900,#2901);
#2900 = CARTESIAN_POINT('',(0.,0.));
#2901 = VECTOR('',#2902,1.);
#2902 = DIRECTION('',(1.,0.));
#2903 = ( GEOMETRIC_REPRESENTATION_CONTEXT(2) 
PARAMETRIC_REPRESENTATION_CONTEXT() REPRESENTATION_CONTEXT('2D SPACE',''
  ) );
#2904 = PCURVE('',#2729,#2905);
#2905 = DEFINITIONAL_REPRESENTATION('',(#2906),#2910);
#2906 = LINE('',#2907,#2908);
#2907 = CARTESIAN_POINT('',(0.,0.));
#2908 = VECTOR('',#2909,1.);
#2909 = DIRECTION('',(1.,0.));
#2910 = ( GEOMETRIC_REPRESENTATION_CONTEXT(2) 
PARAMETRIC_REPRESENTATION_CONTEXT() REPRESENTATION_CONTEXT('2D SPACE',''
  ) );
#2911 = ORIENTED_EDGE('',*,*,#2912,.T.);
#2912 = EDGE_CURVE('',#2890,#2913,#2915,.T.);
#2913 = VERTEX_POINT('',#2914);
#2914 = CARTESIAN_POINT('',(4.245,-10.25,0.));
#2915 = SURFACE_CURVE('',#2916,(#2920,#2927),.PCURVE_S1.);
#2916 = LINE('',#2917,#2918);
#2917 = CARTESIAN_POINT('',(4.245,-10.55,0.));
#2918 = VECTOR('',#2919,1.);
#2919 = DIRECTION('',(0.,1.,0.));
#2920 = PCURVE('',#1152,#2921);
#2921 = DEFINITIONAL_REPRESENTATION('',(#2922),#2926);
#2922 = LINE('',#2923,#2924);
#2923 = CARTESIAN_POINT('',(0.,0.));
#2924 = VECTOR('',#2925,1.);
#2925 = DIRECTION('',(0.,-1.));
#2926 = ( GEOMETRIC_REPRESENTATION_CONTEXT(2) 
PARAMETRIC_REPRESENTATION_CONTEXT() REPRESENTATION_CONTEXT('2D SPACE',''
  ) );
#2927 = PCURVE('',#2757,#2928);
#2928 = DEFINITIONAL_REPRESENTATION('',(#2929),#2933);
#2929 = LINE('',#2930,#2931);
#2930 = CARTESIAN_POINT('',(0.,0.));
#2931 = VECTOR('',#2932,1.);
#2932 = DIRECTION('',(0.,1.));
#2933 = ( GEOMETRIC_REPRESENTATION_CONTEXT(2) 
PARAMETRIC_REPRESENTATION_CONTEXT() REPRESENTATION_CONTEXT('2D SPACE',''
  ) );
#2934 = ORIENTED_EDGE('',*,*,#2935,.T.);
#2935 = EDGE_CURVE('',#2913,#2105,#2936,.T.);
#2936 = SURFACE_CURVE('',#2937,(#2941,#2948),.PCURVE_S1.);
#2937 = LINE('',#2938,#2939);
#2938 = CARTESIAN_POINT('',(4.245,-10.25,0.));
#2939 = VECTOR('',#2940,1.);
#2940 = DIRECTION('',(0.,0.,1.));
#2941 = PCURVE('',#1152,#2942);
#2942 = DEFINITIONAL_REPRESENTATION('',(#2943),#2947);
#2943 = LINE('',#2944,#2945);
#2944 = CARTESIAN_POINT('',(0.,-0.3));
#2945 = VECTOR('',#2946,1.);
#2946 = DIRECTION('',(1.,0.));
#2947 = ( GEOMETRIC_REPRESENTATION_CONTEXT(2) 
PARAMETRIC_REPRESENTATION_CONTEXT() REPRESENTATION_CONTEXT('2D SPACE',''
  ) );
#2948 = PCURVE('',#2140,#2949);
#2949 = DEFINITIONAL_REPRESENTATION('',(#2950),#2954);
#2950 = LINE('',#2951,#2952);
#2951 = CARTESIAN_POINT('',(0.,0.));
#2952 = VECTOR('',#2953,1.);
#2953 = DIRECTION('',(1.,0.));
#2954 = ( GEOMETRIC_REPRESENTATION_CONTEXT(2) 
PARAMETRIC_REPRESENTATION_CONTEXT() REPRESENTATION_CONTEXT('2D SPACE',''
  ) );
#2955 = ORIENTED_EDGE('',*,*,#2104,.T.);
#2956 = ORIENTED_EDGE('',*,*,#2957,.T.);
#2957 = EDGE_CURVE('',#2082,#1110,#2958,.T.);
#2958 = SURFACE_CURVE('',#2959,(#2963,#2969),.PCURVE_S1.);
#2959 = LINE('',#2960,#2961);
#2960 = CARTESIAN_POINT('',(4.245,-10.4,3.5));
#2961 = VECTOR('',#2962,1.);
#2962 = DIRECTION('',(0.,0.,1.));
#2963 = PCURVE('',#1152,#2964);
#2964 = DEFINITIONAL_REPRESENTATION('',(#2965),#2968);
#2965 = B_SPLINE_CURVE_WITH_KNOTS('',1,(#2966,#2967),.UNSPECIFIED.,.F.,
  .F.,(2,2),(3.5,4.6),.PIECEWISE_BEZIER_KNOTS.);
#2966 = CARTESIAN_POINT('',(7.,-0.15));
#2967 = CARTESIAN_POINT('',(8.1,-0.15));
#2968 = ( GEOMETRIC_REPRESENTATION_CONTEXT(2) 
PARAMETRIC_REPRESENTATION_CONTEXT() REPRESENTATION_CONTEXT('2D SPACE',''
  ) );
#2969 = PCURVE('',#1125,#2970);
#2970 = DEFINITIONAL_REPRESENTATION('',(#2971),#2974);
#2971 = B_SPLINE_CURVE_WITH_KNOTS('',1,(#2972,#2973),.UNSPECIFIED.,.F.,
  .F.,(2,2),(3.5,4.6),.PIECEWISE_BEZIER_KNOTS.);
#2972 = CARTESIAN_POINT('',(-1.7763568394E-15,31.535));
#2973 = CARTESIAN_POINT('',(1.1,31.535));
#2974 = ( GEOMETRIC_REPRESENTATION_CONTEXT(2) 
PARAMETRIC_REPRESENTATION_CONTEXT() REPRESENTATION_CONTEXT('2D SPACE',''
  ) );
#2975 = ORIENTED_EDGE('',*,*,#1137,.F.);
#2976 = ORIENTED_EDGE('',*,*,#2819,.T.);
#2977 = ADVANCED_FACE('',(#2978),#1125,.F.);
#2978 = FACE_BOUND('',#2979,.F.);
#2979 = EDGE_LOOP('',(#2980,#2981,#3000,#3001));
#2980 = ORIENTED_EDGE('',*,*,#2081,.F.);
#2981 = ORIENTED_EDGE('',*,*,#2982,.T.);
#2982 = EDGE_CURVE('',#2061,#1084,#2983,.T.);
#2983 = SURFACE_CURVE('',#2984,(#2988,#2994),.PCURVE_S1.);
#2984 = LINE('',#2985,#2986);
#2985 = CARTESIAN_POINT('',(3.375,-10.4,3.5));
#2986 = VECTOR('',#2987,1.);
#2987 = DIRECTION('',(0.,0.,1.));
#2988 = PCURVE('',#1125,#2989);
#2989 = DEFINITIONAL_REPRESENTATION('',(#2990),#2993);
#2990 = B_SPLINE_CURVE_WITH_KNOTS('',1,(#2991,#2992),.UNSPECIFIED.,.F.,
  .F.,(2,2),(3.5,4.6),.PIECEWISE_BEZIER_KNOTS.);
#2991 = CARTESIAN_POINT('',(-1.7763568394E-15,30.665));
#2992 = CARTESIAN_POINT('',(1.1,30.665));
#2993 = ( GEOMETRIC_REPRESENTATION_CONTEXT(2) 
PARAMETRIC_REPRESENTATION_CONTEXT() REPRESENTATION_CONTEXT('2D SPACE',''
  ) );
#2994 = PCURVE('',#1098,#2995);
#2995 = DEFINITIONAL_REPRESENTATION('',(#2996),#2999);
#2996 = B_SPLINE_CURVE_WITH_KNOTS('',1,(#2997,#2998),.UNSPECIFIED.,.F.,
  .F.,(2,2),(3.5,4.6),.PIECEWISE_BEZIER_KNOTS.);
#2997 = CARTESIAN_POINT('',(7.,-0.15));
#2998 = CARTESIAN_POINT('',(8.1,-0.15));
#2999 = ( GEOMETRIC_REPRESENTATION_CONTEXT(2) 
PARAMETRIC_REPRESENTATION_CONTEXT() REPRESENTATION_CONTEXT('2D SPACE',''
  ) );
#3000 = ORIENTED_EDGE('',*,*,#1109,.T.);
#3001 = ORIENTED_EDGE('',*,*,#2957,.F.);
#3002 = ADVANCED_FACE('',(#3003),#1098,.T.);
#3003 = FACE_BOUND('',#3004,.T.);
#3004 = EDGE_LOOP('',(#3005,#3035,#3063,#3091,#3112,#3113,#3114,#3115));
#3005 = ORIENTED_EDGE('',*,*,#3006,.F.);
#3006 = EDGE_CURVE('',#3007,#3009,#3011,.T.);
#3007 = VERTEX_POINT('',#3008);
#3008 = CARTESIAN_POINT('',(3.375,-10.55,10.));
#3009 = VERTEX_POINT('',#3010);
#3010 = CARTESIAN_POINT('',(3.375,-10.25,10.));
#3011 = SURFACE_CURVE('',#3012,(#3016,#3023),.PCURVE_S1.);
#3012 = LINE('',#3013,#3014);
#3013 = CARTESIAN_POINT('',(3.375,-10.55,10.));
#3014 = VECTOR('',#3015,1.);
#3015 = DIRECTION('',(0.,1.,0.));
#3016 = PCURVE('',#1098,#3017);
#3017 = DEFINITIONAL_REPRESENTATION('',(#3018),#3022);
#3018 = LINE('',#3019,#3020);
#3019 = CARTESIAN_POINT('',(10.,0.));
#3020 = VECTOR('',#3021,1.);
#3021 = DIRECTION('',(0.,-1.));
#3022 = ( GEOMETRIC_REPRESENTATION_CONTEXT(2) 
PARAMETRIC_REPRESENTATION_CONTEXT() REPRESENTATION_CONTEXT('2D SPACE',''
  ) );
#3023 = PCURVE('',#3024,#3029);
#3024 = PLANE('',#3025);
#3025 = AXIS2_PLACEMENT_3D('',#3026,#3027,#3028);
#3026 = CARTESIAN_POINT('',(2.975,-10.55,10.));
#3027 = DIRECTION('',(0.,0.,1.));
#3028 = DIRECTION('',(1.,0.,0.));
#3029 = DEFINITIONAL_REPRESENTATION('',(#3030),#3034);
#3030 = LINE('',#3031,#3032);
#3031 = CARTESIAN_POINT('',(0.4,0.));
#3032 = VECTOR('',#3033,1.);
#3033 = DIRECTION('',(0.,1.));
#3034 = ( GEOMETRIC_REPRESENTATION_CONTEXT(2) 
PARAMETRIC_REPRESENTATION_CONTEXT() REPRESENTATION_CONTEXT('2D SPACE',''
  ) );
#3035 = ORIENTED_EDGE('',*,*,#3036,.F.);
#3036 = EDGE_CURVE('',#3037,#3007,#3039,.T.);
#3037 = VERTEX_POINT('',#3038);
#3038 = CARTESIAN_POINT('',(3.375,-10.55,0.));
#3039 = SURFACE_CURVE('',#3040,(#3044,#3051),.PCURVE_S1.);
#3040 = LINE('',#3041,#3042);
#3041 = CARTESIAN_POINT('',(3.375,-10.55,0.));
#3042 = VECTOR('',#3043,1.);
#3043 = DIRECTION('',(0.,0.,1.));
#3044 = PCURVE('',#1098,#3045);
#3045 = DEFINITIONAL_REPRESENTATION('',(#3046),#3050);
#3046 = LINE('',#3047,#3048);
#3047 = CARTESIAN_POINT('',(0.,0.));
#3048 = VECTOR('',#3049,1.);
#3049 = DIRECTION('',(1.,0.));
#3050 = ( GEOMETRIC_REPRESENTATION_CONTEXT(2) 
PARAMETRIC_REPRESENTATION_CONTEXT() REPRESENTATION_CONTEXT('2D SPACE',''
  ) );
#3051 = PCURVE('',#3052,#3057);
#3052 = PLANE('',#3053);
#3053 = AXIS2_PLACEMENT_3D('',#3054,#3055,#3056);
#3054 = CARTESIAN_POINT('',(2.975,-10.55,0.));
#3055 = DIRECTION('',(0.,1.,0.));
#3056 = DIRECTION('',(0.,0.,1.));
#3057 = DEFINITIONAL_REPRESENTATION('',(#3058),#3062);
#3058 = LINE('',#3059,#3060);
#3059 = CARTESIAN_POINT('',(0.,0.4));
#3060 = VECTOR('',#3061,1.);
#3061 = DIRECTION('',(1.,0.));
#3062 = ( GEOMETRIC_REPRESENTATION_CONTEXT(2) 
PARAMETRIC_REPRESENTATION_CONTEXT() REPRESENTATION_CONTEXT('2D SPACE',''
  ) );
#3063 = ORIENTED_EDGE('',*,*,#3064,.T.);
#3064 = EDGE_CURVE('',#3037,#3065,#3067,.T.);
#3065 = VERTEX_POINT('',#3066);
#3066 = CARTESIAN_POINT('',(3.375,-10.25,0.));
#3067 = SURFACE_CURVE('',#3068,(#3072,#3079),.PCURVE_S1.);
#3068 = LINE('',#3069,#3070);
#3069 = CARTESIAN_POINT('',(3.375,-10.55,0.));
#3070 = VECTOR('',#3071,1.);
#3071 = DIRECTION('',(0.,1.,0.));
#3072 = PCURVE('',#1098,#3073);
#3073 = DEFINITIONAL_REPRESENTATION('',(#3074),#3078);
#3074 = LINE('',#3075,#3076);
#3075 = CARTESIAN_POINT('',(0.,0.));
#3076 = VECTOR('',#3077,1.);
#3077 = DIRECTION('',(0.,-1.));
#3078 = ( GEOMETRIC_REPRESENTATION_CONTEXT(2) 
PARAMETRIC_REPRESENTATION_CONTEXT() REPRESENTATION_CONTEXT('2D SPACE',''
  ) );
#3079 = PCURVE('',#3080,#3085);
#3080 = PLANE('',#3081);
#3081 = AXIS2_PLACEMENT_3D('',#3082,#3083,#3084);
#3082 = CARTESIAN_POINT('',(2.975,-10.55,0.));
#3083 = DIRECTION('',(0.,0.,1.));
#3084 = DIRECTION('',(1.,0.,0.));
#3085 = DEFINITIONAL_REPRESENTATION('',(#3086),#3090);
#3086 = LINE('',#3087,#3088);
#3087 = CARTESIAN_POINT('',(0.4,0.));
#3088 = VECTOR('',#3089,1.);
#3089 = DIRECTION('',(0.,1.));
#3090 = ( GEOMETRIC_REPRESENTATION_CONTEXT(2) 
PARAMETRIC_REPRESENTATION_CONTEXT() REPRESENTATION_CONTEXT('2D SPACE',''
  ) );
#3091 = ORIENTED_EDGE('',*,*,#3092,.T.);
#3092 = EDGE_CURVE('',#3065,#2035,#3093,.T.);
#3093 = SURFACE_CURVE('',#3094,(#3098,#3105),.PCURVE_S1.);
#3094 = LINE('',#3095,#3096);
#3095 = CARTESIAN_POINT('',(3.375,-10.25,0.));
#3096 = VECTOR('',#3097,1.);
#3097 = DIRECTION('',(0.,0.,1.));
#3098 = PCURVE('',#1098,#3099);
#3099 = DEFINITIONAL_REPRESENTATION('',(#3100),#3104);
#3100 = LINE('',#3101,#3102);
#3101 = CARTESIAN_POINT('',(0.,-0.3));
#3102 = VECTOR('',#3103,1.);
#3103 = DIRECTION('',(1.,0.));
#3104 = ( GEOMETRIC_REPRESENTATION_CONTEXT(2) 
PARAMETRIC_REPRESENTATION_CONTEXT() REPRESENTATION_CONTEXT('2D SPACE',''
  ) );
#3105 = PCURVE('',#2049,#3106);
#3106 = DEFINITIONAL_REPRESENTATION('',(#3107),#3111);
#3107 = LINE('',#3108,#3109);
#3108 = CARTESIAN_POINT('',(0.,0.4));
#3109 = VECTOR('',#3110,1.);
#3110 = DIRECTION('',(1.,0.));
#3111 = ( GEOMETRIC_REPRESENTATION_CONTEXT(2) 
PARAMETRIC_REPRESENTATION_CONTEXT() REPRESENTATION_CONTEXT('2D SPACE',''
  ) );
#3112 = ORIENTED_EDGE('',*,*,#2060,.T.);
#3113 = ORIENTED_EDGE('',*,*,#2982,.T.);
#3114 = ORIENTED_EDGE('',*,*,#1083,.F.);
#3115 = ORIENTED_EDGE('',*,*,#3116,.T.);
#3116 = EDGE_CURVE('',#1058,#3009,#3117,.T.);
#3117 = SURFACE_CURVE('',#3118,(#3122,#3129),.PCURVE_S1.);
#3118 = LINE('',#3119,#3120);
#3119 = CARTESIAN_POINT('',(3.375,-10.25,0.));
#3120 = VECTOR('',#3121,1.);
#3121 = DIRECTION('',(0.,0.,1.));
#3122 = PCURVE('',#1098,#3123);
#3123 = DEFINITIONAL_REPRESENTATION('',(#3124),#3128);
#3124 = LINE('',#3125,#3126);
#3125 = CARTESIAN_POINT('',(0.,-0.3));
#3126 = VECTOR('',#3127,1.);
#3127 = DIRECTION('',(1.,0.));
#3128 = ( GEOMETRIC_REPRESENTATION_CONTEXT(2) 
PARAMETRIC_REPRESENTATION_CONTEXT() REPRESENTATION_CONTEXT('2D SPACE',''
  ) );
#3129 = PCURVE('',#1072,#3130);
#3130 = DEFINITIONAL_REPRESENTATION('',(#3131),#3135);
#3131 = LINE('',#3132,#3133);
#3132 = CARTESIAN_POINT('',(0.,0.4));
#3133 = VECTOR('',#3134,1.);
#3134 = DIRECTION('',(1.,0.));
#3135 = ( GEOMETRIC_REPRESENTATION_CONTEXT(2) 
PARAMETRIC_REPRESENTATION_CONTEXT() REPRESENTATION_CONTEXT('2D SPACE',''
  ) );
#3136 = ADVANCED_FACE('',(#3137),#1072,.T.);
#3137 = FACE_BOUND('',#3138,.T.);
#3138 = EDGE_LOOP('',(#3139,#3140,#3141,#3164));
#3139 = ORIENTED_EDGE('',*,*,#3116,.F.);
#3140 = ORIENTED_EDGE('',*,*,#1057,.F.);
#3141 = ORIENTED_EDGE('',*,*,#3142,.T.);
#3142 = EDGE_CURVE('',#1032,#3143,#3145,.T.);
#3143 = VERTEX_POINT('',#3144);
#3144 = CARTESIAN_POINT('',(2.975,-10.25,10.));
#3145 = SURFACE_CURVE('',#3146,(#3150,#3157),.PCURVE_S1.);
#3146 = LINE('',#3147,#3148);
#3147 = CARTESIAN_POINT('',(2.975,-10.25,0.));
#3148 = VECTOR('',#3149,1.);
#3149 = DIRECTION('',(0.,0.,1.));
#3150 = PCURVE('',#1072,#3151);
#3151 = DEFINITIONAL_REPRESENTATION('',(#3152),#3156);
#3152 = LINE('',#3153,#3154);
#3153 = CARTESIAN_POINT('',(0.,0.));
#3154 = VECTOR('',#3155,1.);
#3155 = DIRECTION('',(1.,0.));
#3156 = ( GEOMETRIC_REPRESENTATION_CONTEXT(2) 
PARAMETRIC_REPRESENTATION_CONTEXT() REPRESENTATION_CONTEXT('2D SPACE',''
  ) );
#3157 = PCURVE('',#1046,#3158);
#3158 = DEFINITIONAL_REPRESENTATION('',(#3159),#3163);
#3159 = LINE('',#3160,#3161);
#3160 = CARTESIAN_POINT('',(0.,-0.3));
#3161 = VECTOR('',#3162,1.);
#3162 = DIRECTION('',(1.,0.));
#3163 = ( GEOMETRIC_REPRESENTATION_CONTEXT(2) 
PARAMETRIC_REPRESENTATION_CONTEXT() REPRESENTATION_CONTEXT('2D SPACE',''
  ) );
#3164 = ORIENTED_EDGE('',*,*,#3165,.T.);
#3165 = EDGE_CURVE('',#3143,#3009,#3166,.T.);
#3166 = SURFACE_CURVE('',#3167,(#3171,#3178),.PCURVE_S1.);
#3167 = LINE('',#3168,#3169);
#3168 = CARTESIAN_POINT('',(2.975,-10.25,10.));
#3169 = VECTOR('',#3170,1.);
#3170 = DIRECTION('',(1.,0.,0.));
#3171 = PCURVE('',#1072,#3172);
#3172 = DEFINITIONAL_REPRESENTATION('',(#3173),#3177);
#3173 = LINE('',#3174,#3175);
#3174 = CARTESIAN_POINT('',(10.,0.));
#3175 = VECTOR('',#3176,1.);
#3176 = DIRECTION('',(0.,1.));
#3177 = ( GEOMETRIC_REPRESENTATION_CONTEXT(2) 
PARAMETRIC_REPRESENTATION_CONTEXT() REPRESENTATION_CONTEXT('2D SPACE',''
  ) );
#3178 = PCURVE('',#3024,#3179);
#3179 = DEFINITIONAL_REPRESENTATION('',(#3180),#3184);
#3180 = LINE('',#3181,#3182);
#3181 = CARTESIAN_POINT('',(0.,0.3));
#3182 = VECTOR('',#3183,1.);
#3183 = DIRECTION('',(1.,0.));
#3184 = ( GEOMETRIC_REPRESENTATION_CONTEXT(2) 
PARAMETRIC_REPRESENTATION_CONTEXT() REPRESENTATION_CONTEXT('2D SPACE',''
  ) );
#3185 = ADVANCED_FACE('',(#3186),#1046,.F.);
#3186 = FACE_BOUND('',#3187,.F.);
#3187 = EDGE_LOOP('',(#3188,#3211,#3234,#3257,#3278,#3279,#3298,#3299));
#3188 = ORIENTED_EDGE('',*,*,#3189,.F.);
#3189 = EDGE_CURVE('',#3190,#3143,#3192,.T.);
#3190 = VERTEX_POINT('',#3191);
#3191 = CARTESIAN_POINT('',(2.975,-10.55,10.));
#3192 = SURFACE_CURVE('',#3193,(#3197,#3204),.PCURVE_S1.);
#3193 = LINE('',#3194,#3195);
#3194 = CARTESIAN_POINT('',(2.975,-10.55,10.));
#3195 = VECTOR('',#3196,1.);
#3196 = DIRECTION('',(0.,1.,0.));
#3197 = PCURVE('',#1046,#3198);
#3198 = DEFINITIONAL_REPRESENTATION('',(#3199),#3203);
#3199 = LINE('',#3200,#3201);
#3200 = CARTESIAN_POINT('',(10.,0.));
#3201 = VECTOR('',#3202,1.);
#3202 = DIRECTION('',(0.,-1.));
#3203 = ( GEOMETRIC_REPRESENTATION_CONTEXT(2) 
PARAMETRIC_REPRESENTATION_CONTEXT() REPRESENTATION_CONTEXT('2D SPACE',''
  ) );
#3204 = PCURVE('',#3024,#3205);
#3205 = DEFINITIONAL_REPRESENTATION('',(#3206),#3210);
#3206 = LINE('',#3207,#3208);
#3207 = CARTESIAN_POINT('',(0.,0.));
#3208 = VECTOR('',#3209,1.);
#3209 = DIRECTION('',(0.,1.));
#3210 = ( GEOMETRIC_REPRESENTATION_CONTEXT(2) 
PARAMETRIC_REPRESENTATION_CONTEXT() REPRESENTATION_CONTEXT('2D SPACE',''
  ) );
#3211 = ORIENTED_EDGE('',*,*,#3212,.F.);
#3212 = EDGE_CURVE('',#3213,#3190,#3215,.T.);
#3213 = VERTEX_POINT('',#3214);
#3214 = CARTESIAN_POINT('',(2.975,-10.55,0.));
#3215 = SURFACE_CURVE('',#3216,(#3220,#3227),.PCURVE_S1.);
#3216 = LINE('',#3217,#3218);
#3217 = CARTESIAN_POINT('',(2.975,-10.55,0.));
#3218 = VECTOR('',#3219,1.);
#3219 = DIRECTION('',(0.,0.,1.));
#3220 = PCURVE('',#1046,#3221);
#3221 = DEFINITIONAL_REPRESENTATION('',(#3222),#3226);
#3222 = LINE('',#3223,#3224);
#3223 = CARTESIAN_POINT('',(0.,0.));
#3224 = VECTOR('',#3225,1.);
#3225 = DIRECTION('',(1.,0.));
#3226 = ( GEOMETRIC_REPRESENTATION_CONTEXT(2) 
PARAMETRIC_REPRESENTATION_CONTEXT() REPRESENTATION_CONTEXT('2D SPACE',''
  ) );
#3227 = PCURVE('',#3052,#3228);
#3228 = DEFINITIONAL_REPRESENTATION('',(#3229),#3233);
#3229 = LINE('',#3230,#3231);
#3230 = CARTESIAN_POINT('',(0.,0.));
#3231 = VECTOR('',#3232,1.);
#3232 = DIRECTION('',(1.,0.));
#3233 = ( GEOMETRIC_REPRESENTATION_CONTEXT(2) 
PARAMETRIC_REPRESENTATION_CONTEXT() REPRESENTATION_CONTEXT('2D SPACE',''
  ) );
#3234 = ORIENTED_EDGE('',*,*,#3235,.T.);
#3235 = EDGE_CURVE('',#3213,#3236,#3238,.T.);
#3236 = VERTEX_POINT('',#3237);
#3237 = CARTESIAN_POINT('',(2.975,-10.25,0.));
#3238 = SURFACE_CURVE('',#3239,(#3243,#3250),.PCURVE_S1.);
#3239 = LINE('',#3240,#3241);
#3240 = CARTESIAN_POINT('',(2.975,-10.55,0.));
#3241 = VECTOR('',#3242,1.);
#3242 = DIRECTION('',(0.,1.,0.));
#3243 = PCURVE('',#1046,#3244);
#3244 = DEFINITIONAL_REPRESENTATION('',(#3245),#3249);
#3245 = LINE('',#3246,#3247);
#3246 = CARTESIAN_POINT('',(0.,0.));
#3247 = VECTOR('',#3248,1.);
#3248 = DIRECTION('',(0.,-1.));
#3249 = ( GEOMETRIC_REPRESENTATION_CONTEXT(2) 
PARAMETRIC_REPRESENTATION_CONTEXT() REPRESENTATION_CONTEXT('2D SPACE',''
  ) );
#3250 = PCURVE('',#3080,#3251);
#3251 = DEFINITIONAL_REPRESENTATION('',(#3252),#3256);
#3252 = LINE('',#3253,#3254);
#3253 = CARTESIAN_POINT('',(0.,0.));
#3254 = VECTOR('',#3255,1.);
#3255 = DIRECTION('',(0.,1.));
#3256 = ( GEOMETRIC_REPRESENTATION_CONTEXT(2) 
PARAMETRIC_REPRESENTATION_CONTEXT() REPRESENTATION_CONTEXT('2D SPACE',''
  ) );
#3257 = ORIENTED_EDGE('',*,*,#3258,.T.);
#3258 = EDGE_CURVE('',#3236,#2014,#3259,.T.);
#3259 = SURFACE_CURVE('',#3260,(#3264,#3271),.PCURVE_S1.);
#3260 = LINE('',#3261,#3262);
#3261 = CARTESIAN_POINT('',(2.975,-10.25,0.));
#3262 = VECTOR('',#3263,1.);
#3263 = DIRECTION('',(0.,0.,1.));
#3264 = PCURVE('',#1046,#3265);
#3265 = DEFINITIONAL_REPRESENTATION('',(#3266),#3270);
#3266 = LINE('',#3267,#3268);
#3267 = CARTESIAN_POINT('',(0.,-0.3));
#3268 = VECTOR('',#3269,1.);
#3269 = DIRECTION('',(1.,0.));
#3270 = ( GEOMETRIC_REPRESENTATION_CONTEXT(2) 
PARAMETRIC_REPRESENTATION_CONTEXT() REPRESENTATION_CONTEXT('2D SPACE',''
  ) );
#3271 = PCURVE('',#2049,#3272);
#3272 = DEFINITIONAL_REPRESENTATION('',(#3273),#3277);
#3273 = LINE('',#3274,#3275);
#3274 = CARTESIAN_POINT('',(0.,0.));
#3275 = VECTOR('',#3276,1.);
#3276 = DIRECTION('',(1.,0.));
#3277 = ( GEOMETRIC_REPRESENTATION_CONTEXT(2) 
PARAMETRIC_REPRESENTATION_CONTEXT() REPRESENTATION_CONTEXT('2D SPACE',''
  ) );
#3278 = ORIENTED_EDGE('',*,*,#2013,.T.);
#3279 = ORIENTED_EDGE('',*,*,#3280,.T.);
#3280 = EDGE_CURVE('',#1991,#1004,#3281,.T.);
#3281 = SURFACE_CURVE('',#3282,(#3286,#3292),.PCURVE_S1.);
#3282 = LINE('',#3283,#3284);
#3283 = CARTESIAN_POINT('',(2.975,-10.4,3.5));
#3284 = VECTOR('',#3285,1.);
#3285 = DIRECTION('',(0.,0.,1.));
#3286 = PCURVE('',#1046,#3287);
#3287 = DEFINITIONAL_REPRESENTATION('',(#3288),#3291);
#3288 = B_SPLINE_CURVE_WITH_KNOTS('',1,(#3289,#3290),.UNSPECIFIED.,.F.,
  .F.,(2,2),(3.5,4.6),.PIECEWISE_BEZIER_KNOTS.);
#3289 = CARTESIAN_POINT('',(7.,-0.15));
#3290 = CARTESIAN_POINT('',(8.1,-0.15));
#3291 = ( GEOMETRIC_REPRESENTATION_CONTEXT(2) 
PARAMETRIC_REPRESENTATION_CONTEXT() REPRESENTATION_CONTEXT('2D SPACE',''
  ) );
#3292 = PCURVE('',#1019,#3293);
#3293 = DEFINITIONAL_REPRESENTATION('',(#3294),#3297);
#3294 = B_SPLINE_CURVE_WITH_KNOTS('',1,(#3295,#3296),.UNSPECIFIED.,.F.,
  .F.,(2,2),(3.5,4.6),.PIECEWISE_BEZIER_KNOTS.);
#3295 = CARTESIAN_POINT('',(-1.7763568394E-15,30.265));
#3296 = CARTESIAN_POINT('',(1.1,30.265));
#3297 = ( GEOMETRIC_REPRESENTATION_CONTEXT(2) 
PARAMETRIC_REPRESENTATION_CONTEXT() REPRESENTATION_CONTEXT('2D SPACE',''
  ) );
#3298 = ORIENTED_EDGE('',*,*,#1031,.F.);
#3299 = ORIENTED_EDGE('',*,*,#3142,.T.);
#3300 = ADVANCED_FACE('',(#3301),#1019,.F.);
#3301 = FACE_BOUND('',#3302,.F.);
#3302 = EDGE_LOOP('',(#3303,#3304,#3323,#3324));
#3303 = ORIENTED_EDGE('',*,*,#1990,.F.);
#3304 = ORIENTED_EDGE('',*,*,#3305,.T.);
#3305 = EDGE_CURVE('',#1970,#978,#3306,.T.);
#3306 = SURFACE_CURVE('',#3307,(#3311,#3317),.PCURVE_S1.);
#3307 = LINE('',#3308,#3309);
#3308 = CARTESIAN_POINT('',(2.105,-10.4,3.5));
#3309 = VECTOR('',#3310,1.);
#3310 = DIRECTION('',(0.,0.,1.));
#3311 = PCURVE('',#1019,#3312);
#3312 = DEFINITIONAL_REPRESENTATION('',(#3313),#3316);
#3313 = B_SPLINE_CURVE_WITH_KNOTS('',1,(#3314,#3315),.UNSPECIFIED.,.F.,
  .F.,(2,2),(3.5,4.6),.PIECEWISE_BEZIER_KNOTS.);
#3314 = CARTESIAN_POINT('',(-1.7763568394E-15,29.395));
#3315 = CARTESIAN_POINT('',(1.1,29.395));
#3316 = ( GEOMETRIC_REPRESENTATION_CONTEXT(2) 
PARAMETRIC_REPRESENTATION_CONTEXT() REPRESENTATION_CONTEXT('2D SPACE',''
  ) );
#3317 = PCURVE('',#992,#3318);
#3318 = DEFINITIONAL_REPRESENTATION('',(#3319),#3322);
#3319 = B_SPLINE_CURVE_WITH_KNOTS('',1,(#3320,#3321),.UNSPECIFIED.,.F.,
  .F.,(2,2),(3.5,4.6),.PIECEWISE_BEZIER_KNOTS.);
#3320 = CARTESIAN_POINT('',(7.,-0.15));
#3321 = CARTESIAN_POINT('',(8.1,-0.15));
#3322 = ( GEOMETRIC_REPRESENTATION_CONTEXT(2) 
PARAMETRIC_REPRESENTATION_CONTEXT() REPRESENTATION_CONTEXT('2D SPACE',''
  ) );
#3323 = ORIENTED_EDGE('',*,*,#1003,.T.);
#3324 = ORIENTED_EDGE('',*,*,#3280,.F.);
#3325 = ADVANCED_FACE('',(#3326),#992,.T.);
#3326 = FACE_BOUND('',#3327,.T.);
#3327 = EDGE_LOOP('',(#3328,#3358,#3386,#3414,#3435,#3436,#3437,#3438));
#3328 = ORIENTED_EDGE('',*,*,#3329,.F.);
#3329 = EDGE_CURVE('',#3330,#3332,#3334,.T.);
#3330 = VERTEX_POINT('',#3331);
#3331 = CARTESIAN_POINT('',(2.105,-10.55,10.));
#3332 = VERTEX_POINT('',#3333);
#3333 = CARTESIAN_POINT('',(2.105,-10.25,10.));
#3334 = SURFACE_CURVE('',#3335,(#3339,#3346),.PCURVE_S1.);
#3335 = LINE('',#3336,#3337);
#3336 = CARTESIAN_POINT('',(2.105,-10.55,10.));
#3337 = VECTOR('',#3338,1.);
#3338 = DIRECTION('',(0.,1.,0.));
#3339 = PCURVE('',#992,#3340);
#3340 = DEFINITIONAL_REPRESENTATION('',(#3341),#3345);
#3341 = LINE('',#3342,#3343);
#3342 = CARTESIAN_POINT('',(10.,0.));
#3343 = VECTOR('',#3344,1.);
#3344 = DIRECTION('',(0.,-1.));
#3345 = ( GEOMETRIC_REPRESENTATION_CONTEXT(2) 
PARAMETRIC_REPRESENTATION_CONTEXT() REPRESENTATION_CONTEXT('2D SPACE',''
  ) );
#3346 = PCURVE('',#3347,#3352);
#3347 = PLANE('',#3348);
#3348 = AXIS2_PLACEMENT_3D('',#3349,#3350,#3351);
#3349 = CARTESIAN_POINT('',(1.705,-10.55,10.));
#3350 = DIRECTION('',(0.,0.,1.));
#3351 = DIRECTION('',(1.,0.,0.));
#3352 = DEFINITIONAL_REPRESENTATION('',(#3353),#3357);
#3353 = LINE('',#3354,#3355);
#3354 = CARTESIAN_POINT('',(0.4,0.));
#3355 = VECTOR('',#3356,1.);
#3356 = DIRECTION('',(0.,1.));
#3357 = ( GEOMETRIC_REPRESENTATION_CONTEXT(2) 
PARAMETRIC_REPRESENTATION_CONTEXT() REPRESENTATION_CONTEXT('2D SPACE',''
  ) );
#3358 = ORIENTED_EDGE('',*,*,#3359,.F.);
#3359 = EDGE_CURVE('',#3360,#3330,#3362,.T.);
#3360 = VERTEX_POINT('',#3361);
#3361 = CARTESIAN_POINT('',(2.105,-10.55,0.));
#3362 = SURFACE_CURVE('',#3363,(#3367,#3374),.PCURVE_S1.);
#3363 = LINE('',#3364,#3365);
#3364 = CARTESIAN_POINT('',(2.105,-10.55,0.));
#3365 = VECTOR('',#3366,1.);
#3366 = DIRECTION('',(0.,0.,1.));
#3367 = PCURVE('',#992,#3368);
#3368 = DEFINITIONAL_REPRESENTATION('',(#3369),#3373);
#3369 = LINE('',#3370,#3371);
#3370 = CARTESIAN_POINT('',(0.,0.));
#3371 = VECTOR('',#3372,1.);
#3372 = DIRECTION('',(1.,0.));
#3373 = ( GEOMETRIC_REPRESENTATION_CONTEXT(2) 
PARAMETRIC_REPRESENTATION_CONTEXT() REPRESENTATION_CONTEXT('2D SPACE',''
  ) );
#3374 = PCURVE('',#3375,#3380);
#3375 = PLANE('',#3376);
#3376 = AXIS2_PLACEMENT_3D('',#3377,#3378,#3379);
#3377 = CARTESIAN_POINT('',(1.705,-10.55,0.));
#3378 = DIRECTION('',(0.,1.,0.));
#3379 = DIRECTION('',(0.,0.,1.));
#3380 = DEFINITIONAL_REPRESENTATION('',(#3381),#3385);
#3381 = LINE('',#3382,#3383);
#3382 = CARTESIAN_POINT('',(0.,0.4));
#3383 = VECTOR('',#3384,1.);
#3384 = DIRECTION('',(1.,0.));
#3385 = ( GEOMETRIC_REPRESENTATION_CONTEXT(2) 
PARAMETRIC_REPRESENTATION_CONTEXT() REPRESENTATION_CONTEXT('2D SPACE',''
  ) );
#3386 = ORIENTED_EDGE('',*,*,#3387,.T.);
#3387 = EDGE_CURVE('',#3360,#3388,#3390,.T.);
#3388 = VERTEX_POINT('',#3389);
#3389 = CARTESIAN_POINT('',(2.105,-10.25,0.));
#3390 = SURFACE_CURVE('',#3391,(#3395,#3402),.PCURVE_S1.);
#3391 = LINE('',#3392,#3393);
#3392 = CARTESIAN_POINT('',(2.105,-10.55,0.));
#3393 = VECTOR('',#3394,1.);
#3394 = DIRECTION('',(0.,1.,0.));
#3395 = PCURVE('',#992,#3396);
#3396 = DEFINITIONAL_REPRESENTATION('',(#3397),#3401);
#3397 = LINE('',#3398,#3399);
#3398 = CARTESIAN_POINT('',(0.,0.));
#3399 = VECTOR('',#3400,1.);
#3400 = DIRECTION('',(0.,-1.));
#3401 = ( GEOMETRIC_REPRESENTATION_CONTEXT(2) 
PARAMETRIC_REPRESENTATION_CONTEXT() REPRESENTATION_CONTEXT('2D SPACE',''
  ) );
#3402 = PCURVE('',#3403,#3408);
#3403 = PLANE('',#3404);
#3404 = AXIS2_PLACEMENT_3D('',#3405,#3406,#3407);
#3405 = CARTESIAN_POINT('',(1.705,-10.55,0.));
#3406 = DIRECTION('',(0.,0.,1.));
#3407 = DIRECTION('',(1.,0.,0.));
#3408 = DEFINITIONAL_REPRESENTATION('',(#3409),#3413);
#3409 = LINE('',#3410,#3411);
#3410 = CARTESIAN_POINT('',(0.4,0.));
#3411 = VECTOR('',#3412,1.);
#3412 = DIRECTION('',(0.,1.));
#3413 = ( GEOMETRIC_REPRESENTATION_CONTEXT(2) 
PARAMETRIC_REPRESENTATION_CONTEXT() REPRESENTATION_CONTEXT('2D SPACE',''
  ) );
#3414 = ORIENTED_EDGE('',*,*,#3415,.T.);
#3415 = EDGE_CURVE('',#3388,#1944,#3416,.T.);
#3416 = SURFACE_CURVE('',#3417,(#3421,#3428),.PCURVE_S1.);
#3417 = LINE('',#3418,#3419);
#3418 = CARTESIAN_POINT('',(2.105,-10.25,0.));
#3419 = VECTOR('',#3420,1.);
#3420 = DIRECTION('',(0.,0.,1.));
#3421 = PCURVE('',#992,#3422);
#3422 = DEFINITIONAL_REPRESENTATION('',(#3423),#3427);
#3423 = LINE('',#3424,#3425);
#3424 = CARTESIAN_POINT('',(0.,-0.3));
#3425 = VECTOR('',#3426,1.);
#3426 = DIRECTION('',(1.,0.));
#3427 = ( GEOMETRIC_REPRESENTATION_CONTEXT(2) 
PARAMETRIC_REPRESENTATION_CONTEXT() REPRESENTATION_CONTEXT('2D SPACE',''
  ) );
#3428 = PCURVE('',#1958,#3429);
#3429 = DEFINITIONAL_REPRESENTATION('',(#3430),#3434);
#3430 = LINE('',#3431,#3432);
#3431 = CARTESIAN_POINT('',(0.,0.4));
#3432 = VECTOR('',#3433,1.);
#3433 = DIRECTION('',(1.,0.));
#3434 = ( GEOMETRIC_REPRESENTATION_CONTEXT(2) 
PARAMETRIC_REPRESENTATION_CONTEXT() REPRESENTATION_CONTEXT('2D SPACE',''
  ) );
#3435 = ORIENTED_EDGE('',*,*,#1969,.T.);
#3436 = ORIENTED_EDGE('',*,*,#3305,.T.);
#3437 = ORIENTED_EDGE('',*,*,#977,.F.);
#3438 = ORIENTED_EDGE('',*,*,#3439,.T.);
#3439 = EDGE_CURVE('',#952,#3332,#3440,.T.);
#3440 = SURFACE_CURVE('',#3441,(#3445,#3452),.PCURVE_S1.);
#3441 = LINE('',#3442,#3443);
#3442 = CARTESIAN_POINT('',(2.105,-10.25,0.));
#3443 = VECTOR('',#3444,1.);
#3444 = DIRECTION('',(0.,0.,1.));
#3445 = PCURVE('',#992,#3446);
#3446 = DEFINITIONAL_REPRESENTATION('',(#3447),#3451);
#3447 = LINE('',#3448,#3449);
#3448 = CARTESIAN_POINT('',(0.,-0.3));
#3449 = VECTOR('',#3450,1.);
#3450 = DIRECTION('',(1.,0.));
#3451 = ( GEOMETRIC_REPRESENTATION_CONTEXT(2) 
PARAMETRIC_REPRESENTATION_CONTEXT() REPRESENTATION_CONTEXT('2D SPACE',''
  ) );
#3452 = PCURVE('',#966,#3453);
#3453 = DEFINITIONAL_REPRESENTATION('',(#3454),#3458);
#3454 = LINE('',#3455,#3456);
#3455 = CARTESIAN_POINT('',(0.,0.4));
#3456 = VECTOR('',#3457,1.);
#3457 = DIRECTION('',(1.,0.));
#3458 = ( GEOMETRIC_REPRESENTATION_CONTEXT(2) 
PARAMETRIC_REPRESENTATION_CONTEXT() REPRESENTATION_CONTEXT('2D SPACE',''
  ) );
#3459 = ADVANCED_FACE('',(#3460),#966,.T.);
#3460 = FACE_BOUND('',#3461,.T.);
#3461 = EDGE_LOOP('',(#3462,#3463,#3464,#3487));
#3462 = ORIENTED_EDGE('',*,*,#3439,.F.);
#3463 = ORIENTED_EDGE('',*,*,#951,.F.);
#3464 = ORIENTED_EDGE('',*,*,#3465,.T.);
#3465 = EDGE_CURVE('',#926,#3466,#3468,.T.);
#3466 = VERTEX_POINT('',#3467);
#3467 = CARTESIAN_POINT('',(1.705,-10.25,10.));
#3468 = SURFACE_CURVE('',#3469,(#3473,#3480),.PCURVE_S1.);
#3469 = LINE('',#3470,#3471);
#3470 = CARTESIAN_POINT('',(1.705,-10.25,0.));
#3471 = VECTOR('',#3472,1.);
#3472 = DIRECTION('',(0.,0.,1.));
#3473 = PCURVE('',#966,#3474);
#3474 = DEFINITIONAL_REPRESENTATION('',(#3475),#3479);
#3475 = LINE('',#3476,#3477);
#3476 = CARTESIAN_POINT('',(0.,0.));
#3477 = VECTOR('',#3478,1.);
#3478 = DIRECTION('',(1.,0.));
#3479 = ( GEOMETRIC_REPRESENTATION_CONTEXT(2) 
PARAMETRIC_REPRESENTATION_CONTEXT() REPRESENTATION_CONTEXT('2D SPACE',''
  ) );
#3480 = PCURVE('',#940,#3481);
#3481 = DEFINITIONAL_REPRESENTATION('',(#3482),#3486);
#3482 = LINE('',#3483,#3484);
#3483 = CARTESIAN_POINT('',(0.,-0.3));
#3484 = VECTOR('',#3485,1.);
#3485 = DIRECTION('',(1.,0.));
#3486 = ( GEOMETRIC_REPRESENTATION_CONTEXT(2) 
PARAMETRIC_REPRESENTATION_CONTEXT() REPRESENTATION_CONTEXT('2D SPACE',''
  ) );
#3487 = ORIENTED_EDGE('',*,*,#3488,.T.);
#3488 = EDGE_CURVE('',#3466,#3332,#3489,.T.);
#3489 = SURFACE_CURVE('',#3490,(#3494,#3501),.PCURVE_S1.);
#3490 = LINE('',#3491,#3492);
#3491 = CARTESIAN_POINT('',(1.705,-10.25,10.));
#3492 = VECTOR('',#3493,1.);
#3493 = DIRECTION('',(1.,0.,0.));
#3494 = PCURVE('',#966,#3495);
#3495 = DEFINITIONAL_REPRESENTATION('',(#3496),#3500);
#3496 = LINE('',#3497,#3498);
#3497 = CARTESIAN_POINT('',(10.,0.));
#3498 = VECTOR('',#3499,1.);
#3499 = DIRECTION('',(0.,1.));
#3500 = ( GEOMETRIC_REPRESENTATION_CONTEXT(2) 
PARAMETRIC_REPRESENTATION_CONTEXT() REPRESENTATION_CONTEXT('2D SPACE',''
  ) );
#3501 = PCURVE('',#3347,#3502);
#3502 = DEFINITIONAL_REPRESENTATION('',(#3503),#3507);
#3503 = LINE('',#3504,#3505);
#3504 = CARTESIAN_POINT('',(0.,0.3));
#3505 = VECTOR('',#3506,1.);
#3506 = DIRECTION('',(1.,0.));
#3507 = ( GEOMETRIC_REPRESENTATION_CONTEXT(2) 
PARAMETRIC_REPRESENTATION_CONTEXT() REPRESENTATION_CONTEXT('2D SPACE',''
  ) );
#3508 = ADVANCED_FACE('',(#3509),#940,.F.);
#3509 = FACE_BOUND('',#3510,.F.);
#3510 = EDGE_LOOP('',(#3511,#3534,#3557,#3580,#3601,#3602,#3621,#3622));
#3511 = ORIENTED_EDGE('',*,*,#3512,.F.);
#3512 = EDGE_CURVE('',#3513,#3466,#3515,.T.);
#3513 = VERTEX_POINT('',#3514);
#3514 = CARTESIAN_POINT('',(1.705,-10.55,10.));
#3515 = SURFACE_CURVE('',#3516,(#3520,#3527),.PCURVE_S1.);
#3516 = LINE('',#3517,#3518);
#3517 = CARTESIAN_POINT('',(1.705,-10.55,10.));
#3518 = VECTOR('',#3519,1.);
#3519 = DIRECTION('',(0.,1.,0.));
#3520 = PCURVE('',#940,#3521);
#3521 = DEFINITIONAL_REPRESENTATION('',(#3522),#3526);
#3522 = LINE('',#3523,#3524);
#3523 = CARTESIAN_POINT('',(10.,0.));
#3524 = VECTOR('',#3525,1.);
#3525 = DIRECTION('',(0.,-1.));
#3526 = ( GEOMETRIC_REPRESENTATION_CONTEXT(2) 
PARAMETRIC_REPRESENTATION_CONTEXT() REPRESENTATION_CONTEXT('2D SPACE',''
  ) );
#3527 = PCURVE('',#3347,#3528);
#3528 = DEFINITIONAL_REPRESENTATION('',(#3529),#3533);
#3529 = LINE('',#3530,#3531);
#3530 = CARTESIAN_POINT('',(0.,0.));
#3531 = VECTOR('',#3532,1.);
#3532 = DIRECTION('',(0.,1.));
#3533 = ( GEOMETRIC_REPRESENTATION_CONTEXT(2) 
PARAMETRIC_REPRESENTATION_CONTEXT() REPRESENTATION_CONTEXT('2D SPACE',''
  ) );
#3534 = ORIENTED_EDGE('',*,*,#3535,.F.);
#3535 = EDGE_CURVE('',#3536,#3513,#3538,.T.);
#3536 = VERTEX_POINT('',#3537);
#3537 = CARTESIAN_POINT('',(1.705,-10.55,0.));
#3538 = SURFACE_CURVE('',#3539,(#3543,#3550),.PCURVE_S1.);
#3539 = LINE('',#3540,#3541);
#3540 = CARTESIAN_POINT('',(1.705,-10.55,0.));
#3541 = VECTOR('',#3542,1.);
#3542 = DIRECTION('',(0.,0.,1.));
#3543 = PCURVE('',#940,#3544);
#3544 = DEFINITIONAL_REPRESENTATION('',(#3545),#3549);
#3545 = LINE('',#3546,#3547);
#3546 = CARTESIAN_POINT('',(0.,0.));
#3547 = VECTOR('',#3548,1.);
#3548 = DIRECTION('',(1.,0.));
#3549 = ( GEOMETRIC_REPRESENTATION_CONTEXT(2) 
PARAMETRIC_REPRESENTATION_CONTEXT() REPRESENTATION_CONTEXT('2D SPACE',''
  ) );
#3550 = PCURVE('',#3375,#3551);
#3551 = DEFINITIONAL_REPRESENTATION('',(#3552),#3556);
#3552 = LINE('',#3553,#3554);
#3553 = CARTESIAN_POINT('',(0.,0.));
#3554 = VECTOR('',#3555,1.);
#3555 = DIRECTION('',(1.,0.));
#3556 = ( GEOMETRIC_REPRESENTATION_CONTEXT(2) 
PARAMETRIC_REPRESENTATION_CONTEXT() REPRESENTATION_CONTEXT('2D SPACE',''
  ) );
#3557 = ORIENTED_EDGE('',*,*,#3558,.T.);
#3558 = EDGE_CURVE('',#3536,#3559,#3561,.T.);
#3559 = VERTEX_POINT('',#3560);
#3560 = CARTESIAN_POINT('',(1.705,-10.25,0.));
#3561 = SURFACE_CURVE('',#3562,(#3566,#3573),.PCURVE_S1.);
#3562 = LINE('',#3563,#3564);
#3563 = CARTESIAN_POINT('',(1.705,-10.55,0.));
#3564 = VECTOR('',#3565,1.);
#3565 = DIRECTION('',(0.,1.,0.));
#3566 = PCURVE('',#940,#3567);
#3567 = DEFINITIONAL_REPRESENTATION('',(#3568),#3572);
#3568 = LINE('',#3569,#3570);
#3569 = CARTESIAN_POINT('',(0.,0.));
#3570 = VECTOR('',#3571,1.);
#3571 = DIRECTION('',(0.,-1.));
#3572 = ( GEOMETRIC_REPRESENTATION_CONTEXT(2) 
PARAMETRIC_REPRESENTATION_CONTEXT() REPRESENTATION_CONTEXT('2D SPACE',''
  ) );
#3573 = PCURVE('',#3403,#3574);
#3574 = DEFINITIONAL_REPRESENTATION('',(#3575),#3579);
#3575 = LINE('',#3576,#3577);
#3576 = CARTESIAN_POINT('',(0.,0.));
#3577 = VECTOR('',#3578,1.);
#3578 = DIRECTION('',(0.,1.));
#3579 = ( GEOMETRIC_REPRESENTATION_CONTEXT(2) 
PARAMETRIC_REPRESENTATION_CONTEXT() REPRESENTATION_CONTEXT('2D SPACE',''
  ) );
#3580 = ORIENTED_EDGE('',*,*,#3581,.T.);
#3581 = EDGE_CURVE('',#3559,#1923,#3582,.T.);
#3582 = SURFACE_CURVE('',#3583,(#3587,#3594),.PCURVE_S1.);
#3583 = LINE('',#3584,#3585);
#3584 = CARTESIAN_POINT('',(1.705,-10.25,0.));
#3585 = VECTOR('',#3586,1.);
#3586 = DIRECTION('',(0.,0.,1.));
#3587 = PCURVE('',#940,#3588);
#3588 = DEFINITIONAL_REPRESENTATION('',(#3589),#3593);
#3589 = LINE('',#3590,#3591);
#3590 = CARTESIAN_POINT('',(0.,-0.3));
#3591 = VECTOR('',#3592,1.);
#3592 = DIRECTION('',(1.,0.));
#3593 = ( GEOMETRIC_REPRESENTATION_CONTEXT(2) 
PARAMETRIC_REPRESENTATION_CONTEXT() REPRESENTATION_CONTEXT('2D SPACE',''
  ) );
#3594 = PCURVE('',#1958,#3595);
#3595 = DEFINITIONAL_REPRESENTATION('',(#3596),#3600);
#3596 = LINE('',#3597,#3598);
#3597 = CARTESIAN_POINT('',(0.,0.));
#3598 = VECTOR('',#3599,1.);
#3599 = DIRECTION('',(1.,0.));
#3600 = ( GEOMETRIC_REPRESENTATION_CONTEXT(2) 
PARAMETRIC_REPRESENTATION_CONTEXT() REPRESENTATION_CONTEXT('2D SPACE',''
  ) );
#3601 = ORIENTED_EDGE('',*,*,#1922,.T.);
#3602 = ORIENTED_EDGE('',*,*,#3603,.T.);
#3603 = EDGE_CURVE('',#1900,#898,#3604,.T.);
#3604 = SURFACE_CURVE('',#3605,(#3609,#3615),.PCURVE_S1.);
#3605 = LINE('',#3606,#3607);
#3606 = CARTESIAN_POINT('',(1.705,-10.4,3.5));
#3607 = VECTOR('',#3608,1.);
#3608 = DIRECTION('',(0.,0.,1.));
#3609 = PCURVE('',#940,#3610);
#3610 = DEFINITIONAL_REPRESENTATION('',(#3611),#3614);
#3611 = B_SPLINE_CURVE_WITH_KNOTS('',1,(#3612,#3613),.UNSPECIFIED.,.F.,
  .F.,(2,2),(3.5,4.6),.PIECEWISE_BEZIER_KNOTS.);
#3612 = CARTESIAN_POINT('',(7.,-0.15));
#3613 = CARTESIAN_POINT('',(8.1,-0.15));
#3614 = ( GEOMETRIC_REPRESENTATION_CONTEXT(2) 
PARAMETRIC_REPRESENTATION_CONTEXT() REPRESENTATION_CONTEXT('2D SPACE',''
  ) );
#3615 = PCURVE('',#913,#3616);
#3616 = DEFINITIONAL_REPRESENTATION('',(#3617),#3620);
#3617 = B_SPLINE_CURVE_WITH_KNOTS('',1,(#3618,#3619),.UNSPECIFIED.,.F.,
  .F.,(2,2),(3.5,4.6),.PIECEWISE_BEZIER_KNOTS.);
#3618 = CARTESIAN_POINT('',(-1.7763568394E-15,28.995));
#3619 = CARTESIAN_POINT('',(1.1,28.995));
#3620 = ( GEOMETRIC_REPRESENTATION_CONTEXT(2) 
PARAMETRIC_REPRESENTATION_CONTEXT() REPRESENTATION_CONTEXT('2D SPACE',''
  ) );
#3621 = ORIENTED_EDGE('',*,*,#925,.F.);
#3622 = ORIENTED_EDGE('',*,*,#3465,.T.);
#3623 = ADVANCED_FACE('',(#3624),#913,.F.);
#3624 = FACE_BOUND('',#3625,.F.);
#3625 = EDGE_LOOP('',(#3626,#3627,#3646,#3647));
#3626 = ORIENTED_EDGE('',*,*,#1899,.F.);
#3627 = ORIENTED_EDGE('',*,*,#3628,.T.);
#3628 = EDGE_CURVE('',#1879,#872,#3629,.T.);
#3629 = SURFACE_CURVE('',#3630,(#3634,#3640),.PCURVE_S1.);
#3630 = LINE('',#3631,#3632);
#3631 = CARTESIAN_POINT('',(0.835,-10.4,3.5));
#3632 = VECTOR('',#3633,1.);
#3633 = DIRECTION('',(0.,0.,1.));
#3634 = PCURVE('',#913,#3635);
#3635 = DEFINITIONAL_REPRESENTATION('',(#3636),#3639);
#3636 = B_SPLINE_CURVE_WITH_KNOTS('',1,(#3637,#3638),.UNSPECIFIED.,.F.,
  .F.,(2,2),(3.5,4.6),.PIECEWISE_BEZIER_KNOTS.);
#3637 = CARTESIAN_POINT('',(-1.7763568394E-15,28.125));
#3638 = CARTESIAN_POINT('',(1.1,28.125));
#3639 = ( GEOMETRIC_REPRESENTATION_CONTEXT(2) 
PARAMETRIC_REPRESENTATION_CONTEXT() REPRESENTATION_CONTEXT('2D SPACE',''
  ) );
#3640 = PCURVE('',#886,#3641);
#3641 = DEFINITIONAL_REPRESENTATION('',(#3642),#3645);
#3642 = B_SPLINE_CURVE_WITH_KNOTS('',1,(#3643,#3644),.UNSPECIFIED.,.F.,
  .F.,(2,2),(3.5,4.6),.PIECEWISE_BEZIER_KNOTS.);
#3643 = CARTESIAN_POINT('',(7.,-0.15));
#3644 = CARTESIAN_POINT('',(8.1,-0.15));
#3645 = ( GEOMETRIC_REPRESENTATION_CONTEXT(2) 
PARAMETRIC_REPRESENTATION_CONTEXT() REPRESENTATION_CONTEXT('2D SPACE',''
  ) );
#3646 = ORIENTED_EDGE('',*,*,#897,.T.);
#3647 = ORIENTED_EDGE('',*,*,#3603,.F.);
#3648 = ADVANCED_FACE('',(#3649),#886,.T.);
#3649 = FACE_BOUND('',#3650,.T.);
#3650 = EDGE_LOOP('',(#3651,#3681,#3709,#3737,#3758,#3759,#3760,#3761));
#3651 = ORIENTED_EDGE('',*,*,#3652,.F.);
#3652 = EDGE_CURVE('',#3653,#3655,#3657,.T.);
#3653 = VERTEX_POINT('',#3654);
#3654 = CARTESIAN_POINT('',(0.835,-10.55,10.));
#3655 = VERTEX_POINT('',#3656);
#3656 = CARTESIAN_POINT('',(0.835,-10.25,10.));
#3657 = SURFACE_CURVE('',#3658,(#3662,#3669),.PCURVE_S1.);
#3658 = LINE('',#3659,#3660);
#3659 = CARTESIAN_POINT('',(0.835,-10.55,10.));
#3660 = VECTOR('',#3661,1.);
#3661 = DIRECTION('',(0.,1.,0.));
#3662 = PCURVE('',#886,#3663);
#3663 = DEFINITIONAL_REPRESENTATION('',(#3664),#3668);
#3664 = LINE('',#3665,#3666);
#3665 = CARTESIAN_POINT('',(10.,0.));
#3666 = VECTOR('',#3667,1.);
#3667 = DIRECTION('',(0.,-1.));
#3668 = ( GEOMETRIC_REPRESENTATION_CONTEXT(2) 
PARAMETRIC_REPRESENTATION_CONTEXT() REPRESENTATION_CONTEXT('2D SPACE',''
  ) );
#3669 = PCURVE('',#3670,#3675);
#3670 = PLANE('',#3671);
#3671 = AXIS2_PLACEMENT_3D('',#3672,#3673,#3674);
#3672 = CARTESIAN_POINT('',(0.435,-10.55,10.));
#3673 = DIRECTION('',(0.,0.,1.));
#3674 = DIRECTION('',(1.,0.,0.));
#3675 = DEFINITIONAL_REPRESENTATION('',(#3676),#3680);
#3676 = LINE('',#3677,#3678);
#3677 = CARTESIAN_POINT('',(0.4,0.));
#3678 = VECTOR('',#3679,1.);
#3679 = DIRECTION('',(0.,1.));
#3680 = ( GEOMETRIC_REPRESENTATION_CONTEXT(2) 
PARAMETRIC_REPRESENTATION_CONTEXT() REPRESENTATION_CONTEXT('2D SPACE',''
  ) );
#3681 = ORIENTED_EDGE('',*,*,#3682,.F.);
#3682 = EDGE_CURVE('',#3683,#3653,#3685,.T.);
#3683 = VERTEX_POINT('',#3684);
#3684 = CARTESIAN_POINT('',(0.835,-10.55,0.));
#3685 = SURFACE_CURVE('',#3686,(#3690,#3697),.PCURVE_S1.);
#3686 = LINE('',#3687,#3688);
#3687 = CARTESIAN_POINT('',(0.835,-10.55,0.));
#3688 = VECTOR('',#3689,1.);
#3689 = DIRECTION('',(0.,0.,1.));
#3690 = PCURVE('',#886,#3691);
#3691 = DEFINITIONAL_REPRESENTATION('',(#3692),#3696);
#3692 = LINE('',#3693,#3694);
#3693 = CARTESIAN_POINT('',(0.,0.));
#3694 = VECTOR('',#3695,1.);
#3695 = DIRECTION('',(1.,0.));
#3696 = ( GEOMETRIC_REPRESENTATION_CONTEXT(2) 
PARAMETRIC_REPRESENTATION_CONTEXT() REPRESENTATION_CONTEXT('2D SPACE',''
  ) );
#3697 = PCURVE('',#3698,#3703);
#3698 = PLANE('',#3699);
#3699 = AXIS2_PLACEMENT_3D('',#3700,#3701,#3702);
#3700 = CARTESIAN_POINT('',(0.435,-10.55,0.));
#3701 = DIRECTION('',(0.,1.,0.));
#3702 = DIRECTION('',(0.,0.,1.));
#3703 = DEFINITIONAL_REPRESENTATION('',(#3704),#3708);
#3704 = LINE('',#3705,#3706);
#3705 = CARTESIAN_POINT('',(0.,0.4));
#3706 = VECTOR('',#3707,1.);
#3707 = DIRECTION('',(1.,0.));
#3708 = ( GEOMETRIC_REPRESENTATION_CONTEXT(2) 
PARAMETRIC_REPRESENTATION_CONTEXT() REPRESENTATION_CONTEXT('2D SPACE',''
  ) );
#3709 = ORIENTED_EDGE('',*,*,#3710,.T.);
#3710 = EDGE_CURVE('',#3683,#3711,#3713,.T.);
#3711 = VERTEX_POINT('',#3712);
#3712 = CARTESIAN_POINT('',(0.835,-10.25,0.));
#3713 = SURFACE_CURVE('',#3714,(#3718,#3725),.PCURVE_S1.);
#3714 = LINE('',#3715,#3716);
#3715 = CARTESIAN_POINT('',(0.835,-10.55,0.));
#3716 = VECTOR('',#3717,1.);
#3717 = DIRECTION('',(0.,1.,0.));
#3718 = PCURVE('',#886,#3719);
#3719 = DEFINITIONAL_REPRESENTATION('',(#3720),#3724);
#3720 = LINE('',#3721,#3722);
#3721 = CARTESIAN_POINT('',(0.,0.));
#3722 = VECTOR('',#3723,1.);
#3723 = DIRECTION('',(0.,-1.));
#3724 = ( GEOMETRIC_REPRESENTATION_CONTEXT(2) 
PARAMETRIC_REPRESENTATION_CONTEXT() REPRESENTATION_CONTEXT('2D SPACE',''
  ) );
#3725 = PCURVE('',#3726,#3731);
#3726 = PLANE('',#3727);
#3727 = AXIS2_PLACEMENT_3D('',#3728,#3729,#3730);
#3728 = CARTESIAN_POINT('',(0.435,-10.55,0.));
#3729 = DIRECTION('',(0.,0.,1.));
#3730 = DIRECTION('',(1.,0.,0.));
#3731 = DEFINITIONAL_REPRESENTATION('',(#3732),#3736);
#3732 = LINE('',#3733,#3734);
#3733 = CARTESIAN_POINT('',(0.4,0.));
#3734 = VECTOR('',#3735,1.);
#3735 = DIRECTION('',(0.,1.));
#3736 = ( GEOMETRIC_REPRESENTATION_CONTEXT(2) 
PARAMETRIC_REPRESENTATION_CONTEXT() REPRESENTATION_CONTEXT('2D SPACE',''
  ) );
#3737 = ORIENTED_EDGE('',*,*,#3738,.T.);
#3738 = EDGE_CURVE('',#3711,#1853,#3739,.T.);
#3739 = SURFACE_CURVE('',#3740,(#3744,#3751),.PCURVE_S1.);
#3740 = LINE('',#3741,#3742);
#3741 = CARTESIAN_POINT('',(0.835,-10.25,0.));
#3742 = VECTOR('',#3743,1.);
#3743 = DIRECTION('',(0.,0.,1.));
#3744 = PCURVE('',#886,#3745);
#3745 = DEFINITIONAL_REPRESENTATION('',(#3746),#3750);
#3746 = LINE('',#3747,#3748);
#3747 = CARTESIAN_POINT('',(0.,-0.3));
#3748 = VECTOR('',#3749,1.);
#3749 = DIRECTION('',(1.,0.));
#3750 = ( GEOMETRIC_REPRESENTATION_CONTEXT(2) 
PARAMETRIC_REPRESENTATION_CONTEXT() REPRESENTATION_CONTEXT('2D SPACE',''
  ) );
#3751 = PCURVE('',#1867,#3752);
#3752 = DEFINITIONAL_REPRESENTATION('',(#3753),#3757);
#3753 = LINE('',#3754,#3755);
#3754 = CARTESIAN_POINT('',(0.,0.4));
#3755 = VECTOR('',#3756,1.);
#3756 = DIRECTION('',(1.,0.));
#3757 = ( GEOMETRIC_REPRESENTATION_CONTEXT(2) 
PARAMETRIC_REPRESENTATION_CONTEXT() REPRESENTATION_CONTEXT('2D SPACE',''
  ) );
#3758 = ORIENTED_EDGE('',*,*,#1878,.T.);
#3759 = ORIENTED_EDGE('',*,*,#3628,.T.);
#3760 = ORIENTED_EDGE('',*,*,#871,.F.);
#3761 = ORIENTED_EDGE('',*,*,#3762,.T.);
#3762 = EDGE_CURVE('',#846,#3655,#3763,.T.);
#3763 = SURFACE_CURVE('',#3764,(#3768,#3775),.PCURVE_S1.);
#3764 = LINE('',#3765,#3766);
#3765 = CARTESIAN_POINT('',(0.835,-10.25,0.));
#3766 = VECTOR('',#3767,1.);
#3767 = DIRECTION('',(0.,0.,1.));
#3768 = PCURVE('',#886,#3769);
#3769 = DEFINITIONAL_REPRESENTATION('',(#3770),#3774);
#3770 = LINE('',#3771,#3772);
#3771 = CARTESIAN_POINT('',(0.,-0.3));
#3772 = VECTOR('',#3773,1.);
#3773 = DIRECTION('',(1.,0.));
#3774 = ( GEOMETRIC_REPRESENTATION_CONTEXT(2) 
PARAMETRIC_REPRESENTATION_CONTEXT() REPRESENTATION_CONTEXT('2D SPACE',''
  ) );
#3775 = PCURVE('',#860,#3776);
#3776 = DEFINITIONAL_REPRESENTATION('',(#3777),#3781);
#3777 = LINE('',#3778,#3779);
#3778 = CARTESIAN_POINT('',(0.,0.4));
#3779 = VECTOR('',#3780,1.);
#3780 = DIRECTION('',(1.,0.));
#3781 = ( GEOMETRIC_REPRESENTATION_CONTEXT(2) 
PARAMETRIC_REPRESENTATION_CONTEXT() REPRESENTATION_CONTEXT('2D SPACE',''
  ) );
#3782 = ADVANCED_FACE('',(#3783),#860,.T.);
#3783 = FACE_BOUND('',#3784,.T.);
#3784 = EDGE_LOOP('',(#3785,#3786,#3787,#3810));
#3785 = ORIENTED_EDGE('',*,*,#3762,.F.);
#3786 = ORIENTED_EDGE('',*,*,#845,.F.);
#3787 = ORIENTED_EDGE('',*,*,#3788,.T.);
#3788 = EDGE_CURVE('',#820,#3789,#3791,.T.);
#3789 = VERTEX_POINT('',#3790);
#3790 = CARTESIAN_POINT('',(0.435,-10.25,10.));
#3791 = SURFACE_CURVE('',#3792,(#3796,#3803),.PCURVE_S1.);
#3792 = LINE('',#3793,#3794);
#3793 = CARTESIAN_POINT('',(0.435,-10.25,0.));
#3794 = VECTOR('',#3795,1.);
#3795 = DIRECTION('',(0.,0.,1.));
#3796 = PCURVE('',#860,#3797);
#3797 = DEFINITIONAL_REPRESENTATION('',(#3798),#3802);
#3798 = LINE('',#3799,#3800);
#3799 = CARTESIAN_POINT('',(0.,0.));
#3800 = VECTOR('',#3801,1.);
#3801 = DIRECTION('',(1.,0.));
#3802 = ( GEOMETRIC_REPRESENTATION_CONTEXT(2) 
PARAMETRIC_REPRESENTATION_CONTEXT() REPRESENTATION_CONTEXT('2D SPACE',''
  ) );
#3803 = PCURVE('',#834,#3804);
#3804 = DEFINITIONAL_REPRESENTATION('',(#3805),#3809);
#3805 = LINE('',#3806,#3807);
#3806 = CARTESIAN_POINT('',(0.,-0.3));
#3807 = VECTOR('',#3808,1.);
#3808 = DIRECTION('',(1.,0.));
#3809 = ( GEOMETRIC_REPRESENTATION_CONTEXT(2) 
PARAMETRIC_REPRESENTATION_CONTEXT() REPRESENTATION_CONTEXT('2D SPACE',''
  ) );
#3810 = ORIENTED_EDGE('',*,*,#3811,.T.);
#3811 = EDGE_CURVE('',#3789,#3655,#3812,.T.);
#3812 = SURFACE_CURVE('',#3813,(#3817,#3824),.PCURVE_S1.);
#3813 = LINE('',#3814,#3815);
#3814 = CARTESIAN_POINT('',(0.435,-10.25,10.));
#3815 = VECTOR('',#3816,1.);
#3816 = DIRECTION('',(1.,0.,0.));
#3817 = PCURVE('',#860,#3818);
#3818 = DEFINITIONAL_REPRESENTATION('',(#3819),#3823);
#3819 = LINE('',#3820,#3821);
#3820 = CARTESIAN_POINT('',(10.,0.));
#3821 = VECTOR('',#3822,1.);
#3822 = DIRECTION('',(0.,1.));
#3823 = ( GEOMETRIC_REPRESENTATION_CONTEXT(2) 
PARAMETRIC_REPRESENTATION_CONTEXT() REPRESENTATION_CONTEXT('2D SPACE',''
  ) );
#3824 = PCURVE('',#3670,#3825);
#3825 = DEFINITIONAL_REPRESENTATION('',(#3826),#3830);
#3826 = LINE('',#3827,#3828);
#3827 = CARTESIAN_POINT('',(0.,0.3));
#3828 = VECTOR('',#3829,1.);
#3829 = DIRECTION('',(1.,0.));
#3830 = ( GEOMETRIC_REPRESENTATION_CONTEXT(2) 
PARAMETRIC_REPRESENTATION_CONTEXT() REPRESENTATION_CONTEXT('2D SPACE',''
  ) );
#3831 = ADVANCED_FACE('',(#3832),#834,.F.);
#3832 = FACE_BOUND('',#3833,.F.);
#3833 = EDGE_LOOP('',(#3834,#3857,#3880,#3903,#3924,#3925,#3944,#3945));
#3834 = ORIENTED_EDGE('',*,*,#3835,.F.);
#3835 = EDGE_CURVE('',#3836,#3789,#3838,.T.);
#3836 = VERTEX_POINT('',#3837);
#3837 = CARTESIAN_POINT('',(0.435,-10.55,10.));
#3838 = SURFACE_CURVE('',#3839,(#3843,#3850),.PCURVE_S1.);
#3839 = LINE('',#3840,#3841);
#3840 = CARTESIAN_POINT('',(0.435,-10.55,10.));
#3841 = VECTOR('',#3842,1.);
#3842 = DIRECTION('',(0.,1.,0.));
#3843 = PCURVE('',#834,#3844);
#3844 = DEFINITIONAL_REPRESENTATION('',(#3845),#3849);
#3845 = LINE('',#3846,#3847);
#3846 = CARTESIAN_POINT('',(10.,0.));
#3847 = VECTOR('',#3848,1.);
#3848 = DIRECTION('',(0.,-1.));
#3849 = ( GEOMETRIC_REPRESENTATION_CONTEXT(2) 
PARAMETRIC_REPRESENTATION_CONTEXT() REPRESENTATION_CONTEXT('2D SPACE',''
  ) );
#3850 = PCURVE('',#3670,#3851);
#3851 = DEFINITIONAL_REPRESENTATION('',(#3852),#3856);
#3852 = LINE('',#3853,#3854);
#3853 = CARTESIAN_POINT('',(0.,0.));
#3854 = VECTOR('',#3855,1.);
#3855 = DIRECTION('',(0.,1.));
#3856 = ( GEOMETRIC_REPRESENTATION_CONTEXT(2) 
PARAMETRIC_REPRESENTATION_CONTEXT() REPRESENTATION_CONTEXT('2D SPACE',''
  ) );
#3857 = ORIENTED_EDGE('',*,*,#3858,.F.);
#3858 = EDGE_CURVE('',#3859,#3836,#3861,.T.);
#3859 = VERTEX_POINT('',#3860);
#3860 = CARTESIAN_POINT('',(0.435,-10.55,0.));
#3861 = SURFACE_CURVE('',#3862,(#3866,#3873),.PCURVE_S1.);
#3862 = LINE('',#3863,#3864);
#3863 = CARTESIAN_POINT('',(0.435,-10.55,0.));
#3864 = VECTOR('',#3865,1.);
#3865 = DIRECTION('',(0.,0.,1.));
#3866 = PCURVE('',#834,#3867);
#3867 = DEFINITIONAL_REPRESENTATION('',(#3868),#3872);
#3868 = LINE('',#3869,#3870);
#3869 = CARTESIAN_POINT('',(0.,0.));
#3870 = VECTOR('',#3871,1.);
#3871 = DIRECTION('',(1.,0.));
#3872 = ( GEOMETRIC_REPRESENTATION_CONTEXT(2) 
PARAMETRIC_REPRESENTATION_CONTEXT() REPRESENTATION_CONTEXT('2D SPACE',''
  ) );
#3873 = PCURVE('',#3698,#3874);
#3874 = DEFINITIONAL_REPRESENTATION('',(#3875),#3879);
#3875 = LINE('',#3876,#3877);
#3876 = CARTESIAN_POINT('',(0.,0.));
#3877 = VECTOR('',#3878,1.);
#3878 = DIRECTION('',(1.,0.));
#3879 = ( GEOMETRIC_REPRESENTATION_CONTEXT(2) 
PARAMETRIC_REPRESENTATION_CONTEXT() REPRESENTATION_CONTEXT('2D SPACE',''
  ) );
#3880 = ORIENTED_EDGE('',*,*,#3881,.T.);
#3881 = EDGE_CURVE('',#3859,#3882,#3884,.T.);
#3882 = VERTEX_POINT('',#3883);
#3883 = CARTESIAN_POINT('',(0.435,-10.25,0.));
#3884 = SURFACE_CURVE('',#3885,(#3889,#3896),.PCURVE_S1.);
#3885 = LINE('',#3886,#3887);
#3886 = CARTESIAN_POINT('',(0.435,-10.55,0.));
#3887 = VECTOR('',#3888,1.);
#3888 = DIRECTION('',(0.,1.,0.));
#3889 = PCURVE('',#834,#3890);
#3890 = DEFINITIONAL_REPRESENTATION('',(#3891),#3895);
#3891 = LINE('',#3892,#3893);
#3892 = CARTESIAN_POINT('',(0.,0.));
#3893 = VECTOR('',#3894,1.);
#3894 = DIRECTION('',(0.,-1.));
#3895 = ( GEOMETRIC_REPRESENTATION_CONTEXT(2) 
PARAMETRIC_REPRESENTATION_CONTEXT() REPRESENTATION_CONTEXT('2D SPACE',''
  ) );
#3896 = PCURVE('',#3726,#3897);
#3897 = DEFINITIONAL_REPRESENTATION('',(#3898),#3902);
#3898 = LINE('',#3899,#3900);
#3899 = CARTESIAN_POINT('',(0.,0.));
#3900 = VECTOR('',#3901,1.);
#3901 = DIRECTION('',(0.,1.));
#3902 = ( GEOMETRIC_REPRESENTATION_CONTEXT(2) 
PARAMETRIC_REPRESENTATION_CONTEXT() REPRESENTATION_CONTEXT('2D SPACE',''
  ) );
#3903 = ORIENTED_EDGE('',*,*,#3904,.T.);
#3904 = EDGE_CURVE('',#3882,#1832,#3905,.T.);
#3905 = SURFACE_CURVE('',#3906,(#3910,#3917),.PCURVE_S1.);
#3906 = LINE('',#3907,#3908);
#3907 = CARTESIAN_POINT('',(0.435,-10.25,0.));
#3908 = VECTOR('',#3909,1.);
#3909 = DIRECTION('',(0.,0.,1.));
#3910 = PCURVE('',#834,#3911);
#3911 = DEFINITIONAL_REPRESENTATION('',(#3912),#3916);
#3912 = LINE('',#3913,#3914);
#3913 = CARTESIAN_POINT('',(0.,-0.3));
#3914 = VECTOR('',#3915,1.);
#3915 = DIRECTION('',(1.,0.));
#3916 = ( GEOMETRIC_REPRESENTATION_CONTEXT(2) 
PARAMETRIC_REPRESENTATION_CONTEXT() REPRESENTATION_CONTEXT('2D SPACE',''
  ) );
#3917 = PCURVE('',#1867,#3918);
#3918 = DEFINITIONAL_REPRESENTATION('',(#3919),#3923);
#3919 = LINE('',#3920,#3921);
#3920 = CARTESIAN_POINT('',(0.,0.));
#3921 = VECTOR('',#3922,1.);
#3922 = DIRECTION('',(1.,0.));
#3923 = ( GEOMETRIC_REPRESENTATION_CONTEXT(2) 
PARAMETRIC_REPRESENTATION_CONTEXT() REPRESENTATION_CONTEXT('2D SPACE',''
  ) );
#3924 = ORIENTED_EDGE('',*,*,#1831,.T.);
#3925 = ORIENTED_EDGE('',*,*,#3926,.T.);
#3926 = EDGE_CURVE('',#1809,#792,#3927,.T.);
#3927 = SURFACE_CURVE('',#3928,(#3932,#3938),.PCURVE_S1.);
#3928 = LINE('',#3929,#3930);
#3929 = CARTESIAN_POINT('',(0.435,-10.4,3.5));
#3930 = VECTOR('',#3931,1.);
#3931 = DIRECTION('',(0.,0.,1.));
#3932 = PCURVE('',#834,#3933);
#3933 = DEFINITIONAL_REPRESENTATION('',(#3934),#3937);
#3934 = B_SPLINE_CURVE_WITH_KNOTS('',1,(#3935,#3936),.UNSPECIFIED.,.F.,
  .F.,(2,2),(3.5,4.6),.PIECEWISE_BEZIER_KNOTS.);
#3935 = CARTESIAN_POINT('',(7.,-0.15));
#3936 = CARTESIAN_POINT('',(8.1,-0.15));
#3937 = ( GEOMETRIC_REPRESENTATION_CONTEXT(2) 
PARAMETRIC_REPRESENTATION_CONTEXT() REPRESENTATION_CONTEXT('2D SPACE',''
  ) );
#3938 = PCURVE('',#807,#3939);
#3939 = DEFINITIONAL_REPRESENTATION('',(#3940),#3943);
#3940 = B_SPLINE_CURVE_WITH_KNOTS('',1,(#3941,#3942),.UNSPECIFIED.,.F.,
  .F.,(2,2),(3.5,4.6),.PIECEWISE_BEZIER_KNOTS.);
#3941 = CARTESIAN_POINT('',(-1.7763568394E-15,27.725));
#3942 = CARTESIAN_POINT('',(1.1,27.725));
#3943 = ( GEOMETRIC_REPRESENTATION_CONTEXT(2) 
PARAMETRIC_REPRESENTATION_CONTEXT() REPRESENTATION_CONTEXT('2D SPACE',''
  ) );
#3944 = ORIENTED_EDGE('',*,*,#819,.F.);
#3945 = ORIENTED_EDGE('',*,*,#3788,.T.);
#3946 = ADVANCED_FACE('',(#3947),#807,.F.);
#3947 = FACE_BOUND('',#3948,.F.);
#3948 = EDGE_LOOP('',(#3949,#3950,#3969,#3970));
#3949 = ORIENTED_EDGE('',*,*,#1808,.F.);
#3950 = ORIENTED_EDGE('',*,*,#3951,.T.);
#3951 = EDGE_CURVE('',#1788,#766,#3952,.T.);
#3952 = SURFACE_CURVE('',#3953,(#3957,#3963),.PCURVE_S1.);
#3953 = LINE('',#3954,#3955);
#3954 = CARTESIAN_POINT('',(-0.435,-10.4,3.5));
#3955 = VECTOR('',#3956,1.);
#3956 = DIRECTION('',(0.,0.,1.));
#3957 = PCURVE('',#807,#3958);
#3958 = DEFINITIONAL_REPRESENTATION('',(#3959),#3962);
#3959 = B_SPLINE_CURVE_WITH_KNOTS('',1,(#3960,#3961),.UNSPECIFIED.,.F.,
  .F.,(2,2),(3.5,4.6),.PIECEWISE_BEZIER_KNOTS.);
#3960 = CARTESIAN_POINT('',(-1.7763568394E-15,26.855));
#3961 = CARTESIAN_POINT('',(1.1,26.855));
#3962 = ( GEOMETRIC_REPRESENTATION_CONTEXT(2) 
PARAMETRIC_REPRESENTATION_CONTEXT() REPRESENTATION_CONTEXT('2D SPACE',''
  ) );
#3963 = PCURVE('',#780,#3964);
#3964 = DEFINITIONAL_REPRESENTATION('',(#3965),#3968);
#3965 = B_SPLINE_CURVE_WITH_KNOTS('',1,(#3966,#3967),.UNSPECIFIED.,.F.,
  .F.,(2,2),(3.5,4.6),.PIECEWISE_BEZIER_KNOTS.);
#3966 = CARTESIAN_POINT('',(7.,-0.15));
#3967 = CARTESIAN_POINT('',(8.1,-0.15));
#3968 = ( GEOMETRIC_REPRESENTATION_CONTEXT(2) 
PARAMETRIC_REPRESENTATION_CONTEXT() REPRESENTATION_CONTEXT('2D SPACE',''
  ) );
#3969 = ORIENTED_EDGE('',*,*,#791,.T.);
#3970 = ORIENTED_EDGE('',*,*,#3926,.F.);
#3971 = ADVANCED_FACE('',(#3972),#780,.T.);
#3972 = FACE_BOUND('',#3973,.T.);
#3973 = EDGE_LOOP('',(#3974,#4004,#4032,#4060,#4081,#4082,#4083,#4084));
#3974 = ORIENTED_EDGE('',*,*,#3975,.F.);
#3975 = EDGE_CURVE('',#3976,#3978,#3980,.T.);
#3976 = VERTEX_POINT('',#3977);
#3977 = CARTESIAN_POINT('',(-0.435,-10.55,10.));
#3978 = VERTEX_POINT('',#3979);
#3979 = CARTESIAN_POINT('',(-0.435,-10.25,10.));
#3980 = SURFACE_CURVE('',#3981,(#3985,#3992),.PCURVE_S1.);
#3981 = LINE('',#3982,#3983);
#3982 = CARTESIAN_POINT('',(-0.435,-10.55,10.));
#3983 = VECTOR('',#3984,1.);
#3984 = DIRECTION('',(0.,1.,0.));
#3985 = PCURVE('',#780,#3986);
#3986 = DEFINITIONAL_REPRESENTATION('',(#3987),#3991);
#3987 = LINE('',#3988,#3989);
#3988 = CARTESIAN_POINT('',(10.,0.));
#3989 = VECTOR('',#3990,1.);
#3990 = DIRECTION('',(0.,-1.));
#3991 = ( GEOMETRIC_REPRESENTATION_CONTEXT(2) 
PARAMETRIC_REPRESENTATION_CONTEXT() REPRESENTATION_CONTEXT('2D SPACE',''
  ) );
#3992 = PCURVE('',#3993,#3998);
#3993 = PLANE('',#3994);
#3994 = AXIS2_PLACEMENT_3D('',#3995,#3996,#3997);
#3995 = CARTESIAN_POINT('',(-0.835,-10.55,10.));
#3996 = DIRECTION('',(0.,0.,1.));
#3997 = DIRECTION('',(1.,0.,0.));
#3998 = DEFINITIONAL_REPRESENTATION('',(#3999),#4003);
#3999 = LINE('',#4000,#4001);
#4000 = CARTESIAN_POINT('',(0.4,0.));
#4001 = VECTOR('',#4002,1.);
#4002 = DIRECTION('',(0.,1.));
#4003 = ( GEOMETRIC_REPRESENTATION_CONTEXT(2) 
PARAMETRIC_REPRESENTATION_CONTEXT() REPRESENTATION_CONTEXT('2D SPACE',''
  ) );
#4004 = ORIENTED_EDGE('',*,*,#4005,.F.);
#4005 = EDGE_CURVE('',#4006,#3976,#4008,.T.);
#4006 = VERTEX_POINT('',#4007);
#4007 = CARTESIAN_POINT('',(-0.435,-10.55,0.));
#4008 = SURFACE_CURVE('',#4009,(#4013,#4020),.PCURVE_S1.);
#4009 = LINE('',#4010,#4011);
#4010 = CARTESIAN_POINT('',(-0.435,-10.55,0.));
#4011 = VECTOR('',#4012,1.);
#4012 = DIRECTION('',(0.,0.,1.));
#4013 = PCURVE('',#780,#4014);
#4014 = DEFINITIONAL_REPRESENTATION('',(#4015),#4019);
#4015 = LINE('',#4016,#4017);
#4016 = CARTESIAN_POINT('',(0.,0.));
#4017 = VECTOR('',#4018,1.);
#4018 = DIRECTION('',(1.,0.));
#4019 = ( GEOMETRIC_REPRESENTATION_CONTEXT(2) 
PARAMETRIC_REPRESENTATION_CONTEXT() REPRESENTATION_CONTEXT('2D SPACE',''
  ) );
#4020 = PCURVE('',#4021,#4026);
#4021 = PLANE('',#4022);
#4022 = AXIS2_PLACEMENT_3D('',#4023,#4024,#4025);
#4023 = CARTESIAN_POINT('',(-0.835,-10.55,0.));
#4024 = DIRECTION('',(0.,1.,0.));
#4025 = DIRECTION('',(0.,0.,1.));
#4026 = DEFINITIONAL_REPRESENTATION('',(#4027),#4031);
#4027 = LINE('',#4028,#4029);
#4028 = CARTESIAN_POINT('',(0.,0.4));
#4029 = VECTOR('',#4030,1.);
#4030 = DIRECTION('',(1.,0.));
#4031 = ( GEOMETRIC_REPRESENTATION_CONTEXT(2) 
PARAMETRIC_REPRESENTATION_CONTEXT() REPRESENTATION_CONTEXT('2D SPACE',''
  ) );
#4032 = ORIENTED_EDGE('',*,*,#4033,.T.);
#4033 = EDGE_CURVE('',#4006,#4034,#4036,.T.);
#4034 = VERTEX_POINT('',#4035);
#4035 = CARTESIAN_POINT('',(-0.435,-10.25,0.));
#4036 = SURFACE_CURVE('',#4037,(#4041,#4048),.PCURVE_S1.);
#4037 = LINE('',#4038,#4039);
#4038 = CARTESIAN_POINT('',(-0.435,-10.55,0.));
#4039 = VECTOR('',#4040,1.);
#4040 = DIRECTION('',(0.,1.,0.));
#4041 = PCURVE('',#780,#4042);
#4042 = DEFINITIONAL_REPRESENTATION('',(#4043),#4047);
#4043 = LINE('',#4044,#4045);
#4044 = CARTESIAN_POINT('',(0.,0.));
#4045 = VECTOR('',#4046,1.);
#4046 = DIRECTION('',(0.,-1.));
#4047 = ( GEOMETRIC_REPRESENTATION_CONTEXT(2) 
PARAMETRIC_REPRESENTATION_CONTEXT() REPRESENTATION_CONTEXT('2D SPACE',''
  ) );
#4048 = PCURVE('',#4049,#4054);
#4049 = PLANE('',#4050);
#4050 = AXIS2_PLACEMENT_3D('',#4051,#4052,#4053);
#4051 = CARTESIAN_POINT('',(-0.835,-10.55,0.));
#4052 = DIRECTION('',(0.,0.,1.));
#4053 = DIRECTION('',(1.,0.,0.));
#4054 = DEFINITIONAL_REPRESENTATION('',(#4055),#4059);
#4055 = LINE('',#4056,#4057);
#4056 = CARTESIAN_POINT('',(0.4,0.));
#4057 = VECTOR('',#4058,1.);
#4058 = DIRECTION('',(0.,1.));
#4059 = ( GEOMETRIC_REPRESENTATION_CONTEXT(2) 
PARAMETRIC_REPRESENTATION_CONTEXT() REPRESENTATION_CONTEXT('2D SPACE',''
  ) );
#4060 = ORIENTED_EDGE('',*,*,#4061,.T.);
#4061 = EDGE_CURVE('',#4034,#1762,#4062,.T.);
#4062 = SURFACE_CURVE('',#4063,(#4067,#4074),.PCURVE_S1.);
#4063 = LINE('',#4064,#4065);
#4064 = CARTESIAN_POINT('',(-0.435,-10.25,0.));
#4065 = VECTOR('',#4066,1.);
#4066 = DIRECTION('',(0.,0.,1.));
#4067 = PCURVE('',#780,#4068);
#4068 = DEFINITIONAL_REPRESENTATION('',(#4069),#4073);
#4069 = LINE('',#4070,#4071);
#4070 = CARTESIAN_POINT('',(0.,-0.3));
#4071 = VECTOR('',#4072,1.);
#4072 = DIRECTION('',(1.,0.));
#4073 = ( GEOMETRIC_REPRESENTATION_CONTEXT(2) 
PARAMETRIC_REPRESENTATION_CONTEXT() REPRESENTATION_CONTEXT('2D SPACE',''
  ) );
#4074 = PCURVE('',#1776,#4075);
#4075 = DEFINITIONAL_REPRESENTATION('',(#4076),#4080);
#4076 = LINE('',#4077,#4078);
#4077 = CARTESIAN_POINT('',(0.,0.4));
#4078 = VECTOR('',#4079,1.);
#4079 = DIRECTION('',(1.,0.));
#4080 = ( GEOMETRIC_REPRESENTATION_CONTEXT(2) 
PARAMETRIC_REPRESENTATION_CONTEXT() REPRESENTATION_CONTEXT('2D SPACE',''
  ) );
#4081 = ORIENTED_EDGE('',*,*,#1787,.T.);
#4082 = ORIENTED_EDGE('',*,*,#3951,.T.);
#4083 = ORIENTED_EDGE('',*,*,#765,.F.);
#4084 = ORIENTED_EDGE('',*,*,#4085,.T.);
#4085 = EDGE_CURVE('',#740,#3978,#4086,.T.);
#4086 = SURFACE_CURVE('',#4087,(#4091,#4098),.PCURVE_S1.);
#4087 = LINE('',#4088,#4089);
#4088 = CARTESIAN_POINT('',(-0.435,-10.25,0.));
#4089 = VECTOR('',#4090,1.);
#4090 = DIRECTION('',(0.,0.,1.));
#4091 = PCURVE('',#780,#4092);
#4092 = DEFINITIONAL_REPRESENTATION('',(#4093),#4097);
#4093 = LINE('',#4094,#4095);
#4094 = CARTESIAN_POINT('',(0.,-0.3));
#4095 = VECTOR('',#4096,1.);
#4096 = DIRECTION('',(1.,0.));
#4097 = ( GEOMETRIC_REPRESENTATION_CONTEXT(2) 
PARAMETRIC_REPRESENTATION_CONTEXT() REPRESENTATION_CONTEXT('2D SPACE',''
  ) );
#4098 = PCURVE('',#754,#4099);
#4099 = DEFINITIONAL_REPRESENTATION('',(#4100),#4104);
#4100 = LINE('',#4101,#4102);
#4101 = CARTESIAN_POINT('',(0.,0.4));
#4102 = VECTOR('',#4103,1.);
#4103 = DIRECTION('',(1.,0.));
#4104 = ( GEOMETRIC_REPRESENTATION_CONTEXT(2) 
PARAMETRIC_REPRESENTATION_CONTEXT() REPRESENTATION_CONTEXT('2D SPACE',''
  ) );
#4105 = ADVANCED_FACE('',(#4106),#754,.T.);
#4106 = FACE_BOUND('',#4107,.T.);
#4107 = EDGE_LOOP('',(#4108,#4109,#4110,#4133));
#4108 = ORIENTED_EDGE('',*,*,#4085,.F.);
#4109 = ORIENTED_EDGE('',*,*,#739,.F.);
#4110 = ORIENTED_EDGE('',*,*,#4111,.T.);
#4111 = EDGE_CURVE('',#714,#4112,#4114,.T.);
#4112 = VERTEX_POINT('',#4113);
#4113 = CARTESIAN_POINT('',(-0.835,-10.25,10.));
#4114 = SURFACE_CURVE('',#4115,(#4119,#4126),.PCURVE_S1.);
#4115 = LINE('',#4116,#4117);
#4116 = CARTESIAN_POINT('',(-0.835,-10.25,0.));
#4117 = VECTOR('',#4118,1.);
#4118 = DIRECTION('',(0.,0.,1.));
#4119 = PCURVE('',#754,#4120);
#4120 = DEFINITIONAL_REPRESENTATION('',(#4121),#4125);
#4121 = LINE('',#4122,#4123);
#4122 = CARTESIAN_POINT('',(0.,0.));
#4123 = VECTOR('',#4124,1.);
#4124 = DIRECTION('',(1.,0.));
#4125 = ( GEOMETRIC_REPRESENTATION_CONTEXT(2) 
PARAMETRIC_REPRESENTATION_CONTEXT() REPRESENTATION_CONTEXT('2D SPACE',''
  ) );
#4126 = PCURVE('',#728,#4127);
#4127 = DEFINITIONAL_REPRESENTATION('',(#4128),#4132);
#4128 = LINE('',#4129,#4130);
#4129 = CARTESIAN_POINT('',(0.,-0.3));
#4130 = VECTOR('',#4131,1.);
#4131 = DIRECTION('',(1.,0.));
#4132 = ( GEOMETRIC_REPRESENTATION_CONTEXT(2) 
PARAMETRIC_REPRESENTATION_CONTEXT() REPRESENTATION_CONTEXT('2D SPACE',''
  ) );
#4133 = ORIENTED_EDGE('',*,*,#4134,.T.);
#4134 = EDGE_CURVE('',#4112,#3978,#4135,.T.);
#4135 = SURFACE_CURVE('',#4136,(#4140,#4147),.PCURVE_S1.);
#4136 = LINE('',#4137,#4138);
#4137 = CARTESIAN_POINT('',(-0.835,-10.25,10.));
#4138 = VECTOR('',#4139,1.);
#4139 = DIRECTION('',(1.,0.,0.));
#4140 = PCURVE('',#754,#4141);
#4141 = DEFINITIONAL_REPRESENTATION('',(#4142),#4146);
#4142 = LINE('',#4143,#4144);
#4143 = CARTESIAN_POINT('',(10.,0.));
#4144 = VECTOR('',#4145,1.);
#4145 = DIRECTION('',(0.,1.));
#4146 = ( GEOMETRIC_REPRESENTATION_CONTEXT(2) 
PARAMETRIC_REPRESENTATION_CONTEXT() REPRESENTATION_CONTEXT('2D SPACE',''
  ) );
#4147 = PCURVE('',#3993,#4148);
#4148 = DEFINITIONAL_REPRESENTATION('',(#4149),#4153);
#4149 = LINE('',#4150,#4151);
#4150 = CARTESIAN_POINT('',(0.,0.3));
#4151 = VECTOR('',#4152,1.);
#4152 = DIRECTION('',(1.,0.));
#4153 = ( GEOMETRIC_REPRESENTATION_CONTEXT(2) 
PARAMETRIC_REPRESENTATION_CONTEXT() REPRESENTATION_CONTEXT('2D SPACE',''
  ) );
#4154 = ADVANCED_FACE('',(#4155),#728,.F.);
#4155 = FACE_BOUND('',#4156,.F.);
#4156 = EDGE_LOOP('',(#4157,#4180,#4203,#4226,#4247,#4248,#4267,#4268));
#4157 = ORIENTED_EDGE('',*,*,#4158,.F.);
#4158 = EDGE_CURVE('',#4159,#4112,#4161,.T.);
#4159 = VERTEX_POINT('',#4160);
#4160 = CARTESIAN_POINT('',(-0.835,-10.55,10.));
#4161 = SURFACE_CURVE('',#4162,(#4166,#4173),.PCURVE_S1.);
#4162 = LINE('',#4163,#4164);
#4163 = CARTESIAN_POINT('',(-0.835,-10.55,10.));
#4164 = VECTOR('',#4165,1.);
#4165 = DIRECTION('',(0.,1.,0.));
#4166 = PCURVE('',#728,#4167);
#4167 = DEFINITIONAL_REPRESENTATION('',(#4168),#4172);
#4168 = LINE('',#4169,#4170);
#4169 = CARTESIAN_POINT('',(10.,0.));
#4170 = VECTOR('',#4171,1.);
#4171 = DIRECTION('',(0.,-1.));
#4172 = ( GEOMETRIC_REPRESENTATION_CONTEXT(2) 
PARAMETRIC_REPRESENTATION_CONTEXT() REPRESENTATION_CONTEXT('2D SPACE',''
  ) );
#4173 = PCURVE('',#3993,#4174);
#4174 = DEFINITIONAL_REPRESENTATION('',(#4175),#4179);
#4175 = LINE('',#4176,#4177);
#4176 = CARTESIAN_POINT('',(0.,0.));
#4177 = VECTOR('',#4178,1.);
#4178 = DIRECTION('',(0.,1.));
#4179 = ( GEOMETRIC_REPRESENTATION_CONTEXT(2) 
PARAMETRIC_REPRESENTATION_CONTEXT() REPRESENTATION_CONTEXT('2D SPACE',''
  ) );
#4180 = ORIENTED_EDGE('',*,*,#4181,.F.);
#4181 = EDGE_CURVE('',#4182,#4159,#4184,.T.);
#4182 = VERTEX_POINT('',#4183);
#4183 = CARTESIAN_POINT('',(-0.835,-10.55,0.));
#4184 = SURFACE_CURVE('',#4185,(#4189,#4196),.PCURVE_S1.);
#4185 = LINE('',#4186,#4187);
#4186 = CARTESIAN_POINT('',(-0.835,-10.55,0.));
#4187 = VECTOR('',#4188,1.);
#4188 = DIRECTION('',(0.,0.,1.));
#4189 = PCURVE('',#728,#4190);
#4190 = DEFINITIONAL_REPRESENTATION('',(#4191),#4195);
#4191 = LINE('',#4192,#4193);
#4192 = CARTESIAN_POINT('',(0.,0.));
#4193 = VECTOR('',#4194,1.);
#4194 = DIRECTION('',(1.,0.));
#4195 = ( GEOMETRIC_REPRESENTATION_CONTEXT(2) 
PARAMETRIC_REPRESENTATION_CONTEXT() REPRESENTATION_CONTEXT('2D SPACE',''
  ) );
#4196 = PCURVE('',#4021,#4197);
#4197 = DEFINITIONAL_REPRESENTATION('',(#4198),#4202);
#4198 = LINE('',#4199,#4200);
#4199 = CARTESIAN_POINT('',(0.,0.));
#4200 = VECTOR('',#4201,1.);
#4201 = DIRECTION('',(1.,0.));
#4202 = ( GEOMETRIC_REPRESENTATION_CONTEXT(2) 
PARAMETRIC_REPRESENTATION_CONTEXT() REPRESENTATION_CONTEXT('2D SPACE',''
  ) );
#4203 = ORIENTED_EDGE('',*,*,#4204,.T.);
#4204 = EDGE_CURVE('',#4182,#4205,#4207,.T.);
#4205 = VERTEX_POINT('',#4206);
#4206 = CARTESIAN_POINT('',(-0.835,-10.25,0.));
#4207 = SURFACE_CURVE('',#4208,(#4212,#4219),.PCURVE_S1.);
#4208 = LINE('',#4209,#4210);
#4209 = CARTESIAN_POINT('',(-0.835,-10.55,0.));
#4210 = VECTOR('',#4211,1.);
#4211 = DIRECTION('',(0.,1.,0.));
#4212 = PCURVE('',#728,#4213);
#4213 = DEFINITIONAL_REPRESENTATION('',(#4214),#4218);
#4214 = LINE('',#4215,#4216);
#4215 = CARTESIAN_POINT('',(0.,0.));
#4216 = VECTOR('',#4217,1.);
#4217 = DIRECTION('',(0.,-1.));
#4218 = ( GEOMETRIC_REPRESENTATION_CONTEXT(2) 
PARAMETRIC_REPRESENTATION_CONTEXT() REPRESENTATION_CONTEXT('2D SPACE',''
  ) );
#4219 = PCURVE('',#4049,#4220);
#4220 = DEFINITIONAL_REPRESENTATION('',(#4221),#4225);
#4221 = LINE('',#4222,#4223);
#4222 = CARTESIAN_POINT('',(0.,0.));
#4223 = VECTOR('',#4224,1.);
#4224 = DIRECTION('',(0.,1.));
#4225 = ( GEOMETRIC_REPRESENTATION_CONTEXT(2) 
PARAMETRIC_REPRESENTATION_CONTEXT() REPRESENTATION_CONTEXT('2D SPACE',''
  ) );
#4226 = ORIENTED_EDGE('',*,*,#4227,.T.);
#4227 = EDGE_CURVE('',#4205,#1741,#4228,.T.);
#4228 = SURFACE_CURVE('',#4229,(#4233,#4240),.PCURVE_S1.);
#4229 = LINE('',#4230,#4231);
#4230 = CARTESIAN_POINT('',(-0.835,-10.25,0.));
#4231 = VECTOR('',#4232,1.);
#4232 = DIRECTION('',(0.,0.,1.));
#4233 = PCURVE('',#728,#4234);
#4234 = DEFINITIONAL_REPRESENTATION('',(#4235),#4239);
#4235 = LINE('',#4236,#4237);
#4236 = CARTESIAN_POINT('',(0.,-0.3));
#4237 = VECTOR('',#4238,1.);
#4238 = DIRECTION('',(1.,0.));
#4239 = ( GEOMETRIC_REPRESENTATION_CONTEXT(2) 
PARAMETRIC_REPRESENTATION_CONTEXT() REPRESENTATION_CONTEXT('2D SPACE',''
  ) );
#4240 = PCURVE('',#1776,#4241);
#4241 = DEFINITIONAL_REPRESENTATION('',(#4242),#4246);
#4242 = LINE('',#4243,#4244);
#4243 = CARTESIAN_POINT('',(0.,0.));
#4244 = VECTOR('',#4245,1.);
#4245 = DIRECTION('',(1.,0.));
#4246 = ( GEOMETRIC_REPRESENTATION_CONTEXT(2) 
PARAMETRIC_REPRESENTATION_CONTEXT() REPRESENTATION_CONTEXT('2D SPACE',''
  ) );
#4247 = ORIENTED_EDGE('',*,*,#1740,.T.);
#4248 = ORIENTED_EDGE('',*,*,#4249,.T.);
#4249 = EDGE_CURVE('',#1718,#686,#4250,.T.);
#4250 = SURFACE_CURVE('',#4251,(#4255,#4261),.PCURVE_S1.);
#4251 = LINE('',#4252,#4253);
#4252 = CARTESIAN_POINT('',(-0.835,-10.4,3.5));
#4253 = VECTOR('',#4254,1.);
#4254 = DIRECTION('',(0.,0.,1.));
#4255 = PCURVE('',#728,#4256);
#4256 = DEFINITIONAL_REPRESENTATION('',(#4257),#4260);
#4257 = B_SPLINE_CURVE_WITH_KNOTS('',1,(#4258,#4259),.UNSPECIFIED.,.F.,
  .F.,(2,2),(3.5,4.6),.PIECEWISE_BEZIER_KNOTS.);
#4258 = CARTESIAN_POINT('',(7.,-0.15));
#4259 = CARTESIAN_POINT('',(8.1,-0.15));
#4260 = ( GEOMETRIC_REPRESENTATION_CONTEXT(2) 
PARAMETRIC_REPRESENTATION_CONTEXT() REPRESENTATION_CONTEXT('2D SPACE',''
  ) );
#4261 = PCURVE('',#701,#4262);
#4262 = DEFINITIONAL_REPRESENTATION('',(#4263),#4266);
#4263 = B_SPLINE_CURVE_WITH_KNOTS('',1,(#4264,#4265),.UNSPECIFIED.,.F.,
  .F.,(2,2),(3.5,4.6),.PIECEWISE_BEZIER_KNOTS.);
#4264 = CARTESIAN_POINT('',(-1.7763568394E-15,26.455));
#4265 = CARTESIAN_POINT('',(1.1,26.455));
#4266 = ( GEOMETRIC_REPRESENTATION_CONTEXT(2) 
PARAMETRIC_REPRESENTATION_CONTEXT() REPRESENTATION_CONTEXT('2D SPACE',''
  ) );
#4267 = ORIENTED_EDGE('',*,*,#713,.F.);
#4268 = ORIENTED_EDGE('',*,*,#4111,.T.);
#4269 = ADVANCED_FACE('',(#4270),#701,.F.);
#4270 = FACE_BOUND('',#4271,.F.);
#4271 = EDGE_LOOP('',(#4272,#4273,#4292,#4293));
#4272 = ORIENTED_EDGE('',*,*,#1717,.F.);
#4273 = ORIENTED_EDGE('',*,*,#4274,.T.);
#4274 = EDGE_CURVE('',#1697,#660,#4275,.T.);
#4275 = SURFACE_CURVE('',#4276,(#4280,#4286),.PCURVE_S1.);
#4276 = LINE('',#4277,#4278);
#4277 = CARTESIAN_POINT('',(-1.705,-10.4,3.5));
#4278 = VECTOR('',#4279,1.);
#4279 = DIRECTION('',(0.,0.,1.));
#4280 = PCURVE('',#701,#4281);
#4281 = DEFINITIONAL_REPRESENTATION('',(#4282),#4285);
#4282 = B_SPLINE_CURVE_WITH_KNOTS('',1,(#4283,#4284),.UNSPECIFIED.,.F.,
  .F.,(2,2),(3.5,4.6),.PIECEWISE_BEZIER_KNOTS.);
#4283 = CARTESIAN_POINT('',(-1.7763568394E-15,25.585));
#4284 = CARTESIAN_POINT('',(1.1,25.585));
#4285 = ( GEOMETRIC_REPRESENTATION_CONTEXT(2) 
PARAMETRIC_REPRESENTATION_CONTEXT() REPRESENTATION_CONTEXT('2D SPACE',''
  ) );
#4286 = PCURVE('',#674,#4287);
#4287 = DEFINITIONAL_REPRESENTATION('',(#4288),#4291);
#4288 = B_SPLINE_CURVE_WITH_KNOTS('',1,(#4289,#4290),.UNSPECIFIED.,.F.,
  .F.,(2,2),(3.5,4.6),.PIECEWISE_BEZIER_KNOTS.);
#4289 = CARTESIAN_POINT('',(7.,-0.15));
#4290 = CARTESIAN_POINT('',(8.1,-0.15));
#4291 = ( GEOMETRIC_REPRESENTATION_CONTEXT(2) 
PARAMETRIC_REPRESENTATION_CONTEXT() REPRESENTATION_CONTEXT('2D SPACE',''
  ) );
#4292 = ORIENTED_EDGE('',*,*,#685,.T.);
#4293 = ORIENTED_EDGE('',*,*,#4249,.F.);
#4294 = ADVANCED_FACE('',(#4295),#674,.T.);
#4295 = FACE_BOUND('',#4296,.T.);
#4296 = EDGE_LOOP('',(#4297,#4327,#4355,#4383,#4404,#4405,#4406,#4407));
#4297 = ORIENTED_EDGE('',*,*,#4298,.F.);
#4298 = EDGE_CURVE('',#4299,#4301,#4303,.T.);
#4299 = VERTEX_POINT('',#4300);
#4300 = CARTESIAN_POINT('',(-1.705,-10.55,10.));
#4301 = VERTEX_POINT('',#4302);
#4302 = CARTESIAN_POINT('',(-1.705,-10.25,10.));
#4303 = SURFACE_CURVE('',#4304,(#4308,#4315),.PCURVE_S1.);
#4304 = LINE('',#4305,#4306);
#4305 = CARTESIAN_POINT('',(-1.705,-10.55,10.));
#4306 = VECTOR('',#4307,1.);
#4307 = DIRECTION('',(0.,1.,0.));
#4308 = PCURVE('',#674,#4309);
#4309 = DEFINITIONAL_REPRESENTATION('',(#4310),#4314);
#4310 = LINE('',#4311,#4312);
#4311 = CARTESIAN_POINT('',(10.,0.));
#4312 = VECTOR('',#4313,1.);
#4313 = DIRECTION('',(0.,-1.));
#4314 = ( GEOMETRIC_REPRESENTATION_CONTEXT(2) 
PARAMETRIC_REPRESENTATION_CONTEXT() REPRESENTATION_CONTEXT('2D SPACE',''
  ) );
#4315 = PCURVE('',#4316,#4321);
#4316 = PLANE('',#4317);
#4317 = AXIS2_PLACEMENT_3D('',#4318,#4319,#4320);
#4318 = CARTESIAN_POINT('',(-2.105,-10.55,10.));
#4319 = DIRECTION('',(0.,0.,1.));
#4320 = DIRECTION('',(1.,0.,0.));
#4321 = DEFINITIONAL_REPRESENTATION('',(#4322),#4326);
#4322 = LINE('',#4323,#4324);
#4323 = CARTESIAN_POINT('',(0.4,0.));
#4324 = VECTOR('',#4325,1.);
#4325 = DIRECTION('',(0.,1.));
#4326 = ( GEOMETRIC_REPRESENTATION_CONTEXT(2) 
PARAMETRIC_REPRESENTATION_CONTEXT() REPRESENTATION_CONTEXT('2D SPACE',''
  ) );
#4327 = ORIENTED_EDGE('',*,*,#4328,.F.);
#4328 = EDGE_CURVE('',#4329,#4299,#4331,.T.);
#4329 = VERTEX_POINT('',#4330);
#4330 = CARTESIAN_POINT('',(-1.705,-10.55,0.));
#4331 = SURFACE_CURVE('',#4332,(#4336,#4343),.PCURVE_S1.);
#4332 = LINE('',#4333,#4334);
#4333 = CARTESIAN_POINT('',(-1.705,-10.55,0.));
#4334 = VECTOR('',#4335,1.);
#4335 = DIRECTION('',(0.,0.,1.));
#4336 = PCURVE('',#674,#4337);
#4337 = DEFINITIONAL_REPRESENTATION('',(#4338),#4342);
#4338 = LINE('',#4339,#4340);
#4339 = CARTESIAN_POINT('',(0.,0.));
#4340 = VECTOR('',#4341,1.);
#4341 = DIRECTION('',(1.,0.));
#4342 = ( GEOMETRIC_REPRESENTATION_CONTEXT(2) 
PARAMETRIC_REPRESENTATION_CONTEXT() REPRESENTATION_CONTEXT('2D SPACE',''
  ) );
#4343 = PCURVE('',#4344,#4349);
#4344 = PLANE('',#4345);
#4345 = AXIS2_PLACEMENT_3D('',#4346,#4347,#4348);
#4346 = CARTESIAN_POINT('',(-2.105,-10.55,0.));
#4347 = DIRECTION('',(0.,1.,0.));
#4348 = DIRECTION('',(0.,0.,1.));
#4349 = DEFINITIONAL_REPRESENTATION('',(#4350),#4354);
#4350 = LINE('',#4351,#4352);
#4351 = CARTESIAN_POINT('',(0.,0.4));
#4352 = VECTOR('',#4353,1.);
#4353 = DIRECTION('',(1.,0.));
#4354 = ( GEOMETRIC_REPRESENTATION_CONTEXT(2) 
PARAMETRIC_REPRESENTATION_CONTEXT() REPRESENTATION_CONTEXT('2D SPACE',''
  ) );
#4355 = ORIENTED_EDGE('',*,*,#4356,.T.);
#4356 = EDGE_CURVE('',#4329,#4357,#4359,.T.);
#4357 = VERTEX_POINT('',#4358);
#4358 = CARTESIAN_POINT('',(-1.705,-10.25,0.));
#4359 = SURFACE_CURVE('',#4360,(#4364,#4371),.PCURVE_S1.);
#4360 = LINE('',#4361,#4362);
#4361 = CARTESIAN_POINT('',(-1.705,-10.55,0.));
#4362 = VECTOR('',#4363,1.);
#4363 = DIRECTION('',(0.,1.,0.));
#4364 = PCURVE('',#674,#4365);
#4365 = DEFINITIONAL_REPRESENTATION('',(#4366),#4370);
#4366 = LINE('',#4367,#4368);
#4367 = CARTESIAN_POINT('',(0.,0.));
#4368 = VECTOR('',#4369,1.);
#4369 = DIRECTION('',(0.,-1.));
#4370 = ( GEOMETRIC_REPRESENTATION_CONTEXT(2) 
PARAMETRIC_REPRESENTATION_CONTEXT() REPRESENTATION_CONTEXT('2D SPACE',''
  ) );
#4371 = PCURVE('',#4372,#4377);
#4372 = PLANE('',#4373);
#4373 = AXIS2_PLACEMENT_3D('',#4374,#4375,#4376);
#4374 = CARTESIAN_POINT('',(-2.105,-10.55,0.));
#4375 = DIRECTION('',(0.,0.,1.));
#4376 = DIRECTION('',(1.,0.,0.));
#4377 = DEFINITIONAL_REPRESENTATION('',(#4378),#4382);
#4378 = LINE('',#4379,#4380);
#4379 = CARTESIAN_POINT('',(0.4,0.));
#4380 = VECTOR('',#4381,1.);
#4381 = DIRECTION('',(0.,1.));
#4382 = ( GEOMETRIC_REPRESENTATION_CONTEXT(2) 
PARAMETRIC_REPRESENTATION_CONTEXT() REPRESENTATION_CONTEXT('2D SPACE',''
  ) );
#4383 = ORIENTED_EDGE('',*,*,#4384,.T.);
#4384 = EDGE_CURVE('',#4357,#1671,#4385,.T.);
#4385 = SURFACE_CURVE('',#4386,(#4390,#4397),.PCURVE_S1.);
#4386 = LINE('',#4387,#4388);
#4387 = CARTESIAN_POINT('',(-1.705,-10.25,0.));
#4388 = VECTOR('',#4389,1.);
#4389 = DIRECTION('',(0.,0.,1.));
#4390 = PCURVE('',#674,#4391);
#4391 = DEFINITIONAL_REPRESENTATION('',(#4392),#4396);
#4392 = LINE('',#4393,#4394);
#4393 = CARTESIAN_POINT('',(0.,-0.3));
#4394 = VECTOR('',#4395,1.);
#4395 = DIRECTION('',(1.,0.));
#4396 = ( GEOMETRIC_REPRESENTATION_CONTEXT(2) 
PARAMETRIC_REPRESENTATION_CONTEXT() REPRESENTATION_CONTEXT('2D SPACE',''
  ) );
#4397 = PCURVE('',#1685,#4398);
#4398 = DEFINITIONAL_REPRESENTATION('',(#4399),#4403);
#4399 = LINE('',#4400,#4401);
#4400 = CARTESIAN_POINT('',(0.,0.4));
#4401 = VECTOR('',#4402,1.);
#4402 = DIRECTION('',(1.,0.));
#4403 = ( GEOMETRIC_REPRESENTATION_CONTEXT(2) 
PARAMETRIC_REPRESENTATION_CONTEXT() REPRESENTATION_CONTEXT('2D SPACE',''
  ) );
#4404 = ORIENTED_EDGE('',*,*,#1696,.T.);
#4405 = ORIENTED_EDGE('',*,*,#4274,.T.);
#4406 = ORIENTED_EDGE('',*,*,#659,.F.);
#4407 = ORIENTED_EDGE('',*,*,#4408,.T.);
#4408 = EDGE_CURVE('',#634,#4301,#4409,.T.);
#4409 = SURFACE_CURVE('',#4410,(#4414,#4421),.PCURVE_S1.);
#4410 = LINE('',#4411,#4412);
#4411 = CARTESIAN_POINT('',(-1.705,-10.25,0.));
#4412 = VECTOR('',#4413,1.);
#4413 = DIRECTION('',(0.,0.,1.));
#4414 = PCURVE('',#674,#4415);
#4415 = DEFINITIONAL_REPRESENTATION('',(#4416),#4420);
#4416 = LINE('',#4417,#4418);
#4417 = CARTESIAN_POINT('',(0.,-0.3));
#4418 = VECTOR('',#4419,1.);
#4419 = DIRECTION('',(1.,0.));
#4420 = ( GEOMETRIC_REPRESENTATION_CONTEXT(2) 
PARAMETRIC_REPRESENTATION_CONTEXT() REPRESENTATION_CONTEXT('2D SPACE',''
  ) );
#4421 = PCURVE('',#648,#4422);
#4422 = DEFINITIONAL_REPRESENTATION('',(#4423),#4427);
#4423 = LINE('',#4424,#4425);
#4424 = CARTESIAN_POINT('',(0.,0.4));
#4425 = VECTOR('',#4426,1.);
#4426 = DIRECTION('',(1.,0.));
#4427 = ( GEOMETRIC_REPRESENTATION_CONTEXT(2) 
PARAMETRIC_REPRESENTATION_CONTEXT() REPRESENTATION_CONTEXT('2D SPACE',''
  ) );
#4428 = ADVANCED_FACE('',(#4429),#648,.T.);
#4429 = FACE_BOUND('',#4430,.T.);
#4430 = EDGE_LOOP('',(#4431,#4432,#4433,#4456));
#4431 = ORIENTED_EDGE('',*,*,#4408,.F.);
#4432 = ORIENTED_EDGE('',*,*,#633,.F.);
#4433 = ORIENTED_EDGE('',*,*,#4434,.T.);
#4434 = EDGE_CURVE('',#608,#4435,#4437,.T.);
#4435 = VERTEX_POINT('',#4436);
#4436 = CARTESIAN_POINT('',(-2.105,-10.25,10.));
#4437 = SURFACE_CURVE('',#4438,(#4442,#4449),.PCURVE_S1.);
#4438 = LINE('',#4439,#4440);
#4439 = CARTESIAN_POINT('',(-2.105,-10.25,0.));
#4440 = VECTOR('',#4441,1.);
#4441 = DIRECTION('',(0.,0.,1.));
#4442 = PCURVE('',#648,#4443);
#4443 = DEFINITIONAL_REPRESENTATION('',(#4444),#4448);
#4444 = LINE('',#4445,#4446);
#4445 = CARTESIAN_POINT('',(0.,0.));
#4446 = VECTOR('',#4447,1.);
#4447 = DIRECTION('',(1.,0.));
#4448 = ( GEOMETRIC_REPRESENTATION_CONTEXT(2) 
PARAMETRIC_REPRESENTATION_CONTEXT() REPRESENTATION_CONTEXT('2D SPACE',''
  ) );
#4449 = PCURVE('',#622,#4450);
#4450 = DEFINITIONAL_REPRESENTATION('',(#4451),#4455);
#4451 = LINE('',#4452,#4453);
#4452 = CARTESIAN_POINT('',(0.,-0.3));
#4453 = VECTOR('',#4454,1.);
#4454 = DIRECTION('',(1.,0.));
#4455 = ( GEOMETRIC_REPRESENTATION_CONTEXT(2) 
PARAMETRIC_REPRESENTATION_CONTEXT() REPRESENTATION_CONTEXT('2D SPACE',''
  ) );
#4456 = ORIENTED_EDGE('',*,*,#4457,.T.);
#4457 = EDGE_CURVE('',#4435,#4301,#4458,.T.);
#4458 = SURFACE_CURVE('',#4459,(#4463,#4470),.PCURVE_S1.);
#4459 = LINE('',#4460,#4461);
#4460 = CARTESIAN_POINT('',(-2.105,-10.25,10.));
#4461 = VECTOR('',#4462,1.);
#4462 = DIRECTION('',(1.,0.,0.));
#4463 = PCURVE('',#648,#4464);
#4464 = DEFINITIONAL_REPRESENTATION('',(#4465),#4469);
#4465 = LINE('',#4466,#4467);
#4466 = CARTESIAN_POINT('',(10.,0.));
#4467 = VECTOR('',#4468,1.);
#4468 = DIRECTION('',(0.,1.));
#4469 = ( GEOMETRIC_REPRESENTATION_CONTEXT(2) 
PARAMETRIC_REPRESENTATION_CONTEXT() REPRESENTATION_CONTEXT('2D SPACE',''
  ) );
#4470 = PCURVE('',#4316,#4471);
#4471 = DEFINITIONAL_REPRESENTATION('',(#4472),#4476);
#4472 = LINE('',#4473,#4474);
#4473 = CARTESIAN_POINT('',(0.,0.3));
#4474 = VECTOR('',#4475,1.);
#4475 = DIRECTION('',(1.,0.));
#4476 = ( GEOMETRIC_REPRESENTATION_CONTEXT(2) 
PARAMETRIC_REPRESENTATION_CONTEXT() REPRESENTATION_CONTEXT('2D SPACE',''
  ) );
#4477 = ADVANCED_FACE('',(#4478),#622,.F.);
#4478 = FACE_BOUND('',#4479,.F.);
#4479 = EDGE_LOOP('',(#4480,#4503,#4526,#4549,#4570,#4571,#4590,#4591));
#4480 = ORIENTED_EDGE('',*,*,#4481,.F.);
#4481 = EDGE_CURVE('',#4482,#4435,#4484,.T.);
#4482 = VERTEX_POINT('',#4483);
#4483 = CARTESIAN_POINT('',(-2.105,-10.55,10.));
#4484 = SURFACE_CURVE('',#4485,(#4489,#4496),.PCURVE_S1.);
#4485 = LINE('',#4486,#4487);
#4486 = CARTESIAN_POINT('',(-2.105,-10.55,10.));
#4487 = VECTOR('',#4488,1.);
#4488 = DIRECTION('',(0.,1.,0.));
#4489 = PCURVE('',#622,#4490);
#4490 = DEFINITIONAL_REPRESENTATION('',(#4491),#4495);
#4491 = LINE('',#4492,#4493);
#4492 = CARTESIAN_POINT('',(10.,0.));
#4493 = VECTOR('',#4494,1.);
#4494 = DIRECTION('',(0.,-1.));
#4495 = ( GEOMETRIC_REPRESENTATION_CONTEXT(2) 
PARAMETRIC_REPRESENTATION_CONTEXT() REPRESENTATION_CONTEXT('2D SPACE',''
  ) );
#4496 = PCURVE('',#4316,#4497);
#4497 = DEFINITIONAL_REPRESENTATION('',(#4498),#4502);
#4498 = LINE('',#4499,#4500);
#4499 = CARTESIAN_POINT('',(0.,0.));
#4500 = VECTOR('',#4501,1.);
#4501 = DIRECTION('',(0.,1.));
#4502 = ( GEOMETRIC_REPRESENTATION_CONTEXT(2) 
PARAMETRIC_REPRESENTATION_CONTEXT() REPRESENTATION_CONTEXT('2D SPACE',''
  ) );
#4503 = ORIENTED_EDGE('',*,*,#4504,.F.);
#4504 = EDGE_CURVE('',#4505,#4482,#4507,.T.);
#4505 = VERTEX_POINT('',#4506);
#4506 = CARTESIAN_POINT('',(-2.105,-10.55,0.));
#4507 = SURFACE_CURVE('',#4508,(#4512,#4519),.PCURVE_S1.);
#4508 = LINE('',#4509,#4510);
#4509 = CARTESIAN_POINT('',(-2.105,-10.55,0.));
#4510 = VECTOR('',#4511,1.);
#4511 = DIRECTION('',(0.,0.,1.));
#4512 = PCURVE('',#622,#4513);
#4513 = DEFINITIONAL_REPRESENTATION('',(#4514),#4518);
#4514 = LINE('',#4515,#4516);
#4515 = CARTESIAN_POINT('',(0.,0.));
#4516 = VECTOR('',#4517,1.);
#4517 = DIRECTION('',(1.,0.));
#4518 = ( GEOMETRIC_REPRESENTATION_CONTEXT(2) 
PARAMETRIC_REPRESENTATION_CONTEXT() REPRESENTATION_CONTEXT('2D SPACE',''
  ) );
#4519 = PCURVE('',#4344,#4520);
#4520 = DEFINITIONAL_REPRESENTATION('',(#4521),#4525);
#4521 = LINE('',#4522,#4523);
#4522 = CARTESIAN_POINT('',(0.,0.));
#4523 = VECTOR('',#4524,1.);
#4524 = DIRECTION('',(1.,0.));
#4525 = ( GEOMETRIC_REPRESENTATION_CONTEXT(2) 
PARAMETRIC_REPRESENTATION_CONTEXT() REPRESENTATION_CONTEXT('2D SPACE',''
  ) );
#4526 = ORIENTED_EDGE('',*,*,#4527,.T.);
#4527 = EDGE_CURVE('',#4505,#4528,#4530,.T.);
#4528 = VERTEX_POINT('',#4529);
#4529 = CARTESIAN_POINT('',(-2.105,-10.25,0.));
#4530 = SURFACE_CURVE('',#4531,(#4535,#4542),.PCURVE_S1.);
#4531 = LINE('',#4532,#4533);
#4532 = CARTESIAN_POINT('',(-2.105,-10.55,0.));
#4533 = VECTOR('',#4534,1.);
#4534 = DIRECTION('',(0.,1.,0.));
#4535 = PCURVE('',#622,#4536);
#4536 = DEFINITIONAL_REPRESENTATION('',(#4537),#4541);
#4537 = LINE('',#4538,#4539);
#4538 = CARTESIAN_POINT('',(0.,0.));
#4539 = VECTOR('',#4540,1.);
#4540 = DIRECTION('',(0.,-1.));
#4541 = ( GEOMETRIC_REPRESENTATION_CONTEXT(2) 
PARAMETRIC_REPRESENTATION_CONTEXT() REPRESENTATION_CONTEXT('2D SPACE',''
  ) );
#4542 = PCURVE('',#4372,#4543);
#4543 = DEFINITIONAL_REPRESENTATION('',(#4544),#4548);
#4544 = LINE('',#4545,#4546);
#4545 = CARTESIAN_POINT('',(0.,0.));
#4546 = VECTOR('',#4547,1.);
#4547 = DIRECTION('',(0.,1.));
#4548 = ( GEOMETRIC_REPRESENTATION_CONTEXT(2) 
PARAMETRIC_REPRESENTATION_CONTEXT() REPRESENTATION_CONTEXT('2D SPACE',''
  ) );
#4549 = ORIENTED_EDGE('',*,*,#4550,.T.);
#4550 = EDGE_CURVE('',#4528,#1650,#4551,.T.);
#4551 = SURFACE_CURVE('',#4552,(#4556,#4563),.PCURVE_S1.);
#4552 = LINE('',#4553,#4554);
#4553 = CARTESIAN_POINT('',(-2.105,-10.25,0.));
#4554 = VECTOR('',#4555,1.);
#4555 = DIRECTION('',(0.,0.,1.));
#4556 = PCURVE('',#622,#4557);
#4557 = DEFINITIONAL_REPRESENTATION('',(#4558),#4562);
#4558 = LINE('',#4559,#4560);
#4559 = CARTESIAN_POINT('',(0.,-0.3));
#4560 = VECTOR('',#4561,1.);
#4561 = DIRECTION('',(1.,0.));
#4562 = ( GEOMETRIC_REPRESENTATION_CONTEXT(2) 
PARAMETRIC_REPRESENTATION_CONTEXT() REPRESENTATION_CONTEXT('2D SPACE',''
  ) );
#4563 = PCURVE('',#1685,#4564);
#4564 = DEFINITIONAL_REPRESENTATION('',(#4565),#4569);
#4565 = LINE('',#4566,#4567);
#4566 = CARTESIAN_POINT('',(0.,0.));
#4567 = VECTOR('',#4568,1.);
#4568 = DIRECTION('',(1.,0.));
#4569 = ( GEOMETRIC_REPRESENTATION_CONTEXT(2) 
PARAMETRIC_REPRESENTATION_CONTEXT() REPRESENTATION_CONTEXT('2D SPACE',''
  ) );
#4570 = ORIENTED_EDGE('',*,*,#1649,.T.);
#4571 = ORIENTED_EDGE('',*,*,#4572,.T.);
#4572 = EDGE_CURVE('',#1627,#580,#4573,.T.);
#4573 = SURFACE_CURVE('',#4574,(#4578,#4584),.PCURVE_S1.);
#4574 = LINE('',#4575,#4576);
#4575 = CARTESIAN_POINT('',(-2.105,-10.4,3.5));
#4576 = VECTOR('',#4577,1.);
#4577 = DIRECTION('',(0.,0.,1.));
#4578 = PCURVE('',#622,#4579);
#4579 = DEFINITIONAL_REPRESENTATION('',(#4580),#4583);
#4580 = B_SPLINE_CURVE_WITH_KNOTS('',1,(#4581,#4582),.UNSPECIFIED.,.F.,
  .F.,(2,2),(3.5,4.6),.PIECEWISE_BEZIER_KNOTS.);
#4581 = CARTESIAN_POINT('',(7.,-0.15));
#4582 = CARTESIAN_POINT('',(8.1,-0.15));
#4583 = ( GEOMETRIC_REPRESENTATION_CONTEXT(2) 
PARAMETRIC_REPRESENTATION_CONTEXT() REPRESENTATION_CONTEXT('2D SPACE',''
  ) );
#4584 = PCURVE('',#595,#4585);
#4585 = DEFINITIONAL_REPRESENTATION('',(#4586),#4589);
#4586 = B_SPLINE_CURVE_WITH_KNOTS('',1,(#4587,#4588),.UNSPECIFIED.,.F.,
  .F.,(2,2),(3.5,4.6),.PIECEWISE_BEZIER_KNOTS.);
#4587 = CARTESIAN_POINT('',(-1.7763568394E-15,25.185));
#4588 = CARTESIAN_POINT('',(1.1,25.185));
#4589 = ( GEOMETRIC_REPRESENTATION_CONTEXT(2) 
PARAMETRIC_REPRESENTATION_CONTEXT() REPRESENTATION_CONTEXT('2D SPACE',''
  ) );
#4590 = ORIENTED_EDGE('',*,*,#607,.F.);
#4591 = ORIENTED_EDGE('',*,*,#4434,.T.);
#4592 = ADVANCED_FACE('',(#4593),#595,.F.);
#4593 = FACE_BOUND('',#4594,.F.);
#4594 = EDGE_LOOP('',(#4595,#4596,#4615,#4616));
#4595 = ORIENTED_EDGE('',*,*,#1626,.F.);
#4596 = ORIENTED_EDGE('',*,*,#4597,.T.);
#4597 = EDGE_CURVE('',#1606,#554,#4598,.T.);
#4598 = SURFACE_CURVE('',#4599,(#4603,#4609),.PCURVE_S1.);
#4599 = LINE('',#4600,#4601);
#4600 = CARTESIAN_POINT('',(-2.975,-10.4,3.5));
#4601 = VECTOR('',#4602,1.);
#4602 = DIRECTION('',(0.,0.,1.));
#4603 = PCURVE('',#595,#4604);
#4604 = DEFINITIONAL_REPRESENTATION('',(#4605),#4608);
#4605 = B_SPLINE_CURVE_WITH_KNOTS('',1,(#4606,#4607),.UNSPECIFIED.,.F.,
  .F.,(2,2),(3.5,4.6),.PIECEWISE_BEZIER_KNOTS.);
#4606 = CARTESIAN_POINT('',(-1.7763568394E-15,24.315));
#4607 = CARTESIAN_POINT('',(1.1,24.315));
#4608 = ( GEOMETRIC_REPRESENTATION_CONTEXT(2) 
PARAMETRIC_REPRESENTATION_CONTEXT() REPRESENTATION_CONTEXT('2D SPACE',''
  ) );
#4609 = PCURVE('',#568,#4610);
#4610 = DEFINITIONAL_REPRESENTATION('',(#4611),#4614);
#4611 = B_SPLINE_CURVE_WITH_KNOTS('',1,(#4612,#4613),.UNSPECIFIED.,.F.,
  .F.,(2,2),(3.5,4.6),.PIECEWISE_BEZIER_KNOTS.);
#4612 = CARTESIAN_POINT('',(7.,-0.15));
#4613 = CARTESIAN_POINT('',(8.1,-0.15));
#4614 = ( GEOMETRIC_REPRESENTATION_CONTEXT(2) 
PARAMETRIC_REPRESENTATION_CONTEXT() REPRESENTATION_CONTEXT('2D SPACE',''
  ) );
#4615 = ORIENTED_EDGE('',*,*,#579,.T.);
#4616 = ORIENTED_EDGE('',*,*,#4572,.F.);
#4617 = ADVANCED_FACE('',(#4618),#568,.T.);
#4618 = FACE_BOUND('',#4619,.T.);
#4619 = EDGE_LOOP('',(#4620,#4650,#4678,#4706,#4727,#4728,#4729,#4730));
#4620 = ORIENTED_EDGE('',*,*,#4621,.F.);
#4621 = EDGE_CURVE('',#4622,#4624,#4626,.T.);
#4622 = VERTEX_POINT('',#4623);
#4623 = CARTESIAN_POINT('',(-2.975,-10.55,10.));
#4624 = VERTEX_POINT('',#4625);
#4625 = CARTESIAN_POINT('',(-2.975,-10.25,10.));
#4626 = SURFACE_CURVE('',#4627,(#4631,#4638),.PCURVE_S1.);
#4627 = LINE('',#4628,#4629);
#4628 = CARTESIAN_POINT('',(-2.975,-10.55,10.));
#4629 = VECTOR('',#4630,1.);
#4630 = DIRECTION('',(0.,1.,0.));
#4631 = PCURVE('',#568,#4632);
#4632 = DEFINITIONAL_REPRESENTATION('',(#4633),#4637);
#4633 = LINE('',#4634,#4635);
#4634 = CARTESIAN_POINT('',(10.,0.));
#4635 = VECTOR('',#4636,1.);
#4636 = DIRECTION('',(0.,-1.));
#4637 = ( GEOMETRIC_REPRESENTATION_CONTEXT(2) 
PARAMETRIC_REPRESENTATION_CONTEXT() REPRESENTATION_CONTEXT('2D SPACE',''
  ) );
#4638 = PCURVE('',#4639,#4644);
#4639 = PLANE('',#4640);
#4640 = AXIS2_PLACEMENT_3D('',#4641,#4642,#4643);
#4641 = CARTESIAN_POINT('',(-3.375,-10.55,10.));
#4642 = DIRECTION('',(0.,0.,1.));
#4643 = DIRECTION('',(1.,0.,0.));
#4644 = DEFINITIONAL_REPRESENTATION('',(#4645),#4649);
#4645 = LINE('',#4646,#4647);
#4646 = CARTESIAN_POINT('',(0.4,0.));
#4647 = VECTOR('',#4648,1.);
#4648 = DIRECTION('',(0.,1.));
#4649 = ( GEOMETRIC_REPRESENTATION_CONTEXT(2) 
PARAMETRIC_REPRESENTATION_CONTEXT() REPRESENTATION_CONTEXT('2D SPACE',''
  ) );
#4650 = ORIENTED_EDGE('',*,*,#4651,.F.);
#4651 = EDGE_CURVE('',#4652,#4622,#4654,.T.);
#4652 = VERTEX_POINT('',#4653);
#4653 = CARTESIAN_POINT('',(-2.975,-10.55,0.));
#4654 = SURFACE_CURVE('',#4655,(#4659,#4666),.PCURVE_S1.);
#4655 = LINE('',#4656,#4657);
#4656 = CARTESIAN_POINT('',(-2.975,-10.55,0.));
#4657 = VECTOR('',#4658,1.);
#4658 = DIRECTION('',(0.,0.,1.));
#4659 = PCURVE('',#568,#4660);
#4660 = DEFINITIONAL_REPRESENTATION('',(#4661),#4665);
#4661 = LINE('',#4662,#4663);
#4662 = CARTESIAN_POINT('',(0.,0.));
#4663 = VECTOR('',#4664,1.);
#4664 = DIRECTION('',(1.,0.));
#4665 = ( GEOMETRIC_REPRESENTATION_CONTEXT(2) 
PARAMETRIC_REPRESENTATION_CONTEXT() REPRESENTATION_CONTEXT('2D SPACE',''
  ) );
#4666 = PCURVE('',#4667,#4672);
#4667 = PLANE('',#4668);
#4668 = AXIS2_PLACEMENT_3D('',#4669,#4670,#4671);
#4669 = CARTESIAN_POINT('',(-3.375,-10.55,0.));
#4670 = DIRECTION('',(0.,1.,0.));
#4671 = DIRECTION('',(0.,0.,1.));
#4672 = DEFINITIONAL_REPRESENTATION('',(#4673),#4677);
#4673 = LINE('',#4674,#4675);
#4674 = CARTESIAN_POINT('',(0.,0.4));
#4675 = VECTOR('',#4676,1.);
#4676 = DIRECTION('',(1.,0.));
#4677 = ( GEOMETRIC_REPRESENTATION_CONTEXT(2) 
PARAMETRIC_REPRESENTATION_CONTEXT() REPRESENTATION_CONTEXT('2D SPACE',''
  ) );
#4678 = ORIENTED_EDGE('',*,*,#4679,.T.);
#4679 = EDGE_CURVE('',#4652,#4680,#4682,.T.);
#4680 = VERTEX_POINT('',#4681);
#4681 = CARTESIAN_POINT('',(-2.975,-10.25,0.));
#4682 = SURFACE_CURVE('',#4683,(#4687,#4694),.PCURVE_S1.);
#4683 = LINE('',#4684,#4685);
#4684 = CARTESIAN_POINT('',(-2.975,-10.55,0.));
#4685 = VECTOR('',#4686,1.);
#4686 = DIRECTION('',(0.,1.,0.));
#4687 = PCURVE('',#568,#4688);
#4688 = DEFINITIONAL_REPRESENTATION('',(#4689),#4693);
#4689 = LINE('',#4690,#4691);
#4690 = CARTESIAN_POINT('',(0.,0.));
#4691 = VECTOR('',#4692,1.);
#4692 = DIRECTION('',(0.,-1.));
#4693 = ( GEOMETRIC_REPRESENTATION_CONTEXT(2) 
PARAMETRIC_REPRESENTATION_CONTEXT() REPRESENTATION_CONTEXT('2D SPACE',''
  ) );
#4694 = PCURVE('',#4695,#4700);
#4695 = PLANE('',#4696);
#4696 = AXIS2_PLACEMENT_3D('',#4697,#4698,#4699);
#4697 = CARTESIAN_POINT('',(-3.375,-10.55,0.));
#4698 = DIRECTION('',(0.,0.,1.));
#4699 = DIRECTION('',(1.,0.,0.));
#4700 = DEFINITIONAL_REPRESENTATION('',(#4701),#4705);
#4701 = LINE('',#4702,#4703);
#4702 = CARTESIAN_POINT('',(0.4,0.));
#4703 = VECTOR('',#4704,1.);
#4704 = DIRECTION('',(0.,1.));
#4705 = ( GEOMETRIC_REPRESENTATION_CONTEXT(2) 
PARAMETRIC_REPRESENTATION_CONTEXT() REPRESENTATION_CONTEXT('2D SPACE',''
  ) );
#4706 = ORIENTED_EDGE('',*,*,#4707,.T.);
#4707 = EDGE_CURVE('',#4680,#1580,#4708,.T.);
#4708 = SURFACE_CURVE('',#4709,(#4713,#4720),.PCURVE_S1.);
#4709 = LINE('',#4710,#4711);
#4710 = CARTESIAN_POINT('',(-2.975,-10.25,0.));
#4711 = VECTOR('',#4712,1.);
#4712 = DIRECTION('',(0.,0.,1.));
#4713 = PCURVE('',#568,#4714);
#4714 = DEFINITIONAL_REPRESENTATION('',(#4715),#4719);
#4715 = LINE('',#4716,#4717);
#4716 = CARTESIAN_POINT('',(0.,-0.3));
#4717 = VECTOR('',#4718,1.);
#4718 = DIRECTION('',(1.,0.));
#4719 = ( GEOMETRIC_REPRESENTATION_CONTEXT(2) 
PARAMETRIC_REPRESENTATION_CONTEXT() REPRESENTATION_CONTEXT('2D SPACE',''
  ) );
#4720 = PCURVE('',#1594,#4721);
#4721 = DEFINITIONAL_REPRESENTATION('',(#4722),#4726);
#4722 = LINE('',#4723,#4724);
#4723 = CARTESIAN_POINT('',(0.,0.4));
#4724 = VECTOR('',#4725,1.);
#4725 = DIRECTION('',(1.,0.));
#4726 = ( GEOMETRIC_REPRESENTATION_CONTEXT(2) 
PARAMETRIC_REPRESENTATION_CONTEXT() REPRESENTATION_CONTEXT('2D SPACE',''
  ) );
#4727 = ORIENTED_EDGE('',*,*,#1605,.T.);
#4728 = ORIENTED_EDGE('',*,*,#4597,.T.);
#4729 = ORIENTED_EDGE('',*,*,#553,.F.);
#4730 = ORIENTED_EDGE('',*,*,#4731,.T.);
#4731 = EDGE_CURVE('',#528,#4624,#4732,.T.);
#4732 = SURFACE_CURVE('',#4733,(#4737,#4744),.PCURVE_S1.);
#4733 = LINE('',#4734,#4735);
#4734 = CARTESIAN_POINT('',(-2.975,-10.25,0.));
#4735 = VECTOR('',#4736,1.);
#4736 = DIRECTION('',(0.,0.,1.));
#4737 = PCURVE('',#568,#4738);
#4738 = DEFINITIONAL_REPRESENTATION('',(#4739),#4743);
#4739 = LINE('',#4740,#4741);
#4740 = CARTESIAN_POINT('',(0.,-0.3));
#4741 = VECTOR('',#4742,1.);
#4742 = DIRECTION('',(1.,0.));
#4743 = ( GEOMETRIC_REPRESENTATION_CONTEXT(2) 
PARAMETRIC_REPRESENTATION_CONTEXT() REPRESENTATION_CONTEXT('2D SPACE',''
  ) );
#4744 = PCURVE('',#542,#4745);
#4745 = DEFINITIONAL_REPRESENTATION('',(#4746),#4750);
#4746 = LINE('',#4747,#4748);
#4747 = CARTESIAN_POINT('',(0.,0.4));
#4748 = VECTOR('',#4749,1.);
#4749 = DIRECTION('',(1.,0.));
#4750 = ( GEOMETRIC_REPRESENTATION_CONTEXT(2) 
PARAMETRIC_REPRESENTATION_CONTEXT() REPRESENTATION_CONTEXT('2D SPACE',''
  ) );
#4751 = ADVANCED_FACE('',(#4752),#542,.T.);
#4752 = FACE_BOUND('',#4753,.T.);
#4753 = EDGE_LOOP('',(#4754,#4755,#4756,#4779));
#4754 = ORIENTED_EDGE('',*,*,#4731,.F.);
#4755 = ORIENTED_EDGE('',*,*,#527,.F.);
#4756 = ORIENTED_EDGE('',*,*,#4757,.T.);
#4757 = EDGE_CURVE('',#502,#4758,#4760,.T.);
#4758 = VERTEX_POINT('',#4759);
#4759 = CARTESIAN_POINT('',(-3.375,-10.25,10.));
#4760 = SURFACE_CURVE('',#4761,(#4765,#4772),.PCURVE_S1.);
#4761 = LINE('',#4762,#4763);
#4762 = CARTESIAN_POINT('',(-3.375,-10.25,0.));
#4763 = VECTOR('',#4764,1.);
#4764 = DIRECTION('',(0.,0.,1.));
#4765 = PCURVE('',#542,#4766);
#4766 = DEFINITIONAL_REPRESENTATION('',(#4767),#4771);
#4767 = LINE('',#4768,#4769);
#4768 = CARTESIAN_POINT('',(0.,0.));
#4769 = VECTOR('',#4770,1.);
#4770 = DIRECTION('',(1.,0.));
#4771 = ( GEOMETRIC_REPRESENTATION_CONTEXT(2) 
PARAMETRIC_REPRESENTATION_CONTEXT() REPRESENTATION_CONTEXT('2D SPACE',''
  ) );
#4772 = PCURVE('',#516,#4773);
#4773 = DEFINITIONAL_REPRESENTATION('',(#4774),#4778);
#4774 = LINE('',#4775,#4776);
#4775 = CARTESIAN_POINT('',(0.,-0.3));
#4776 = VECTOR('',#4777,1.);
#4777 = DIRECTION('',(1.,0.));
#4778 = ( GEOMETRIC_REPRESENTATION_CONTEXT(2) 
PARAMETRIC_REPRESENTATION_CONTEXT() REPRESENTATION_CONTEXT('2D SPACE',''
  ) );
#4779 = ORIENTED_EDGE('',*,*,#4780,.T.);
#4780 = EDGE_CURVE('',#4758,#4624,#4781,.T.);
#4781 = SURFACE_CURVE('',#4782,(#4786,#4793),.PCURVE_S1.);
#4782 = LINE('',#4783,#4784);
#4783 = CARTESIAN_POINT('',(-3.375,-10.25,10.));
#4784 = VECTOR('',#4785,1.);
#4785 = DIRECTION('',(1.,0.,0.));
#4786 = PCURVE('',#542,#4787);
#4787 = DEFINITIONAL_REPRESENTATION('',(#4788),#4792);
#4788 = LINE('',#4789,#4790);
#4789 = CARTESIAN_POINT('',(10.,0.));
#4790 = VECTOR('',#4791,1.);
#4791 = DIRECTION('',(0.,1.));
#4792 = ( GEOMETRIC_REPRESENTATION_CONTEXT(2) 
PARAMETRIC_REPRESENTATION_CONTEXT() REPRESENTATION_CONTEXT('2D SPACE',''
  ) );
#4793 = PCURVE('',#4639,#4794);
#4794 = DEFINITIONAL_REPRESENTATION('',(#4795),#4799);
#4795 = LINE('',#4796,#4797);
#4796 = CARTESIAN_POINT('',(0.,0.3));
#4797 = VECTOR('',#4798,1.);
#4798 = DIRECTION('',(1.,0.));
#4799 = ( GEOMETRIC_REPRESENTATION_CONTEXT(2) 
PARAMETRIC_REPRESENTATION_CONTEXT() REPRESENTATION_CONTEXT('2D SPACE',''
  ) );
#4800 = ADVANCED_FACE('',(#4801),#516,.F.);
#4801 = FACE_BOUND('',#4802,.F.);
#4802 = EDGE_LOOP('',(#4803,#4826,#4849,#4872,#4893,#4894,#4913,#4914));
#4803 = ORIENTED_EDGE('',*,*,#4804,.F.);
#4804 = EDGE_CURVE('',#4805,#4758,#4807,.T.);
#4805 = VERTEX_POINT('',#4806);
#4806 = CARTESIAN_POINT('',(-3.375,-10.55,10.));
#4807 = SURFACE_CURVE('',#4808,(#4812,#4819),.PCURVE_S1.);
#4808 = LINE('',#4809,#4810);
#4809 = CARTESIAN_POINT('',(-3.375,-10.55,10.));
#4810 = VECTOR('',#4811,1.);
#4811 = DIRECTION('',(0.,1.,0.));
#4812 = PCURVE('',#516,#4813);
#4813 = DEFINITIONAL_REPRESENTATION('',(#4814),#4818);
#4814 = LINE('',#4815,#4816);
#4815 = CARTESIAN_POINT('',(10.,0.));
#4816 = VECTOR('',#4817,1.);
#4817 = DIRECTION('',(0.,-1.));
#4818 = ( GEOMETRIC_REPRESENTATION_CONTEXT(2) 
PARAMETRIC_REPRESENTATION_CONTEXT() REPRESENTATION_CONTEXT('2D SPACE',''
  ) );
#4819 = PCURVE('',#4639,#4820);
#4820 = DEFINITIONAL_REPRESENTATION('',(#4821),#4825);
#4821 = LINE('',#4822,#4823);
#4822 = CARTESIAN_POINT('',(0.,0.));
#4823 = VECTOR('',#4824,1.);
#4824 = DIRECTION('',(0.,1.));
#4825 = ( GEOMETRIC_REPRESENTATION_CONTEXT(2) 
PARAMETRIC_REPRESENTATION_CONTEXT() REPRESENTATION_CONTEXT('2D SPACE',''
  ) );
#4826 = ORIENTED_EDGE('',*,*,#4827,.F.);
#4827 = EDGE_CURVE('',#4828,#4805,#4830,.T.);
#4828 = VERTEX_POINT('',#4829);
#4829 = CARTESIAN_POINT('',(-3.375,-10.55,0.));
#4830 = SURFACE_CURVE('',#4831,(#4835,#4842),.PCURVE_S1.);
#4831 = LINE('',#4832,#4833);
#4832 = CARTESIAN_POINT('',(-3.375,-10.55,0.));
#4833 = VECTOR('',#4834,1.);
#4834 = DIRECTION('',(0.,0.,1.));
#4835 = PCURVE('',#516,#4836);
#4836 = DEFINITIONAL_REPRESENTATION('',(#4837),#4841);
#4837 = LINE('',#4838,#4839);
#4838 = CARTESIAN_POINT('',(0.,0.));
#4839 = VECTOR('',#4840,1.);
#4840 = DIRECTION('',(1.,0.));
#4841 = ( GEOMETRIC_REPRESENTATION_CONTEXT(2) 
PARAMETRIC_REPRESENTATION_CONTEXT() REPRESENTATION_CONTEXT('2D SPACE',''
  ) );
#4842 = PCURVE('',#4667,#4843);
#4843 = DEFINITIONAL_REPRESENTATION('',(#4844),#4848);
#4844 = LINE('',#4845,#4846);
#4845 = CARTESIAN_POINT('',(0.,0.));
#4846 = VECTOR('',#4847,1.);
#4847 = DIRECTION('',(1.,0.));
#4848 = ( GEOMETRIC_REPRESENTATION_CONTEXT(2) 
PARAMETRIC_REPRESENTATION_CONTEXT() REPRESENTATION_CONTEXT('2D SPACE',''
  ) );
#4849 = ORIENTED_EDGE('',*,*,#4850,.T.);
#4850 = EDGE_CURVE('',#4828,#4851,#4853,.T.);
#4851 = VERTEX_POINT('',#4852);
#4852 = CARTESIAN_POINT('',(-3.375,-10.25,0.));
#4853 = SURFACE_CURVE('',#4854,(#4858,#4865),.PCURVE_S1.);
#4854 = LINE('',#4855,#4856);
#4855 = CARTESIAN_POINT('',(-3.375,-10.55,0.));
#4856 = VECTOR('',#4857,1.);
#4857 = DIRECTION('',(0.,1.,0.));
#4858 = PCURVE('',#516,#4859);
#4859 = DEFINITIONAL_REPRESENTATION('',(#4860),#4864);
#4860 = LINE('',#4861,#4862);
#4861 = CARTESIAN_POINT('',(0.,0.));
#4862 = VECTOR('',#4863,1.);
#4863 = DIRECTION('',(0.,-1.));
#4864 = ( GEOMETRIC_REPRESENTATION_CONTEXT(2) 
PARAMETRIC_REPRESENTATION_CONTEXT() REPRESENTATION_CONTEXT('2D SPACE',''
  ) );
#4865 = PCURVE('',#4695,#4866);
#4866 = DEFINITIONAL_REPRESENTATION('',(#4867),#4871);
#4867 = LINE('',#4868,#4869);
#4868 = CARTESIAN_POINT('',(0.,0.));
#4869 = VECTOR('',#4870,1.);
#4870 = DIRECTION('',(0.,1.));
#4871 = ( GEOMETRIC_REPRESENTATION_CONTEXT(2) 
PARAMETRIC_REPRESENTATION_CONTEXT() REPRESENTATION_CONTEXT('2D SPACE',''
  ) );
#4872 = ORIENTED_EDGE('',*,*,#4873,.T.);
#4873 = EDGE_CURVE('',#4851,#1559,#4874,.T.);
#4874 = SURFACE_CURVE('',#4875,(#4879,#4886),.PCURVE_S1.);
#4875 = LINE('',#4876,#4877);
#4876 = CARTESIAN_POINT('',(-3.375,-10.25,0.));
#4877 = VECTOR('',#4878,1.);
#4878 = DIRECTION('',(0.,0.,1.));
#4879 = PCURVE('',#516,#4880);
#4880 = DEFINITIONAL_REPRESENTATION('',(#4881),#4885);
#4881 = LINE('',#4882,#4883);
#4882 = CARTESIAN_POINT('',(0.,-0.3));
#4883 = VECTOR('',#4884,1.);
#4884 = DIRECTION('',(1.,0.));
#4885 = ( GEOMETRIC_REPRESENTATION_CONTEXT(2) 
PARAMETRIC_REPRESENTATION_CONTEXT() REPRESENTATION_CONTEXT('2D SPACE',''
  ) );
#4886 = PCURVE('',#1594,#4887);
#4887 = DEFINITIONAL_REPRESENTATION('',(#4888),#4892);
#4888 = LINE('',#4889,#4890);
#4889 = CARTESIAN_POINT('',(0.,0.));
#4890 = VECTOR('',#4891,1.);
#4891 = DIRECTION('',(1.,0.));
#4892 = ( GEOMETRIC_REPRESENTATION_CONTEXT(2) 
PARAMETRIC_REPRESENTATION_CONTEXT() REPRESENTATION_CONTEXT('2D SPACE',''
  ) );
#4893 = ORIENTED_EDGE('',*,*,#1558,.T.);
#4894 = ORIENTED_EDGE('',*,*,#4895,.T.);
#4895 = EDGE_CURVE('',#1536,#474,#4896,.T.);
#4896 = SURFACE_CURVE('',#4897,(#4901,#4907),.PCURVE_S1.);
#4897 = LINE('',#4898,#4899);
#4898 = CARTESIAN_POINT('',(-3.375,-10.4,3.5));
#4899 = VECTOR('',#4900,1.);
#4900 = DIRECTION('',(0.,0.,1.));
#4901 = PCURVE('',#516,#4902);
#4902 = DEFINITIONAL_REPRESENTATION('',(#4903),#4906);
#4903 = B_SPLINE_CURVE_WITH_KNOTS('',1,(#4904,#4905),.UNSPECIFIED.,.F.,
  .F.,(2,2),(3.5,4.6),.PIECEWISE_BEZIER_KNOTS.);
#4904 = CARTESIAN_POINT('',(7.,-0.15));
#4905 = CARTESIAN_POINT('',(8.1,-0.15));
#4906 = ( GEOMETRIC_REPRESENTATION_CONTEXT(2) 
PARAMETRIC_REPRESENTATION_CONTEXT() REPRESENTATION_CONTEXT('2D SPACE',''
  ) );
#4907 = PCURVE('',#489,#4908);
#4908 = DEFINITIONAL_REPRESENTATION('',(#4909),#4912);
#4909 = B_SPLINE_CURVE_WITH_KNOTS('',1,(#4910,#4911),.UNSPECIFIED.,.F.,
  .F.,(2,2),(3.5,4.6),.PIECEWISE_BEZIER_KNOTS.);
#4910 = CARTESIAN_POINT('',(-1.7763568394E-15,23.915));
#4911 = CARTESIAN_POINT('',(1.1,23.915));
#4912 = ( GEOMETRIC_REPRESENTATION_CONTEXT(2) 
PARAMETRIC_REPRESENTATION_CONTEXT() REPRESENTATION_CONTEXT('2D SPACE',''
  ) );
#4913 = ORIENTED_EDGE('',*,*,#501,.F.);
#4914 = ORIENTED_EDGE('',*,*,#4757,.T.);
#4915 = ADVANCED_FACE('',(#4916),#489,.F.);
#4916 = FACE_BOUND('',#4917,.F.);
#4917 = EDGE_LOOP('',(#4918,#4919,#4920,#4921));
#4918 = ORIENTED_EDGE('',*,*,#1535,.F.);
#4919 = ORIENTED_EDGE('',*,*,#2452,.T.);
#4920 = ORIENTED_EDGE('',*,*,#473,.T.);
#4921 = ORIENTED_EDGE('',*,*,#4895,.F.);
#4922 = ADVANCED_FACE('',(#4923),#417,.T.);
#4923 = FACE_BOUND('',#4924,.T.);
#4924 = EDGE_LOOP('',(#4925,#4926,#4927,#4928));
#4925 = ORIENTED_EDGE('',*,*,#1469,.T.);
#4926 = ORIENTED_EDGE('',*,*,#1418,.T.);
#4927 = ORIENTED_EDGE('',*,*,#400,.F.);
#4928 = ORIENTED_EDGE('',*,*,#2477,.F.);
#4929 = ADVANCED_FACE('',(#4930),#2140,.T.);
#4930 = FACE_BOUND('',#4931,.T.);
#4931 = EDGE_LOOP('',(#4932,#4933,#4954,#4955));
#4932 = ORIENTED_EDGE('',*,*,#2769,.F.);
#4933 = ORIENTED_EDGE('',*,*,#4934,.F.);
#4934 = EDGE_CURVE('',#2913,#2742,#4935,.T.);
#4935 = SURFACE_CURVE('',#4936,(#4940,#4947),.PCURVE_S1.);
#4936 = LINE('',#4937,#4938);
#4937 = CARTESIAN_POINT('',(4.245,-10.25,0.));
#4938 = VECTOR('',#4939,1.);
#4939 = DIRECTION('',(1.,0.,0.));
#4940 = PCURVE('',#2140,#4941);
#4941 = DEFINITIONAL_REPRESENTATION('',(#4942),#4946);
#4942 = LINE('',#4943,#4944);
#4943 = CARTESIAN_POINT('',(0.,0.));
#4944 = VECTOR('',#4945,1.);
#4945 = DIRECTION('',(0.,1.));
#4946 = ( GEOMETRIC_REPRESENTATION_CONTEXT(2) 
PARAMETRIC_REPRESENTATION_CONTEXT() REPRESENTATION_CONTEXT('2D SPACE',''
  ) );
#4947 = PCURVE('',#2757,#4948);
#4948 = DEFINITIONAL_REPRESENTATION('',(#4949),#4953);
#4949 = LINE('',#4950,#4951);
#4950 = CARTESIAN_POINT('',(0.,0.3));
#4951 = VECTOR('',#4952,1.);
#4952 = DIRECTION('',(1.,0.));
#4953 = ( GEOMETRIC_REPRESENTATION_CONTEXT(2) 
PARAMETRIC_REPRESENTATION_CONTEXT() REPRESENTATION_CONTEXT('2D SPACE',''
  ) );
#4954 = ORIENTED_EDGE('',*,*,#2935,.T.);
#4955 = ORIENTED_EDGE('',*,*,#2125,.T.);
#4956 = ADVANCED_FACE('',(#4957),#2049,.T.);
#4957 = FACE_BOUND('',#4958,.T.);
#4958 = EDGE_LOOP('',(#4959,#4960,#4981,#4982));
#4959 = ORIENTED_EDGE('',*,*,#3092,.F.);
#4960 = ORIENTED_EDGE('',*,*,#4961,.F.);
#4961 = EDGE_CURVE('',#3236,#3065,#4962,.T.);
#4962 = SURFACE_CURVE('',#4963,(#4967,#4974),.PCURVE_S1.);
#4963 = LINE('',#4964,#4965);
#4964 = CARTESIAN_POINT('',(2.975,-10.25,0.));
#4965 = VECTOR('',#4966,1.);
#4966 = DIRECTION('',(1.,0.,0.));
#4967 = PCURVE('',#2049,#4968);
#4968 = DEFINITIONAL_REPRESENTATION('',(#4969),#4973);
#4969 = LINE('',#4970,#4971);
#4970 = CARTESIAN_POINT('',(0.,0.));
#4971 = VECTOR('',#4972,1.);
#4972 = DIRECTION('',(0.,1.));
#4973 = ( GEOMETRIC_REPRESENTATION_CONTEXT(2) 
PARAMETRIC_REPRESENTATION_CONTEXT() REPRESENTATION_CONTEXT('2D SPACE',''
  ) );
#4974 = PCURVE('',#3080,#4975);
#4975 = DEFINITIONAL_REPRESENTATION('',(#4976),#4980);
#4976 = LINE('',#4977,#4978);
#4977 = CARTESIAN_POINT('',(0.,0.3));
#4978 = VECTOR('',#4979,1.);
#4979 = DIRECTION('',(1.,0.));
#4980 = ( GEOMETRIC_REPRESENTATION_CONTEXT(2) 
PARAMETRIC_REPRESENTATION_CONTEXT() REPRESENTATION_CONTEXT('2D SPACE',''
  ) );
#4981 = ORIENTED_EDGE('',*,*,#3258,.T.);
#4982 = ORIENTED_EDGE('',*,*,#2034,.T.);
#4983 = ADVANCED_FACE('',(#4984),#1958,.T.);
#4984 = FACE_BOUND('',#4985,.T.);
#4985 = EDGE_LOOP('',(#4986,#4987,#5008,#5009));
#4986 = ORIENTED_EDGE('',*,*,#3415,.F.);
#4987 = ORIENTED_EDGE('',*,*,#4988,.F.);
#4988 = EDGE_CURVE('',#3559,#3388,#4989,.T.);
#4989 = SURFACE_CURVE('',#4990,(#4994,#5001),.PCURVE_S1.);
#4990 = LINE('',#4991,#4992);
#4991 = CARTESIAN_POINT('',(1.705,-10.25,0.));
#4992 = VECTOR('',#4993,1.);
#4993 = DIRECTION('',(1.,0.,0.));
#4994 = PCURVE('',#1958,#4995);
#4995 = DEFINITIONAL_REPRESENTATION('',(#4996),#5000);
#4996 = LINE('',#4997,#4998);
#4997 = CARTESIAN_POINT('',(0.,0.));
#4998 = VECTOR('',#4999,1.);
#4999 = DIRECTION('',(0.,1.));
#5000 = ( GEOMETRIC_REPRESENTATION_CONTEXT(2) 
PARAMETRIC_REPRESENTATION_CONTEXT() REPRESENTATION_CONTEXT('2D SPACE',''
  ) );
#5001 = PCURVE('',#3403,#5002);
#5002 = DEFINITIONAL_REPRESENTATION('',(#5003),#5007);
#5003 = LINE('',#5004,#5005);
#5004 = CARTESIAN_POINT('',(0.,0.3));
#5005 = VECTOR('',#5006,1.);
#5006 = DIRECTION('',(1.,0.));
#5007 = ( GEOMETRIC_REPRESENTATION_CONTEXT(2) 
PARAMETRIC_REPRESENTATION_CONTEXT() REPRESENTATION_CONTEXT('2D SPACE',''
  ) );
#5008 = ORIENTED_EDGE('',*,*,#3581,.T.);
#5009 = ORIENTED_EDGE('',*,*,#1943,.T.);
#5010 = ADVANCED_FACE('',(#5011),#1867,.T.);
#5011 = FACE_BOUND('',#5012,.T.);
#5012 = EDGE_LOOP('',(#5013,#5014,#5035,#5036));
#5013 = ORIENTED_EDGE('',*,*,#3738,.F.);
#5014 = ORIENTED_EDGE('',*,*,#5015,.F.);
#5015 = EDGE_CURVE('',#3882,#3711,#5016,.T.);
#5016 = SURFACE_CURVE('',#5017,(#5021,#5028),.PCURVE_S1.);
#5017 = LINE('',#5018,#5019);
#5018 = CARTESIAN_POINT('',(0.435,-10.25,0.));
#5019 = VECTOR('',#5020,1.);
#5020 = DIRECTION('',(1.,0.,0.));
#5021 = PCURVE('',#1867,#5022);
#5022 = DEFINITIONAL_REPRESENTATION('',(#5023),#5027);
#5023 = LINE('',#5024,#5025);
#5024 = CARTESIAN_POINT('',(0.,0.));
#5025 = VECTOR('',#5026,1.);
#5026 = DIRECTION('',(0.,1.));
#5027 = ( GEOMETRIC_REPRESENTATION_CONTEXT(2) 
PARAMETRIC_REPRESENTATION_CONTEXT() REPRESENTATION_CONTEXT('2D SPACE',''
  ) );
#5028 = PCURVE('',#3726,#5029);
#5029 = DEFINITIONAL_REPRESENTATION('',(#5030),#5034);
#5030 = LINE('',#5031,#5032);
#5031 = CARTESIAN_POINT('',(0.,0.3));
#5032 = VECTOR('',#5033,1.);
#5033 = DIRECTION('',(1.,0.));
#5034 = ( GEOMETRIC_REPRESENTATION_CONTEXT(2) 
PARAMETRIC_REPRESENTATION_CONTEXT() REPRESENTATION_CONTEXT('2D SPACE',''
  ) );
#5035 = ORIENTED_EDGE('',*,*,#3904,.T.);
#5036 = ORIENTED_EDGE('',*,*,#1852,.T.);
#5037 = ADVANCED_FACE('',(#5038),#1776,.T.);
#5038 = FACE_BOUND('',#5039,.T.);
#5039 = EDGE_LOOP('',(#5040,#5041,#5062,#5063));
#5040 = ORIENTED_EDGE('',*,*,#4061,.F.);
#5041 = ORIENTED_EDGE('',*,*,#5042,.F.);
#5042 = EDGE_CURVE('',#4205,#4034,#5043,.T.);
#5043 = SURFACE_CURVE('',#5044,(#5048,#5055),.PCURVE_S1.);
#5044 = LINE('',#5045,#5046);
#5045 = CARTESIAN_POINT('',(-0.835,-10.25,0.));
#5046 = VECTOR('',#5047,1.);
#5047 = DIRECTION('',(1.,0.,0.));
#5048 = PCURVE('',#1776,#5049);
#5049 = DEFINITIONAL_REPRESENTATION('',(#5050),#5054);
#5050 = LINE('',#5051,#5052);
#5051 = CARTESIAN_POINT('',(0.,0.));
#5052 = VECTOR('',#5053,1.);
#5053 = DIRECTION('',(0.,1.));
#5054 = ( GEOMETRIC_REPRESENTATION_CONTEXT(2) 
PARAMETRIC_REPRESENTATION_CONTEXT() REPRESENTATION_CONTEXT('2D SPACE',''
  ) );
#5055 = PCURVE('',#4049,#5056);
#5056 = DEFINITIONAL_REPRESENTATION('',(#5057),#5061);
#5057 = LINE('',#5058,#5059);
#5058 = CARTESIAN_POINT('',(0.,0.3));
#5059 = VECTOR('',#5060,1.);
#5060 = DIRECTION('',(1.,0.));
#5061 = ( GEOMETRIC_REPRESENTATION_CONTEXT(2) 
PARAMETRIC_REPRESENTATION_CONTEXT() REPRESENTATION_CONTEXT('2D SPACE',''
  ) );
#5062 = ORIENTED_EDGE('',*,*,#4227,.T.);
#5063 = ORIENTED_EDGE('',*,*,#1761,.T.);
#5064 = ADVANCED_FACE('',(#5065),#1685,.T.);
#5065 = FACE_BOUND('',#5066,.T.);
#5066 = EDGE_LOOP('',(#5067,#5068,#5089,#5090));
#5067 = ORIENTED_EDGE('',*,*,#4384,.F.);
#5068 = ORIENTED_EDGE('',*,*,#5069,.F.);
#5069 = EDGE_CURVE('',#4528,#4357,#5070,.T.);
#5070 = SURFACE_CURVE('',#5071,(#5075,#5082),.PCURVE_S1.);
#5071 = LINE('',#5072,#5073);
#5072 = CARTESIAN_POINT('',(-2.105,-10.25,0.));
#5073 = VECTOR('',#5074,1.);
#5074 = DIRECTION('',(1.,0.,0.));
#5075 = PCURVE('',#1685,#5076);
#5076 = DEFINITIONAL_REPRESENTATION('',(#5077),#5081);
#5077 = LINE('',#5078,#5079);
#5078 = CARTESIAN_POINT('',(0.,0.));
#5079 = VECTOR('',#5080,1.);
#5080 = DIRECTION('',(0.,1.));
#5081 = ( GEOMETRIC_REPRESENTATION_CONTEXT(2) 
PARAMETRIC_REPRESENTATION_CONTEXT() REPRESENTATION_CONTEXT('2D SPACE',''
  ) );
#5082 = PCURVE('',#4372,#5083);
#5083 = DEFINITIONAL_REPRESENTATION('',(#5084),#5088);
#5084 = LINE('',#5085,#5086);
#5085 = CARTESIAN_POINT('',(0.,0.3));
#5086 = VECTOR('',#5087,1.);
#5087 = DIRECTION('',(1.,0.));
#5088 = ( GEOMETRIC_REPRESENTATION_CONTEXT(2) 
PARAMETRIC_REPRESENTATION_CONTEXT() REPRESENTATION_CONTEXT('2D SPACE',''
  ) );
#5089 = ORIENTED_EDGE('',*,*,#4550,.T.);
#5090 = ORIENTED_EDGE('',*,*,#1670,.T.);
#5091 = ADVANCED_FACE('',(#5092),#1594,.T.);
#5092 = FACE_BOUND('',#5093,.T.);
#5093 = EDGE_LOOP('',(#5094,#5095,#5116,#5117));
#5094 = ORIENTED_EDGE('',*,*,#4707,.F.);
#5095 = ORIENTED_EDGE('',*,*,#5096,.F.);
#5096 = EDGE_CURVE('',#4851,#4680,#5097,.T.);
#5097 = SURFACE_CURVE('',#5098,(#5102,#5109),.PCURVE_S1.);
#5098 = LINE('',#5099,#5100);
#5099 = CARTESIAN_POINT('',(-3.375,-10.25,0.));
#5100 = VECTOR('',#5101,1.);
#5101 = DIRECTION('',(1.,0.,0.));
#5102 = PCURVE('',#1594,#5103);
#5103 = DEFINITIONAL_REPRESENTATION('',(#5104),#5108);
#5104 = LINE('',#5105,#5106);
#5105 = CARTESIAN_POINT('',(0.,0.));
#5106 = VECTOR('',#5107,1.);
#5107 = DIRECTION('',(0.,1.));
#5108 = ( GEOMETRIC_REPRESENTATION_CONTEXT(2) 
PARAMETRIC_REPRESENTATION_CONTEXT() REPRESENTATION_CONTEXT('2D SPACE',''
  ) );
#5109 = PCURVE('',#4695,#5110);
#5110 = DEFINITIONAL_REPRESENTATION('',(#5111),#5115);
#5111 = LINE('',#5112,#5113);
#5112 = CARTESIAN_POINT('',(0.,0.3));
#5113 = VECTOR('',#5114,1.);
#5114 = DIRECTION('',(1.,0.));
#5115 = ( GEOMETRIC_REPRESENTATION_CONTEXT(2) 
PARAMETRIC_REPRESENTATION_CONTEXT() REPRESENTATION_CONTEXT('2D SPACE',''
  ) );
#5116 = ORIENTED_EDGE('',*,*,#4873,.T.);
#5117 = ORIENTED_EDGE('',*,*,#1579,.T.);
#5118 = ADVANCED_FACE('',(#5119),#2701,.T.);
#5119 = FACE_BOUND('',#5120,.T.);
#5120 = EDGE_LOOP('',(#5121,#5122,#5143,#5144));
#5121 = ORIENTED_EDGE('',*,*,#2866,.F.);
#5122 = ORIENTED_EDGE('',*,*,#5123,.T.);
#5123 = EDGE_CURVE('',#2867,#2684,#5124,.T.);
#5124 = SURFACE_CURVE('',#5125,(#5129,#5136),.PCURVE_S1.);
#5125 = LINE('',#5126,#5127);
#5126 = CARTESIAN_POINT('',(4.245,-10.55,10.));
#5127 = VECTOR('',#5128,1.);
#5128 = DIRECTION('',(1.,0.,0.));
#5129 = PCURVE('',#2701,#5130);
#5130 = DEFINITIONAL_REPRESENTATION('',(#5131),#5135);
#5131 = LINE('',#5132,#5133);
#5132 = CARTESIAN_POINT('',(0.,0.));
#5133 = VECTOR('',#5134,1.);
#5134 = DIRECTION('',(1.,0.));
#5135 = ( GEOMETRIC_REPRESENTATION_CONTEXT(2) 
PARAMETRIC_REPRESENTATION_CONTEXT() REPRESENTATION_CONTEXT('2D SPACE',''
  ) );
#5136 = PCURVE('',#2729,#5137);
#5137 = DEFINITIONAL_REPRESENTATION('',(#5138),#5142);
#5138 = LINE('',#5139,#5140);
#5139 = CARTESIAN_POINT('',(10.,0.));
#5140 = VECTOR('',#5141,1.);
#5141 = DIRECTION('',(0.,1.));
#5142 = ( GEOMETRIC_REPRESENTATION_CONTEXT(2) 
PARAMETRIC_REPRESENTATION_CONTEXT() REPRESENTATION_CONTEXT('2D SPACE',''
  ) );
#5143 = ORIENTED_EDGE('',*,*,#2683,.T.);
#5144 = ORIENTED_EDGE('',*,*,#2842,.F.);
#5145 = ADVANCED_FACE('',(#5146),#2757,.F.);
#5146 = FACE_BOUND('',#5147,.F.);
#5147 = EDGE_LOOP('',(#5148,#5149,#5170,#5171));
#5148 = ORIENTED_EDGE('',*,*,#2912,.F.);
#5149 = ORIENTED_EDGE('',*,*,#5150,.T.);
#5150 = EDGE_CURVE('',#2890,#2714,#5151,.T.);
#5151 = SURFACE_CURVE('',#5152,(#5156,#5163),.PCURVE_S1.);
#5152 = LINE('',#5153,#5154);
#5153 = CARTESIAN_POINT('',(4.245,-10.55,0.));
#5154 = VECTOR('',#5155,1.);
#5155 = DIRECTION('',(1.,0.,0.));
#5156 = PCURVE('',#2757,#5157);
#5157 = DEFINITIONAL_REPRESENTATION('',(#5158),#5162);
#5158 = LINE('',#5159,#5160);
#5159 = CARTESIAN_POINT('',(0.,0.));
#5160 = VECTOR('',#5161,1.);
#5161 = DIRECTION('',(1.,0.));
#5162 = ( GEOMETRIC_REPRESENTATION_CONTEXT(2) 
PARAMETRIC_REPRESENTATION_CONTEXT() REPRESENTATION_CONTEXT('2D SPACE',''
  ) );
#5163 = PCURVE('',#2729,#5164);
#5164 = DEFINITIONAL_REPRESENTATION('',(#5165),#5169);
#5165 = LINE('',#5166,#5167);
#5166 = CARTESIAN_POINT('',(0.,0.));
#5167 = VECTOR('',#5168,1.);
#5168 = DIRECTION('',(0.,1.));
#5169 = ( GEOMETRIC_REPRESENTATION_CONTEXT(2) 
PARAMETRIC_REPRESENTATION_CONTEXT() REPRESENTATION_CONTEXT('2D SPACE',''
  ) );
#5170 = ORIENTED_EDGE('',*,*,#2741,.T.);
#5171 = ORIENTED_EDGE('',*,*,#4934,.F.);
#5172 = ADVANCED_FACE('',(#5173),#2729,.F.);
#5173 = FACE_BOUND('',#5174,.F.);
#5174 = EDGE_LOOP('',(#5175,#5176,#5177,#5178));
#5175 = ORIENTED_EDGE('',*,*,#5150,.F.);
#5176 = ORIENTED_EDGE('',*,*,#2889,.T.);
#5177 = ORIENTED_EDGE('',*,*,#5123,.T.);
#5178 = ORIENTED_EDGE('',*,*,#2713,.F.);
#5179 = ADVANCED_FACE('',(#5180),#3024,.T.);
#5180 = FACE_BOUND('',#5181,.T.);
#5181 = EDGE_LOOP('',(#5182,#5183,#5204,#5205));
#5182 = ORIENTED_EDGE('',*,*,#3189,.F.);
#5183 = ORIENTED_EDGE('',*,*,#5184,.T.);
#5184 = EDGE_CURVE('',#3190,#3007,#5185,.T.);
#5185 = SURFACE_CURVE('',#5186,(#5190,#5197),.PCURVE_S1.);
#5186 = LINE('',#5187,#5188);
#5187 = CARTESIAN_POINT('',(2.975,-10.55,10.));
#5188 = VECTOR('',#5189,1.);
#5189 = DIRECTION('',(1.,0.,0.));
#5190 = PCURVE('',#3024,#5191);
#5191 = DEFINITIONAL_REPRESENTATION('',(#5192),#5196);
#5192 = LINE('',#5193,#5194);
#5193 = CARTESIAN_POINT('',(0.,0.));
#5194 = VECTOR('',#5195,1.);
#5195 = DIRECTION('',(1.,0.));
#5196 = ( GEOMETRIC_REPRESENTATION_CONTEXT(2) 
PARAMETRIC_REPRESENTATION_CONTEXT() REPRESENTATION_CONTEXT('2D SPACE',''
  ) );
#5197 = PCURVE('',#3052,#5198);
#5198 = DEFINITIONAL_REPRESENTATION('',(#5199),#5203);
#5199 = LINE('',#5200,#5201);
#5200 = CARTESIAN_POINT('',(10.,0.));
#5201 = VECTOR('',#5202,1.);
#5202 = DIRECTION('',(0.,1.));
#5203 = ( GEOMETRIC_REPRESENTATION_CONTEXT(2) 
PARAMETRIC_REPRESENTATION_CONTEXT() REPRESENTATION_CONTEXT('2D SPACE',''
  ) );
#5204 = ORIENTED_EDGE('',*,*,#3006,.T.);
#5205 = ORIENTED_EDGE('',*,*,#3165,.F.);
#5206 = ADVANCED_FACE('',(#5207),#3080,.F.);
#5207 = FACE_BOUND('',#5208,.F.);
#5208 = EDGE_LOOP('',(#5209,#5210,#5231,#5232));
#5209 = ORIENTED_EDGE('',*,*,#3235,.F.);
#5210 = ORIENTED_EDGE('',*,*,#5211,.T.);
#5211 = EDGE_CURVE('',#3213,#3037,#5212,.T.);
#5212 = SURFACE_CURVE('',#5213,(#5217,#5224),.PCURVE_S1.);
#5213 = LINE('',#5214,#5215);
#5214 = CARTESIAN_POINT('',(2.975,-10.55,0.));
#5215 = VECTOR('',#5216,1.);
#5216 = DIRECTION('',(1.,0.,0.));
#5217 = PCURVE('',#3080,#5218);
#5218 = DEFINITIONAL_REPRESENTATION('',(#5219),#5223);
#5219 = LINE('',#5220,#5221);
#5220 = CARTESIAN_POINT('',(0.,0.));
#5221 = VECTOR('',#5222,1.);
#5222 = DIRECTION('',(1.,0.));
#5223 = ( GEOMETRIC_REPRESENTATION_CONTEXT(2) 
PARAMETRIC_REPRESENTATION_CONTEXT() REPRESENTATION_CONTEXT('2D SPACE',''
  ) );
#5224 = PCURVE('',#3052,#5225);
#5225 = DEFINITIONAL_REPRESENTATION('',(#5226),#5230);
#5226 = LINE('',#5227,#5228);
#5227 = CARTESIAN_POINT('',(0.,0.));
#5228 = VECTOR('',#5229,1.);
#5229 = DIRECTION('',(0.,1.));
#5230 = ( GEOMETRIC_REPRESENTATION_CONTEXT(2) 
PARAMETRIC_REPRESENTATION_CONTEXT() REPRESENTATION_CONTEXT('2D SPACE',''
  ) );
#5231 = ORIENTED_EDGE('',*,*,#3064,.T.);
#5232 = ORIENTED_EDGE('',*,*,#4961,.F.);
#5233 = ADVANCED_FACE('',(#5234),#3052,.F.);
#5234 = FACE_BOUND('',#5235,.F.);
#5235 = EDGE_LOOP('',(#5236,#5237,#5238,#5239));
#5236 = ORIENTED_EDGE('',*,*,#5211,.F.);
#5237 = ORIENTED_EDGE('',*,*,#3212,.T.);
#5238 = ORIENTED_EDGE('',*,*,#5184,.T.);
#5239 = ORIENTED_EDGE('',*,*,#3036,.F.);
#5240 = ADVANCED_FACE('',(#5241),#3347,.T.);
#5241 = FACE_BOUND('',#5242,.T.);
#5242 = EDGE_LOOP('',(#5243,#5244,#5265,#5266));
#5243 = ORIENTED_EDGE('',*,*,#3512,.F.);
#5244 = ORIENTED_EDGE('',*,*,#5245,.T.);
#5245 = EDGE_CURVE('',#3513,#3330,#5246,.T.);
#5246 = SURFACE_CURVE('',#5247,(#5251,#5258),.PCURVE_S1.);
#5247 = LINE('',#5248,#5249);
#5248 = CARTESIAN_POINT('',(1.705,-10.55,10.));
#5249 = VECTOR('',#5250,1.);
#5250 = DIRECTION('',(1.,0.,0.));
#5251 = PCURVE('',#3347,#5252);
#5252 = DEFINITIONAL_REPRESENTATION('',(#5253),#5257);
#5253 = LINE('',#5254,#5255);
#5254 = CARTESIAN_POINT('',(0.,0.));
#5255 = VECTOR('',#5256,1.);
#5256 = DIRECTION('',(1.,0.));
#5257 = ( GEOMETRIC_REPRESENTATION_CONTEXT(2) 
PARAMETRIC_REPRESENTATION_CONTEXT() REPRESENTATION_CONTEXT('2D SPACE',''
  ) );
#5258 = PCURVE('',#3375,#5259);
#5259 = DEFINITIONAL_REPRESENTATION('',(#5260),#5264);
#5260 = LINE('',#5261,#5262);
#5261 = CARTESIAN_POINT('',(10.,0.));
#5262 = VECTOR('',#5263,1.);
#5263 = DIRECTION('',(0.,1.));
#5264 = ( GEOMETRIC_REPRESENTATION_CONTEXT(2) 
PARAMETRIC_REPRESENTATION_CONTEXT() REPRESENTATION_CONTEXT('2D SPACE',''
  ) );
#5265 = ORIENTED_EDGE('',*,*,#3329,.T.);
#5266 = ORIENTED_EDGE('',*,*,#3488,.F.);
#5267 = ADVANCED_FACE('',(#5268),#3403,.F.);
#5268 = FACE_BOUND('',#5269,.F.);
#5269 = EDGE_LOOP('',(#5270,#5271,#5292,#5293));
#5270 = ORIENTED_EDGE('',*,*,#3558,.F.);
#5271 = ORIENTED_EDGE('',*,*,#5272,.T.);
#5272 = EDGE_CURVE('',#3536,#3360,#5273,.T.);
#5273 = SURFACE_CURVE('',#5274,(#5278,#5285),.PCURVE_S1.);
#5274 = LINE('',#5275,#5276);
#5275 = CARTESIAN_POINT('',(1.705,-10.55,0.));
#5276 = VECTOR('',#5277,1.);
#5277 = DIRECTION('',(1.,0.,0.));
#5278 = PCURVE('',#3403,#5279);
#5279 = DEFINITIONAL_REPRESENTATION('',(#5280),#5284);
#5280 = LINE('',#5281,#5282);
#5281 = CARTESIAN_POINT('',(0.,0.));
#5282 = VECTOR('',#5283,1.);
#5283 = DIRECTION('',(1.,0.));
#5284 = ( GEOMETRIC_REPRESENTATION_CONTEXT(2) 
PARAMETRIC_REPRESENTATION_CONTEXT() REPRESENTATION_CONTEXT('2D SPACE',''
  ) );
#5285 = PCURVE('',#3375,#5286);
#5286 = DEFINITIONAL_REPRESENTATION('',(#5287),#5291);
#5287 = LINE('',#5288,#5289);
#5288 = CARTESIAN_POINT('',(0.,0.));
#5289 = VECTOR('',#5290,1.);
#5290 = DIRECTION('',(0.,1.));
#5291 = ( GEOMETRIC_REPRESENTATION_CONTEXT(2) 
PARAMETRIC_REPRESENTATION_CONTEXT() REPRESENTATION_CONTEXT('2D SPACE',''
  ) );
#5292 = ORIENTED_EDGE('',*,*,#3387,.T.);
#5293 = ORIENTED_EDGE('',*,*,#4988,.F.);
#5294 = ADVANCED_FACE('',(#5295),#3375,.F.);
#5295 = FACE_BOUND('',#5296,.F.);
#5296 = EDGE_LOOP('',(#5297,#5298,#5299,#5300));
#5297 = ORIENTED_EDGE('',*,*,#5272,.F.);
#5298 = ORIENTED_EDGE('',*,*,#3535,.T.);
#5299 = ORIENTED_EDGE('',*,*,#5245,.T.);
#5300 = ORIENTED_EDGE('',*,*,#3359,.F.);
#5301 = ADVANCED_FACE('',(#5302),#3670,.T.);
#5302 = FACE_BOUND('',#5303,.T.);
#5303 = EDGE_LOOP('',(#5304,#5305,#5326,#5327));
#5304 = ORIENTED_EDGE('',*,*,#3835,.F.);
#5305 = ORIENTED_EDGE('',*,*,#5306,.T.);
#5306 = EDGE_CURVE('',#3836,#3653,#5307,.T.);
#5307 = SURFACE_CURVE('',#5308,(#5312,#5319),.PCURVE_S1.);
#5308 = LINE('',#5309,#5310);
#5309 = CARTESIAN_POINT('',(0.435,-10.55,10.));
#5310 = VECTOR('',#5311,1.);
#5311 = DIRECTION('',(1.,0.,0.));
#5312 = PCURVE('',#3670,#5313);
#5313 = DEFINITIONAL_REPRESENTATION('',(#5314),#5318);
#5314 = LINE('',#5315,#5316);
#5315 = CARTESIAN_POINT('',(0.,0.));
#5316 = VECTOR('',#5317,1.);
#5317 = DIRECTION('',(1.,0.));
#5318 = ( GEOMETRIC_REPRESENTATION_CONTEXT(2) 
PARAMETRIC_REPRESENTATION_CONTEXT() REPRESENTATION_CONTEXT('2D SPACE',''
  ) );
#5319 = PCURVE('',#3698,#5320);
#5320 = DEFINITIONAL_REPRESENTATION('',(#5321),#5325);
#5321 = LINE('',#5322,#5323);
#5322 = CARTESIAN_POINT('',(10.,0.));
#5323 = VECTOR('',#5324,1.);
#5324 = DIRECTION('',(0.,1.));
#5325 = ( GEOMETRIC_REPRESENTATION_CONTEXT(2) 
PARAMETRIC_REPRESENTATION_CONTEXT() REPRESENTATION_CONTEXT('2D SPACE',''
  ) );
#5326 = ORIENTED_EDGE('',*,*,#3652,.T.);
#5327 = ORIENTED_EDGE('',*,*,#3811,.F.);
#5328 = ADVANCED_FACE('',(#5329),#3726,.F.);
#5329 = FACE_BOUND('',#5330,.F.);
#5330 = EDGE_LOOP('',(#5331,#5332,#5353,#5354));
#5331 = ORIENTED_EDGE('',*,*,#3881,.F.);
#5332 = ORIENTED_EDGE('',*,*,#5333,.T.);
#5333 = EDGE_CURVE('',#3859,#3683,#5334,.T.);
#5334 = SURFACE_CURVE('',#5335,(#5339,#5346),.PCURVE_S1.);
#5335 = LINE('',#5336,#5337);
#5336 = CARTESIAN_POINT('',(0.435,-10.55,0.));
#5337 = VECTOR('',#5338,1.);
#5338 = DIRECTION('',(1.,0.,0.));
#5339 = PCURVE('',#3726,#5340);
#5340 = DEFINITIONAL_REPRESENTATION('',(#5341),#5345);
#5341 = LINE('',#5342,#5343);
#5342 = CARTESIAN_POINT('',(0.,0.));
#5343 = VECTOR('',#5344,1.);
#5344 = DIRECTION('',(1.,0.));
#5345 = ( GEOMETRIC_REPRESENTATION_CONTEXT(2) 
PARAMETRIC_REPRESENTATION_CONTEXT() REPRESENTATION_CONTEXT('2D SPACE',''
  ) );
#5346 = PCURVE('',#3698,#5347);
#5347 = DEFINITIONAL_REPRESENTATION('',(#5348),#5352);
#5348 = LINE('',#5349,#5350);
#5349 = CARTESIAN_POINT('',(0.,0.));
#5350 = VECTOR('',#5351,1.);
#5351 = DIRECTION('',(0.,1.));
#5352 = ( GEOMETRIC_REPRESENTATION_CONTEXT(2) 
PARAMETRIC_REPRESENTATION_CONTEXT() REPRESENTATION_CONTEXT('2D SPACE',''
  ) );
#5353 = ORIENTED_EDGE('',*,*,#3710,.T.);
#5354 = ORIENTED_EDGE('',*,*,#5015,.F.);
#5355 = ADVANCED_FACE('',(#5356),#3698,.F.);
#5356 = FACE_BOUND('',#5357,.F.);
#5357 = EDGE_LOOP('',(#5358,#5359,#5360,#5361));
#5358 = ORIENTED_EDGE('',*,*,#5333,.F.);
#5359 = ORIENTED_EDGE('',*,*,#3858,.T.);
#5360 = ORIENTED_EDGE('',*,*,#5306,.T.);
#5361 = ORIENTED_EDGE('',*,*,#3682,.F.);
#5362 = ADVANCED_FACE('',(#5363),#3993,.T.);
#5363 = FACE_BOUND('',#5364,.T.);
#5364 = EDGE_LOOP('',(#5365,#5366,#5387,#5388));
#5365 = ORIENTED_EDGE('',*,*,#4158,.F.);
#5366 = ORIENTED_EDGE('',*,*,#5367,.T.);
#5367 = EDGE_CURVE('',#4159,#3976,#5368,.T.);
#5368 = SURFACE_CURVE('',#5369,(#5373,#5380),.PCURVE_S1.);
#5369 = LINE('',#5370,#5371);
#5370 = CARTESIAN_POINT('',(-0.835,-10.55,10.));
#5371 = VECTOR('',#5372,1.);
#5372 = DIRECTION('',(1.,0.,0.));
#5373 = PCURVE('',#3993,#5374);
#5374 = DEFINITIONAL_REPRESENTATION('',(#5375),#5379);
#5375 = LINE('',#5376,#5377);
#5376 = CARTESIAN_POINT('',(0.,0.));
#5377 = VECTOR('',#5378,1.);
#5378 = DIRECTION('',(1.,0.));
#5379 = ( GEOMETRIC_REPRESENTATION_CONTEXT(2) 
PARAMETRIC_REPRESENTATION_CONTEXT() REPRESENTATION_CONTEXT('2D SPACE',''
  ) );
#5380 = PCURVE('',#4021,#5381);
#5381 = DEFINITIONAL_REPRESENTATION('',(#5382),#5386);
#5382 = LINE('',#5383,#5384);
#5383 = CARTESIAN_POINT('',(10.,0.));
#5384 = VECTOR('',#5385,1.);
#5385 = DIRECTION('',(0.,1.));
#5386 = ( GEOMETRIC_REPRESENTATION_CONTEXT(2) 
PARAMETRIC_REPRESENTATION_CONTEXT() REPRESENTATION_CONTEXT('2D SPACE',''
  ) );
#5387 = ORIENTED_EDGE('',*,*,#3975,.T.);
#5388 = ORIENTED_EDGE('',*,*,#4134,.F.);
#5389 = ADVANCED_FACE('',(#5390),#4049,.F.);
#5390 = FACE_BOUND('',#5391,.F.);
#5391 = EDGE_LOOP('',(#5392,#5393,#5414,#5415));
#5392 = ORIENTED_EDGE('',*,*,#4204,.F.);
#5393 = ORIENTED_EDGE('',*,*,#5394,.T.);
#5394 = EDGE_CURVE('',#4182,#4006,#5395,.T.);
#5395 = SURFACE_CURVE('',#5396,(#5400,#5407),.PCURVE_S1.);
#5396 = LINE('',#5397,#5398);
#5397 = CARTESIAN_POINT('',(-0.835,-10.55,0.));
#5398 = VECTOR('',#5399,1.);
#5399 = DIRECTION('',(1.,0.,0.));
#5400 = PCURVE('',#4049,#5401);
#5401 = DEFINITIONAL_REPRESENTATION('',(#5402),#5406);
#5402 = LINE('',#5403,#5404);
#5403 = CARTESIAN_POINT('',(0.,0.));
#5404 = VECTOR('',#5405,1.);
#5405 = DIRECTION('',(1.,0.));
#5406 = ( GEOMETRIC_REPRESENTATION_CONTEXT(2) 
PARAMETRIC_REPRESENTATION_CONTEXT() REPRESENTATION_CONTEXT('2D SPACE',''
  ) );
#5407 = PCURVE('',#4021,#5408);
#5408 = DEFINITIONAL_REPRESENTATION('',(#5409),#5413);
#5409 = LINE('',#5410,#5411);
#5410 = CARTESIAN_POINT('',(0.,0.));
#5411 = VECTOR('',#5412,1.);
#5412 = DIRECTION('',(0.,1.));
#5413 = ( GEOMETRIC_REPRESENTATION_CONTEXT(2) 
PARAMETRIC_REPRESENTATION_CONTEXT() REPRESENTATION_CONTEXT('2D SPACE',''
  ) );
#5414 = ORIENTED_EDGE('',*,*,#4033,.T.);
#5415 = ORIENTED_EDGE('',*,*,#5042,.F.);
#5416 = ADVANCED_FACE('',(#5417),#4021,.F.);
#5417 = FACE_BOUND('',#5418,.F.);
#5418 = EDGE_LOOP('',(#5419,#5420,#5421,#5422));
#5419 = ORIENTED_EDGE('',*,*,#5394,.F.);
#5420 = ORIENTED_EDGE('',*,*,#4181,.T.);
#5421 = ORIENTED_EDGE('',*,*,#5367,.T.);
#5422 = ORIENTED_EDGE('',*,*,#4005,.F.);
#5423 = ADVANCED_FACE('',(#5424),#4316,.T.);
#5424 = FACE_BOUND('',#5425,.T.);
#5425 = EDGE_LOOP('',(#5426,#5427,#5448,#5449));
#5426 = ORIENTED_EDGE('',*,*,#4481,.F.);
#5427 = ORIENTED_EDGE('',*,*,#5428,.T.);
#5428 = EDGE_CURVE('',#4482,#4299,#5429,.T.);
#5429 = SURFACE_CURVE('',#5430,(#5434,#5441),.PCURVE_S1.);
#5430 = LINE('',#5431,#5432);
#5431 = CARTESIAN_POINT('',(-2.105,-10.55,10.));
#5432 = VECTOR('',#5433,1.);
#5433 = DIRECTION('',(1.,0.,0.));
#5434 = PCURVE('',#4316,#5435);
#5435 = DEFINITIONAL_REPRESENTATION('',(#5436),#5440);
#5436 = LINE('',#5437,#5438);
#5437 = CARTESIAN_POINT('',(0.,0.));
#5438 = VECTOR('',#5439,1.);
#5439 = DIRECTION('',(1.,0.));
#5440 = ( GEOMETRIC_REPRESENTATION_CONTEXT(2) 
PARAMETRIC_REPRESENTATION_CONTEXT() REPRESENTATION_CONTEXT('2D SPACE',''
  ) );
#5441 = PCURVE('',#4344,#5442);
#5442 = DEFINITIONAL_REPRESENTATION('',(#5443),#5447);
#5443 = LINE('',#5444,#5445);
#5444 = CARTESIAN_POINT('',(10.,0.));
#5445 = VECTOR('',#5446,1.);
#5446 = DIRECTION('',(0.,1.));
#5447 = ( GEOMETRIC_REPRESENTATION_CONTEXT(2) 
PARAMETRIC_REPRESENTATION_CONTEXT() REPRESENTATION_CONTEXT('2D SPACE',''
  ) );
#5448 = ORIENTED_EDGE('',*,*,#4298,.T.);
#5449 = ORIENTED_EDGE('',*,*,#4457,.F.);
#5450 = ADVANCED_FACE('',(#5451),#4372,.F.);
#5451 = FACE_BOUND('',#5452,.F.);
#5452 = EDGE_LOOP('',(#5453,#5454,#5475,#5476));
#5453 = ORIENTED_EDGE('',*,*,#4527,.F.);
#5454 = ORIENTED_EDGE('',*,*,#5455,.T.);
#5455 = EDGE_CURVE('',#4505,#4329,#5456,.T.);
#5456 = SURFACE_CURVE('',#5457,(#5461,#5468),.PCURVE_S1.);
#5457 = LINE('',#5458,#5459);
#5458 = CARTESIAN_POINT('',(-2.105,-10.55,0.));
#5459 = VECTOR('',#5460,1.);
#5460 = DIRECTION('',(1.,0.,0.));
#5461 = PCURVE('',#4372,#5462);
#5462 = DEFINITIONAL_REPRESENTATION('',(#5463),#5467);
#5463 = LINE('',#5464,#5465);
#5464 = CARTESIAN_POINT('',(0.,0.));
#5465 = VECTOR('',#5466,1.);
#5466 = DIRECTION('',(1.,0.));
#5467 = ( GEOMETRIC_REPRESENTATION_CONTEXT(2) 
PARAMETRIC_REPRESENTATION_CONTEXT() REPRESENTATION_CONTEXT('2D SPACE',''
  ) );
#5468 = PCURVE('',#4344,#5469);
#5469 = DEFINITIONAL_REPRESENTATION('',(#5470),#5474);
#5470 = LINE('',#5471,#5472);
#5471 = CARTESIAN_POINT('',(0.,0.));
#5472 = VECTOR('',#5473,1.);
#5473 = DIRECTION('',(0.,1.));
#5474 = ( GEOMETRIC_REPRESENTATION_CONTEXT(2) 
PARAMETRIC_REPRESENTATION_CONTEXT() REPRESENTATION_CONTEXT('2D SPACE',''
  ) );
#5475 = ORIENTED_EDGE('',*,*,#4356,.T.);
#5476 = ORIENTED_EDGE('',*,*,#5069,.F.);
#5477 = ADVANCED_FACE('',(#5478),#4344,.F.);
#5478 = FACE_BOUND('',#5479,.F.);
#5479 = EDGE_LOOP('',(#5480,#5481,#5482,#5483));
#5480 = ORIENTED_EDGE('',*,*,#5455,.F.);
#5481 = ORIENTED_EDGE('',*,*,#4504,.T.);
#5482 = ORIENTED_EDGE('',*,*,#5428,.T.);
#5483 = ORIENTED_EDGE('',*,*,#4328,.F.);
#5484 = ADVANCED_FACE('',(#5485),#4639,.T.);
#5485 = FACE_BOUND('',#5486,.T.);
#5486 = EDGE_LOOP('',(#5487,#5488,#5509,#5510));
#5487 = ORIENTED_EDGE('',*,*,#4804,.F.);
#5488 = ORIENTED_EDGE('',*,*,#5489,.T.);
#5489 = EDGE_CURVE('',#4805,#4622,#5490,.T.);
#5490 = SURFACE_CURVE('',#5491,(#5495,#5502),.PCURVE_S1.);
#5491 = LINE('',#5492,#5493);
#5492 = CARTESIAN_POINT('',(-3.375,-10.55,10.));
#5493 = VECTOR('',#5494,1.);
#5494 = DIRECTION('',(1.,0.,0.));
#5495 = PCURVE('',#4639,#5496);
#5496 = DEFINITIONAL_REPRESENTATION('',(#5497),#5501);
#5497 = LINE('',#5498,#5499);
#5498 = CARTESIAN_POINT('',(0.,0.));
#5499 = VECTOR('',#5500,1.);
#5500 = DIRECTION('',(1.,0.));
#5501 = ( GEOMETRIC_REPRESENTATION_CONTEXT(2) 
PARAMETRIC_REPRESENTATION_CONTEXT() REPRESENTATION_CONTEXT('2D SPACE',''
  ) );
#5502 = PCURVE('',#4667,#5503);
#5503 = DEFINITIONAL_REPRESENTATION('',(#5504),#5508);
#5504 = LINE('',#5505,#5506);
#5505 = CARTESIAN_POINT('',(10.,0.));
#5506 = VECTOR('',#5507,1.);
#5507 = DIRECTION('',(0.,1.));
#5508 = ( GEOMETRIC_REPRESENTATION_CONTEXT(2) 
PARAMETRIC_REPRESENTATION_CONTEXT() REPRESENTATION_CONTEXT('2D SPACE',''
  ) );
#5509 = ORIENTED_EDGE('',*,*,#4621,.T.);
#5510 = ORIENTED_EDGE('',*,*,#4780,.F.);
#5511 = ADVANCED_FACE('',(#5512),#4695,.F.);
#5512 = FACE_BOUND('',#5513,.F.);
#5513 = EDGE_LOOP('',(#5514,#5515,#5536,#5537));
#5514 = ORIENTED_EDGE('',*,*,#4850,.F.);
#5515 = ORIENTED_EDGE('',*,*,#5516,.T.);
#5516 = EDGE_CURVE('',#4828,#4652,#5517,.T.);
#5517 = SURFACE_CURVE('',#5518,(#5522,#5529),.PCURVE_S1.);
#5518 = LINE('',#5519,#5520);
#5519 = CARTESIAN_POINT('',(-3.375,-10.55,0.));
#5520 = VECTOR('',#5521,1.);
#5521 = DIRECTION('',(1.,0.,0.));
#5522 = PCURVE('',#4695,#5523);
#5523 = DEFINITIONAL_REPRESENTATION('',(#5524),#5528);
#5524 = LINE('',#5525,#5526);
#5525 = CARTESIAN_POINT('',(0.,0.));
#5526 = VECTOR('',#5527,1.);
#5527 = DIRECTION('',(1.,0.));
#5528 = ( GEOMETRIC_REPRESENTATION_CONTEXT(2) 
PARAMETRIC_REPRESENTATION_CONTEXT() REPRESENTATION_CONTEXT('2D SPACE',''
  ) );
#5529 = PCURVE('',#4667,#5530);
#5530 = DEFINITIONAL_REPRESENTATION('',(#5531),#5535);
#5531 = LINE('',#5532,#5533);
#5532 = CARTESIAN_POINT('',(0.,0.));
#5533 = VECTOR('',#5534,1.);
#5534 = DIRECTION('',(0.,1.));
#5535 = ( GEOMETRIC_REPRESENTATION_CONTEXT(2) 
PARAMETRIC_REPRESENTATION_CONTEXT() REPRESENTATION_CONTEXT('2D SPACE',''
  ) );
#5536 = ORIENTED_EDGE('',*,*,#4679,.T.);
#5537 = ORIENTED_EDGE('',*,*,#5096,.F.);
#5538 = ADVANCED_FACE('',(#5539),#4667,.F.);
#5539 = FACE_BOUND('',#5540,.F.);
#5540 = EDGE_LOOP('',(#5541,#5542,#5543,#5544));
#5541 = ORIENTED_EDGE('',*,*,#5516,.F.);
#5542 = ORIENTED_EDGE('',*,*,#4827,.T.);
#5543 = ORIENTED_EDGE('',*,*,#5489,.T.);
#5544 = ORIENTED_EDGE('',*,*,#4651,.F.);
#5545 = ( GEOMETRIC_REPRESENTATION_CONTEXT(3) 
GLOBAL_UNCERTAINTY_ASSIGNED_CONTEXT((#5549)) 
GLOBAL_UNIT_ASSIGNED_CONTEXT((#5546,#5547,#5548)) REPRESENTATION_CONTEXT
('Context #1','3D Context with UNIT and UNCERTAINTY') );
#5546 = ( LENGTH_UNIT() NAMED_UNIT(*) SI_UNIT(.MILLI.,.METRE.) );
#5547 = ( NAMED_UNIT(*) PLANE_ANGLE_UNIT() SI_UNIT($,.RADIAN.) );
#5548 = ( NAMED_UNIT(*) SI_UNIT($,.STERADIAN.) SOLID_ANGLE_UNIT() );
#5549 = UNCERTAINTY_MEASURE_WITH_UNIT(LENGTH_MEASURE(1.E-07),#5546,
  'distance_accuracy_value','confusion accuracy');
#5550 = PRODUCT_RELATED_PRODUCT_CATEGORY('part',$,(#7));
ENDSEC;
END-ISO-10303-21;
